       10730
    0.01596340
    0.04782875      0.07763227      0.00000000      0.00016584
   -0.02768682     -0.10237472      0.00000000      0.00022397
    0.03853138      0.07546069      0.00000000      0.00016824
   -0.02974815     -0.07432974      0.00000000      0.00022550
    0.07880846      0.02423389      0.00000000      0.00021893
    0.08283698      0.01534056      0.00000000      0.00017227
   -0.03667118     -0.08194719      0.00000000      0.00017275
   -0.07354338      0.03966755      0.00000000      0.00021649
    0.05741955     -0.05218845      0.00000000      0.00018696
    0.06278052     -0.06122577      0.00000000      0.00018689
    0.03950452     -0.07330935      0.00000000      0.00021453
    0.05768138      0.05941757      0.00000000      0.00020251
   -0.05441157     -0.06352902      0.00000000      0.00018725
   -0.05558285     -0.07314924      0.00000000      0.00016984
    0.00383067     -0.08322574      0.00000000      0.00019481
    0.05657385      0.07080391      0.00000000      0.00015955
    0.04919602     -0.07729346      0.00000000      0.00018195
   -0.06325648     -0.05484680      0.00000000      0.00018130
   -0.07743921      0.04932984      0.00000000      0.00017649
   -0.07297070     -0.05588404      0.00000000      0.00016604
   -0.02764470      0.08044297      0.00000000      0.00016273
   -0.01753392     -0.09928542      0.00000000      0.00017046
   -0.03539427     -0.09439293      0.00000000      0.00017644
   -0.03538181      0.08572738      0.00000000      0.00015961
    0.08860462      0.06116180      0.00000000      0.00017600
   -0.01602508      0.08327470      0.00000000      0.00016662
   -0.01198950      0.09158141      0.00000000      0.00016494
    0.07801482      0.06444314      0.00000000      0.00018007
    0.06894163      0.05561958      0.00000000      0.00017493
   -0.08395924     -0.01525383      0.00000000      0.00016499
   -0.00258991     -0.09115387      0.00000000      0.00015359
   -0.09075327     -0.02144631      0.00000000      0.00014000
   -0.06107334      0.03755696      0.00000000      0.00018538
    0.03177917      0.08592361      0.00000000      0.00014781
    0.08708741     -0.02887068      0.00000000      0.00015454
    0.02298182      0.08471520      0.00000000      0.00014217
   -0.05245762      0.04570680      0.00000000      0.00017696
   -0.05822124      0.02610507      0.00000000      0.00017609
   -0.01801986     -0.07760525      0.00000000      0.00017656
    0.07846183     -0.03211783      0.00000000      0.00014472
   -0.06576600      0.01768854      0.00000000      0.00016318
   -0.04700471      0.02323677      0.00000000      0.00017218
   -0.04402872      0.01214101      0.00000000      0.00017100
   -0.03292678      0.00925904      0.00000000      0.00017036
   -0.02990232     -0.00178360      0.00000000      0.00017072
   -0.03795828     -0.00994761      0.00000000      0.00017065
   -0.01881000     -0.00467282      0.00000000      0.00017084
    0.04667837      0.01927326      0.00000000      0.00017163
    0.03164420     -0.03827879      0.00000000      0.00016801
    0.03861913      0.01110779      0.00000000      0.00017001
    0.02756098      0.01403873      0.00000000      0.00017099
    0.05777949      0.01637644      0.00000000      0.00017261
    0.04284716     -0.04041598      0.00000000      0.00016655
    0.01950173      0.00587331      0.00000000      0.00017099
   -0.01075219      0.00349395      0.00000000      0.00017085
    0.02358493     -0.04644421      0.00000000      0.00016954
    0.06604409      0.02507848      0.00000000      0.00018505
    0.00034381      0.00060236      0.00000000      0.00017095
    0.00840177      0.00876907      0.00000000      0.00017095
    0.00338473     -0.01045897      0.00000000      0.00017095
   -0.00467376     -0.01862507      0.00000000      0.00017095
    0.00536020      0.01983109      0.00000000      0.00017098
    0.01448455     -0.01335450      0.00000000      0.00017099
    0.01341832      0.02799761      0.00000000      0.00017098
    0.01752646     -0.02441676      0.00000000      0.00017098
    0.01037650      0.03905981      0.00000000      0.00017098
    0.02451914      0.02510101      0.00000000      0.00017099
    0.02862734     -0.02731335      0.00000000      0.00017099
    0.00946719     -0.03258217      0.00000000      0.00017098
   -0.00068966      0.04192645      0.00000000      0.00016976
    0.03668652     -0.01914789      0.00000000      0.00017099
    0.03257839      0.03326643      0.00000000      0.00017099
    0.01250880     -0.04364419      0.00000000      0.00017099
   -0.00373823      0.05277504      0.00000000      0.00016484
    0.04771530     -0.02178179      0.00000000      0.00016692
    0.04367948      0.03036961      0.00000000      0.00017099
    0.00444950     -0.05180957      0.00000000      0.00017099
    0.00410315      0.06049508      0.00000000      0.00015581
    0.05184258      0.03857059      0.00000000      0.00017392
    0.05085908     -0.03208443      0.00000000      0.00015439
    0.05551697     -0.01382128      0.00000000      0.00015349
   -0.00665152     -0.04891278      0.00000000      0.00017098
    0.06310607      0.03617628      0.00000000      0.00017188
    0.01510955      0.05786216      0.00000000      0.00015573
   -0.01450379     -0.05715380      0.00000000      0.00016826
    0.04890809      0.05094685      0.00000000      0.00021123
    0.06679950     -0.01699625      0.00000000      0.00016941
   -0.02552822     -0.05411463      0.00000000      0.00017350
   -0.01113168     -0.06835320      0.00000000      0.00017099
   -0.07663954      0.07654575      0.00000000      0.00015642
    0.07585479      0.07581696      0.00000000      0.00018832
   -0.09772698      0.04557084      0.00000000      0.00017099
    0.00941827      0.10802488      0.00000000      0.00015296
    0.10719088     -0.00915330      0.00000000      0.00017841
   -0.04630285     -0.09805820      0.00000000      0.00015282
    0.00939798     -0.10741946      0.00000000      0.00017099
   -0.10712250     -0.00999251      0.00000000      0.00017826
    0.10415557      0.02790840      0.00000000      0.00017099
   -0.02788154      0.10399539      0.00000000      0.00017581
   -0.07595900     -0.07598750      0.00000000      0.00018253
    0.04557084      0.09772698      0.00000000      0.00017099
    0.09750916     -0.04552821      0.00000000      0.00017741
    0.07695562     -0.07653641      0.00000000      0.00014996
   -0.09820036     -0.04579756      0.00000000      0.00015534
    0.04557084     -0.09772698      0.00000000      0.00017099
    0.01840906     -0.06599439      0.00000000      0.00016466
    0.01833433      0.04727548      0.00000000      0.00016993
    0.02943541      0.04437871      0.00000000      0.00017322
    0.03760201      0.05385815      0.00000000      0.00020503
   -0.00163321     -0.02968601      0.00000000      0.00017096
   -0.00969263     -0.03785124      0.00000000      0.00017096
   -0.01577250     -0.01573052      0.00000000      0.00017092
   -0.02486079      0.01740079      0.00000000      0.00017010
    0.02637770     -0.05768597      0.00000000      0.00017558
    0.00755699     -0.06291801      0.00000000      0.00017283
    0.02254359     -0.00518892      0.00000000      0.00017099
    0.06056377      0.00510931      0.00000000      0.00017582
   -0.00017192     -0.07122063      0.00000000      0.00016919
    0.03364468     -0.00808572      0.00000000      0.00017098
    0.04166098      0.00004557      0.00000000      0.00016936
    0.05250449     -0.00305609      0.00000000      0.00016446
   -0.02876213     -0.04295426      0.00000000      0.00016689
   -0.03491160     -0.02097843      0.00000000      0.00017019
   -0.02381813     -0.02387211      0.00000000      0.00017013
   -0.02077881     -0.03493190      0.00000000      0.00017073
   -0.00873214      0.03372853      0.00000000      0.00017019
   -0.01377852      0.01452493      0.00000000      0.00016996
   -0.00572409      0.02269536      0.00000000      0.00017030
   -0.05350328     -0.02611947      0.00000000      0.00015862
   -0.03970281     -0.03998428      0.00000000      0.00016428
   -0.04281295     -0.02906823      0.00000000      0.00016618
    0.04588598     -0.05147756      0.00000000      0.00019076
    0.03747580     -0.06058213      0.00000000      0.00018302
   -0.02269204      0.04737762      0.00000000      0.00016703
   -0.06247391      0.00664584      0.00000000      0.00015414
   -0.05655083     -0.01516144      0.00000000      0.00015875
   -0.05195316      0.00396661      0.00000000      0.00016816
   -0.04890719     -0.00707938      0.00000000      0.00016649
   -0.04151098      0.04230401      0.00000000      0.00016579
   -0.01979396      0.03648917      0.00000000      0.00016997
   -0.03891017      0.03128587      0.00000000      0.00016774
   -0.03336708      0.05023845      0.00000000      0.00016058
    0.07143185      0.04475455      0.00000000      0.00016920
   -0.03577274      0.06179739      0.00000000      0.00017350
    0.03092828     -0.08061460      0.00000000      0.00014767
    0.01408143     -0.08512453      0.00000000      0.00014884
   -0.02786819      0.02833186      0.00000000      0.00016754
   -0.01467879      0.05546557      0.00000000      0.00016141
   -0.06128405     -0.03466339      0.00000000      0.00017540
   -0.03388440     -0.06203853      0.00000000      0.00018241
    0.00058307      0.07123702      0.00000000      0.00016806
    0.08996372     -0.01789391      0.00000000      0.00015354
    0.03368773      0.06486468      0.00000000      0.00017483
   -0.08091193      0.02966769      0.00000000      0.00018025
   -0.06954066     -0.00131165      0.00000000      0.00014082
   -0.00004452     -0.10261579      0.00000000      0.00014461
   -0.00944250     -0.10804172      0.00000000      0.00015239
    0.05904194     -0.07118455      0.00000000      0.00016446
   -0.02785431      0.06897651      0.00000000      0.00014815
    0.06098847     -0.03376500      0.00000000      0.00012644
    0.07023469      0.00075413      0.00000000      0.00014984
   -0.06666354     -0.01207295      0.00000000      0.00014759
   -0.04680036     -0.04713575      0.00000000      0.00013114
    0.08607700      0.03356366      0.00000000      0.00014351
    0.02093092     -0.07619580      0.00000000      0.00013251
    0.00763577      0.07799171      0.00000000      0.00013681
   -0.07123478     -0.03120671      0.00000000      0.00016022
   -0.07598665      0.01914056      0.00000000      0.00014614
   -0.07143344      0.05876591      0.00000000      0.00014881
    0.02229634      0.06597191      0.00000000      0.00015278
    0.08973799      0.05057021      0.00000000      0.00013182
    0.08418167     -0.01103138      0.00000000      0.00012987
   -0.05769127     -0.04476361      0.00000000      0.00014490
    0.07802812      0.00538664      0.00000000      0.00013325
   -0.05385191      0.05601178      0.00000000      0.00013988
    0.06451011     -0.04280743      0.00000000      0.00012482
   -0.09039507      0.01013075      0.00000000      0.00011084
   -0.04421586     -0.05802963      0.00000000      0.00014786
   -0.01743539      0.06550552      0.00000000      0.00014129
    0.08163840      0.04298652      0.00000000      0.00013519
   -0.04639754      0.09886270      0.00000000      0.00012989
   -0.03568368      0.09681811      0.00000000      0.00014641
   -0.04746556     -0.08013827      0.00000000      0.00012762
   -0.07951056     -0.03729315      0.00000000      0.00015195
   -0.08911230      0.05186840      0.00000000      0.00014702
   -0.05219189     -0.08978466      0.00000000      0.00011385
    0.09659795     -0.03503166      0.00000000      0.00014676
    0.03514433      0.09681479      0.00000000      0.00014099
    0.00019155      0.10386990      0.00000000      0.00012388
   -0.10136705     -0.01913293      0.00000000      0.00014013
   -0.08911230      0.06272026      0.00000000      0.00013696
   -0.06231173     -0.08945344      0.00000000      0.00013561
    0.06567408      0.07837975      0.00000000      0.00014880
    0.10512877     -0.02809885      0.00000000      0.00014150
   -0.08992078     -0.05165261      0.00000000      0.00012600
    0.05191440     -0.08907080      0.00000000      0.00014882
    0.06235491      0.08900738      0.00000000      0.00014577
    0.06276626     -0.08907080      0.00000000      0.00013719
   -0.08944740     -0.06227774      0.00000000      0.00013634
   -0.10841630      0.00957131      0.00000000      0.00014094
   -0.10537556     -0.02873582      0.00000000      0.00012948
   -0.00922672      0.10869040      0.00000000      0.00013369
    0.05150305      0.08900738      0.00000000      0.00014334
    0.02816889      0.10512779      0.00000000      0.00014099
   -0.07896181     -0.06572962      0.00000000      0.00015278
    0.06718626     -0.07916262      0.00000000      0.00013049
   -0.10269341     -0.00042120      0.00000000      0.00016074
   -0.09753594     -0.03593798      0.00000000      0.00011883
    0.10118864     -0.01765675      0.00000000      0.00014719
   -0.01751286      0.10155478      0.00000000      0.00014873
    0.01799176      0.10202166      0.00000000      0.00013511
   -0.07930726      0.06673040      0.00000000      0.00012584
   -0.06573511     -0.07899635      0.00000000      0.00015089
   -0.08013039     -0.04723296      0.00000000      0.00013938
   -0.06197873      0.08898993      0.00000000      0.00015262
   -0.06237373      0.06124003      0.00000000      0.00013897
   -0.06608266      0.07909110      0.00000000      0.00014848
   -0.08158587      0.01020501      0.00000000      0.00011763
    0.00652108      0.08795280      0.00000000      0.00012777
   -0.04564847      0.08183428      0.00000000      0.00013028
    0.09886034      0.04583111      0.00000000      0.00013709
   -0.01001492      0.07355693      0.00000000      0.00014505
    0.10221100      0.01787936      0.00000000      0.00013277
    0.10353193      0.00041305      0.00000000      0.00013192
    0.08028405     -0.06692149      0.00000000      0.00011756
    0.08955520     -0.05202621      0.00000000      0.00013579
   -0.09800777      0.03539650      0.00000000      0.00013040
    0.03542832     -0.09785128      0.00000000      0.00012986
    0.01825547     -0.10245273      0.00000000      0.00013020
   -0.00088372      0.09331923      0.00000000      0.00013799
    0.09697594      0.03514412      0.00000000      0.00013284
    0.06912722     -0.02663732      0.00000000      0.00013142
    0.09362620      0.01380370      0.00000000      0.00012397
    0.09436983      0.00293602      0.00000000      0.00011842
   -0.01348068     -0.08840081      0.00000000      0.00014813
   -0.04928163      0.07335733      0.00000000      0.00013165
    0.07972515     -0.05011957      0.00000000      0.00013776
    0.07425327     -0.05958892      0.00000000      0.00012060
    0.10918644      0.00956636      0.00000000      0.00011808
    0.08977302     -0.06292070      0.00000000      0.00011740
   -0.09478780      0.01825992      0.00000000      0.00011868
   -0.05195357      0.09012566      0.00000000      0.00011753
   -0.04531093      0.06416793      0.00000000      0.00014004
    0.07345794     -0.01058624      0.00000000      0.00012085
   -0.09090388      0.02886131      0.00000000      0.00014138
    0.02845288     -0.10616428      0.00000000      0.00010895
   -0.10632077      0.02842106      0.00000000      0.00010469
    0.08682179     -0.00167262      0.00000000      0.00011482
   -0.07356672     -0.01957429      0.00000000      0.00014033
    0.07534297     -0.04237540      0.00000000      0.00013506
    0.03013693     -0.09057984      0.00000000      0.00011790
    0.01936221     -0.09346691      0.00000000      0.00011993
   -0.07843196      0.00079550      0.00000000      0.00011104
   -0.10360606      0.01839698      0.00000000      0.00011345
    0.01834265      0.07535952      0.00000000      0.00012661
   -0.05969066      0.07174987      0.00000000      0.00011580
   -0.08594736     -0.00564533      0.00000000      0.00010920
   -0.08863653     -0.03185322      0.00000000      0.00011673
    0.01616985      0.09250025      0.00000000      0.00011639
   -0.09349045      0.00027529      0.00000000      0.00010698
    0.08803138     -0.07202886      0.36369169      0.00020879
    0.04497728     -0.10070007      0.13630776      0.00021104
    0.08429901     -0.07643600      0.37250858      0.00018747
    0.10725310     -0.03683753      0.02347852      0.00018677
    0.03079874     -0.10697879      0.08782399      0.00021511
    0.10425341     -0.04475410      0.02905676      0.00015229
    0.06620401     -0.09218256      0.04715948      0.00020109
    0.03881802     -0.10660668      0.37079739      0.00018552
    0.04943781     -0.10135103      0.05698305      0.00019256
    0.04310830     -0.10365021      0.06676057      0.00021772
    0.00623840     -0.11290283      0.06870596      0.00018717
    0.03894368     -0.10292995      0.14619905      0.00020590
    0.02415294     -0.10903764      0.07815941      0.00020272
    0.03587642     -0.10753366      0.02373126      0.00016437
    0.10691526     -0.03780833      0.37071156      0.00019355
    0.04152598     -0.10550595      0.03083253      0.00013380
    0.11029999     -0.02336912      0.35565498      0.00020122
    0.04680648     -0.10340124      0.36516877      0.00015743
    0.04014700     -0.10288118      0.12594348      0.00020282
    0.10861332     -0.02952346      0.34579914      0.00021957
    0.10976366     -0.02745697      0.36671143      0.00018004
    0.00593689     -0.11249763      0.20675910      0.00018097
    0.02961328     -0.10588183      0.18665761      0.00018658
    0.02365712     -0.10829555      0.27557974      0.00018528
    0.03064218     -0.10832995      0.34557082      0.00021462
    0.02413127     -0.10960777      0.33468103      0.00017815
    0.02986534     -0.10788746      0.32465170      0.00018054
    0.02370089     -0.10914438      0.31488078      0.00018466
    0.00600537     -0.11249508      0.22646605      0.00018295
    0.00597583     -0.11328560      0.36460608      0.00017784
    0.01194226     -0.11099272      0.21652516      0.00018217
    0.10981834     -0.02316833      0.33496603      0.00018057
    0.02873697     -0.10945817      0.36683821      0.00018073
    0.01196884     -0.11207250      0.05843822      0.00018473
    0.06175461     -0.09529395      0.03830018      0.00015803
    0.07528302     -0.08519609      0.04731322      0.00018169
    0.04576153     -0.10150221      0.29489914      0.00018394
    0.01181570     -0.11179175      0.07855596      0.00018388
    0.04564020     -0.10014965      0.15657562      0.00018730
    0.00595715     -0.11250882      0.16731940      0.00018147
    0.07094993     -0.08903068      0.36310031      0.00017226
    0.04046027     -0.10213146      0.16662643      0.00018011
    0.02898053     -0.10637438      0.24615963      0.00017402
    0.10815993     -0.02894629      0.32507291      0.00017658
    0.01192019     -0.11104880      0.23623330      0.00018144
    0.02358224     -0.10786844      0.23621198      0.00017593
    0.02469625     -0.11002397      0.35573230      0.00020207
    0.05635697     -0.09492504      0.23629839      0.00017304
    0.02368804     -0.10772187      0.17686707      0.00018531
    0.10353524     -0.04639797      0.36530911      0.00016404
    0.10885064     -0.02303308      0.29533695      0.00018106
    0.01216043     -0.11236345      0.35474474      0.00018605
    0.02901381     -0.10752888      0.30480656      0.00018192
    0.03103740     -0.10762683      0.06691703      0.00021606
    0.04046240     -0.10388665      0.30468700      0.00017880
    0.02661011     -0.10789725      0.09719239      0.00015992
    0.10132426     -0.04484187      0.27553577      0.00017503
    0.02919675     -0.10658713      0.26581730      0.00017509
    0.10994260     -0.02679463      0.02741296      0.00017301
    0.10761532     -0.02876329      0.30519473      0.00017676
    0.10357897     -0.03968489      0.28532958      0.00017287
    0.02913955     -0.10699151      0.28518127      0.00017225
    0.10219224     -0.04580351      0.31513975      0.00018433
    0.01148274     -0.11116394      0.15746940      0.00017142
    0.01181720     -0.11101074      0.19685333      0.00017915
    0.01183746     -0.11102192      0.17711362      0.00018237
    0.07538185     -0.08534253      0.37208115      0.00017348
    0.10718409     -0.02851809      0.28534858      0.00017708
    0.02369959     -0.10767952      0.19666326      0.00018372
    0.10459245     -0.04041559      0.32505252      0.00018341
    0.09624584     -0.06069125      0.03090056      0.00014196
    0.04042232     -0.10280091      0.26580126      0.00016849
    0.10830722     -0.02269645      0.25599345      0.00017299
    0.04590872     -0.10004054      0.23632509      0.00017663
    0.06133814     -0.09222430      0.24625385      0.00017457
    0.04556146     -0.10052898      0.25609046      0.00017852
    0.04049333     -0.10325516      0.28512660      0.00017289
    0.02921196     -0.10611987      0.16675092      0.00017731
    0.06265540     -0.09501891      0.36301682      0.00014878
    0.10402645     -0.04010877      0.30517098      0.00017837
    0.02317388     -0.10818164      0.25600297      0.00017115
    0.10934859     -0.02298873      0.31518389      0.00017246
    0.10661164     -0.02821914      0.24618613      0.00017044
    0.04014254     -0.10250795      0.24626317      0.00017749
    0.04645131     -0.10304552      0.04700885      0.00014252
    0.10817893     -0.02253782      0.23640380      0.00017060
    0.09963972     -0.05464935      0.02351858      0.00015140
    0.02443060     -0.10955061      0.05704584      0.00020477
    0.10648267     -0.02780049      0.20699740      0.00017196
    0.11258775     -0.00565894      0.22655067      0.00017235
    0.10687406     -0.02826283      0.26569500      0.00016992
    0.09478307     -0.06301919      0.36379273      0.00015759
    0.10816302     -0.02213728      0.19706908      0.00017070
    0.10655068     -0.02758689      0.18722941      0.00017079
    0.10811676     -0.02240068      0.21679700      0.00017119
    0.10458610     -0.03861154      0.08862389      0.00016855
    0.05650607     -0.09483553      0.15667554      0.00018154
    0.10319660     -0.03933636      0.26569219      0.00017107
    0.06175129     -0.09160980      0.16679396      0.00017479
    0.11120471     -0.01133243      0.23640105      0.00017245
    0.10649285     -0.02804225      0.22663175      0.00016852
    0.11118588     -0.01122276      0.21671868      0.00017049
    0.02295916     -0.10888079      0.29507337      0.00016873
    0.02288698     -0.10807505      0.15714747      0.00017153
    0.10822199     -0.02204632      0.17732835      0.00016945
    0.10665221     -0.02753387      0.16749308      0.00016942
    0.09096221     -0.06855180      0.03066452      0.00014177
    0.05626123     -0.09880310      0.01233744      0.00019341
    0.05711637     -0.09834596      0.38172562      0.00019047
    0.10295473     -0.04402765      0.07879449      0.00016773
    0.09838556     -0.05700579      0.38207307      0.00019101
    0.09887296     -0.05615968      0.01255959      0.00019881
    0.05681446     -0.09441344      0.17665198      0.00017302
    0.10165664     -0.04554536      0.29529419      0.00017095
    0.10233190     -0.04390143      0.09846288      0.00016808
    0.06179526     -0.09141374      0.18659140      0.00016846
    0.11001920     -0.02238363      0.05910676      0.00017033
    0.10860685     -0.02260154      0.27555759      0.00016998
    0.09604164     -0.05506568      0.25601999      0.00016805
    0.09314360     -0.05984892      0.24616123      0.00016907
    0.02911378     -0.10672685      0.12333525      0.00017282
    0.09336217     -0.06031868      0.26581962      0.00017010
    0.02883602     -0.10888817      0.04588100      0.00019030
    0.10682174     -0.02754892      0.14777469      0.00016877
    0.10832156     -0.02204604      0.15761474      0.00016870
    0.10281524     -0.03840918      0.18722646      0.00016901
    0.10890371     -0.02852386      0.04831002      0.00020357
    0.10708568     -0.02758316      0.12805199      0.00016898
    0.10296224     -0.03833757      0.16748522      0.00016897
    0.10848891     -0.02207464      0.13790539      0.00016887
    0.02743877     -0.10686694      0.14664641      0.00018100
    0.09584183     -0.05467494      0.23636127      0.00016832
    0.07120683     -0.08484570      0.16692667      0.00017241
    0.04666248     -0.10185229      0.31461437      0.00017279
    0.10791712     -0.02772542      0.08864122      0.00016879
    0.05676449     -0.09436376      0.19643026      0.00016882
    0.10079658     -0.04367232      0.17731755      0.00016882
    0.09301152     -0.05948485      0.22644706      0.00016834
    0.09661591     -0.05398083      0.13781589      0.00016844
    0.07103141     -0.08478485      0.18668527      0.00016953
    0.07572461     -0.08112343      0.15713243      0.00017381
    0.10066644     -0.04381651      0.19705556      0.00016927
    0.10909037     -0.02217433      0.09849520      0.00016850
    0.04755613     -0.10326214      0.00664945      0.00019823
    0.04805365     -0.10305139      0.38826526      0.00017099
    0.06161347     -0.09151827      0.20632128      0.00016914
    0.04340306     -0.10283959      0.08751183      0.00017691
    0.04137834     -0.10423760      0.32450485      0.00017918
    0.08676546     -0.06927100      0.24605856      0.00016896
    0.09400179     -0.06143918      0.30521785      0.00017261
    0.09580200     -0.05411394      0.19694640      0.00016857
    0.10328752     -0.04751862      0.00591117      0.00017624
    0.10311724     -0.04790620      0.38818528      0.00017337
    0.07742266     -0.08151336      0.09806332      0.00016979
    0.09886278     -0.05463710      0.05926479      0.00016297
    0.07345781     -0.08541591      0.08812501      0.00016939
    0.09709888     -0.05665782      0.31513864      0.00017421
    0.10355923     -0.03839768      0.12803672      0.00016825
    0.08034969     -0.08055689      0.38948802      0.00013464
    0.08030813     -0.08060732      0.00559254      0.00016683
    0.09596106     -0.05397257      0.17723124      0.00016843
    0.08667266     -0.06888253      0.22631991      0.00016829
    0.09311527     -0.05900686      0.18703099      0.00016867
    0.09368614     -0.05894217      0.14762808      0.00016820
    0.07164991     -0.08489582      0.14720207      0.00017054
    0.09588354     -0.05949389      0.06884344      0.00016881
    0.08845453     -0.06866702      0.10812771      0.00016838
    0.04710256     -0.10233288      0.33421491      0.00017640
    0.08964543     -0.06897890      0.06865667      0.00016816
    0.08324520     -0.07393205      0.25587956      0.00016929
    0.07527269     -0.08111703      0.19659492      0.00016938
    0.07088552     -0.08490042      0.20639207      0.00016844
    0.11285034     -0.00575486      0.30534030      0.00017342
    0.04882816     -0.10092182      0.07769080      0.00019117
    0.10179126     -0.04376591      0.11815831      0.00016812
    0.10134920     -0.04367819      0.13788276      0.00016810
    0.00602491     -0.11293835      0.32499777      0.00018078
    0.08523199     -0.07323130      0.09821252      0.00016858
    0.11136374     -0.01105358      0.13789543      0.00016802
    0.08694388     -0.06976297      0.26578185      0.00016868
    0.05715061     -0.09681464      0.31463410      0.00017210
    0.01162133     -0.11155794      0.29534982      0.00017537
    0.01171942     -0.11133634      0.27569816      0.00017634
    0.10252687     -0.04666481      0.33485866      0.00017970
    0.06180720     -0.09306459      0.28529814      0.00017108
    0.08743777     -0.06839769      0.14751227      0.00016800
    0.09413600     -0.05903416      0.12791756      0.00016811
    0.08414115     -0.07290604      0.13760250      0.00016794
    0.08370689     -0.07283031      0.15729679      0.00016804
    0.11270862     -0.00552799      0.12804543      0.00016775
    0.05705463     -0.09492806      0.13688667      0.00018188
    0.08706364     -0.06837385      0.16721200      0.00016800
    0.07633557     -0.08111106      0.13745666      0.00016802
    0.08338069     -0.07284172      0.17699954      0.00016803
    0.08790960     -0.06850386      0.12781999      0.00016810
    0.06279945     -0.09180668      0.12728357      0.00018034
    0.04756136     -0.10022659      0.11655590      0.00017507
    0.06188691     -0.09184382      0.14687789      0.00018456
    0.08680892     -0.06844157      0.18691383      0.00016793
    0.09333767     -0.05893941      0.16732655      0.00016807
    0.09434720     -0.06200789      0.32498765      0.00017353
    0.08317566     -0.07295248      0.19670251      0.00016800
    0.08667666     -0.06861319      0.20661426      0.00016801
    0.00585540     -0.11262689      0.26592202      0.00017772
    0.09299665     -0.05920936      0.20674099      0.00016806
    0.07550614     -0.08102045      0.17687856      0.00016914
    0.08309536     -0.07316764      0.21640210      0.00016802
    0.09575420     -0.05436614      0.21665599      0.00016806
    0.07520718     -0.08129032      0.21628750      0.00016807
    0.07080048     -0.08516988      0.22620878      0.00017260
    0.10061465     -0.04411162      0.21679267      0.00016805
    0.10272154     -0.03865742      0.20698683      0.00016932
    0.06146240     -0.09179287      0.22625465      0.00017349
    0.04081094     -0.10200534      0.22624980      0.00017578
    0.07078391     -0.08558162      0.24613625      0.00017221
    0.02964647     -0.10596682      0.22624024      0.00018450
    0.07514083     -0.08165936      0.23613493      0.00017111
    0.10275188     -0.03889625      0.22663799      0.00016717
    0.07231737     -0.08493768      0.12752938      0.00016809
    0.11128011     -0.01104377      0.15760002      0.00016805
    0.04110640     -0.10176331      0.20626536      0.00016979
    0.05813645     -0.09492410      0.11731708      0.00017492
    0.04639384     -0.09962813      0.21623104      0.00017020
    0.11265513     -0.00552559      0.14775000      0.00016805
    0.11149326     -0.01107631      0.11819198      0.00016777
    0.10874516     -0.02211042      0.11818858      0.00016829
    0.11278464     -0.00554832      0.10834655      0.00016784
    0.11261123     -0.00551472      0.18715000      0.00016805
    0.11275325     -0.00567897      0.28559558      0.00017181
    0.00591482     -0.11255372      0.24616725      0.00017993
    0.00575731     -0.11284850      0.30527368      0.00017350
    0.11261696     -0.00567349      0.24625038      0.00017256
    0.00552559     -0.11265513      0.14775000      0.00016805
    0.00557730     -0.11288891      0.08865000      0.00016805
    0.00588031     -0.11251310      0.18709422      0.00017923
    0.05659705     -0.09453116      0.21626258      0.00017364
    0.04106625     -0.10176935      0.18649940      0.00017658
    0.11120935     -0.01107854      0.19701801      0.00016926
    0.11259812     -0.00556382      0.20686801      0.00016955
    0.11262498     -0.00551818      0.16745002      0.00016805
    0.01177022     -0.11118061      0.25598927      0.00018030
    0.11123621     -0.01103290      0.17730002      0.00016805
    0.04646063     -0.09951183      0.19640587      0.00017364
    0.08312483     -0.07349470      0.23613145      0.00016912
    0.00586402     -0.11270944      0.28557614      0.00017743
    0.04638931     -0.09962098      0.17658437      0.00017434
    0.09622928     -0.05394036      0.15752715      0.00016807
    0.09710132     -0.05409976      0.11810602      0.00016811
    0.10072174     -0.04434086      0.23641551      0.00017017
    0.11317634     -0.00563122      0.34474648      0.00016817
    0.11142306     -0.01136167      0.27570566      0.00017176
    0.08344794     -0.07444459      0.27557766      0.00016799
    0.07099184     -0.08598426      0.26583013      0.00016637
    0.07524766     -0.08207800      0.25595376      0.00017045
    0.11128676     -0.01135619      0.25606046      0.00017146
    0.09635900     -0.05971135      0.04955536      0.00016113
    0.06242102     -0.09409601      0.32451701      0.00016839
    0.11266981     -0.00568270      0.26591008      0.00017246
    0.01178222     -0.11178685      0.31507145      0.00017789
    0.08465535     -0.07305480      0.11791430      0.00016813
    0.11160359     -0.01143383      0.29543588      0.00017381
    0.07549344     -0.08251993      0.27555174      0.00016766
    0.07124200     -0.08646004      0.28532936      0.00016645
    0.10488933     -0.04155064      0.34571217      0.00021032
    0.08642718     -0.07346922      0.05869764      0.00016700
    0.04210047     -0.10470492      0.34525156      0.00020438
    0.10101834     -0.04363877      0.15759952      0.00016841
    0.10402060     -0.03849680      0.10832680      0.00016812
    0.11183066     -0.01157955      0.31523053      0.00017542
    0.10320849     -0.03833795      0.14776732      0.00016805
    0.10744805     -0.02765582      0.10834180      0.00016826
    0.01220951     -0.11201619      0.33483643      0.00018397
    0.06364423     -0.09194936      0.10762710      0.00017081
    0.07805422     -0.08168393      0.07831070      0.00017062
    0.08396111     -0.07554364      0.31492676      0.00016863
    0.05905054     -0.09510232      0.09766541      0.00016947
    0.08747170     -0.07089130      0.30513807      0.00016852
    0.11298032     -0.00582469      0.32509024      0.00017474
    0.11302295     -0.00560234      0.06895000      0.00016805
    0.00618460     -0.11307785      0.34473866      0.00018478
    0.00573044     -0.11316967      0.04883226      0.00017110
    0.09467411     -0.05918168      0.10822186      0.00016812
    0.07285855     -0.08517787      0.10783374      0.00016878
    0.07420602     -0.08550843      0.06811092      0.00017458
    0.07686870     -0.08128360      0.11776953      0.00016799
    0.09737499     -0.05740280      0.33479490      0.00016772
    0.05765711     -0.09722894      0.33420735      0.00016435
    0.08773952     -0.07144159      0.32485555      0.00016893
    0.05966369     -0.09545310      0.07788644      0.00017382
    0.07570659     -0.08306164      0.29513657      0.00016848
    0.07146078     -0.08701297      0.30491294      0.00016832
    0.09016152     -0.06905846      0.04917497      0.00016013
    0.11252469     -0.01118930      0.35463162      0.00016779
    0.07877901     -0.08169150      0.05829149      0.00016644
    0.04898912     -0.10023982      0.09743915      0.00016536
    0.06430001     -0.09223338      0.08793374      0.00016942
    0.08718964     -0.07031941      0.28545722      0.00016807
    0.11335973     -0.00547895      0.02954562      0.00016300
    0.11334835     -0.00555808      0.36448515      0.00016537
    0.06046728     -0.09562966      0.05790477      0.00017309
    0.07168826     -0.08753521      0.32460385      0.00016888
    0.11215666     -0.01145591      0.33493671      0.00017037
    0.06497329     -0.09246012      0.06787793      0.00018267
    0.06250134     -0.09464988      0.34389694      0.00015985
    0.06193530     -0.09366678      0.30483031      0.00017559
    0.09450858     -0.06272293      0.34442951      0.00016388
    0.07594333     -0.08360003      0.31480357      0.00016873
    0.08369973     -0.07499635      0.29523850      0.00016778
    0.05674631     -0.09632000      0.29502271      0.00017266
    0.08584546     -0.07337669      0.07845031      0.00016980
    0.10952857     -0.02225436      0.07879256      0.00016799
    0.11045224     -0.02280464      0.03843741      0.00018836
    0.04300772     -0.10238935      0.10663966      0.00015933
    0.11167887     -0.01110093      0.09849655      0.00016750
    0.08905838     -0.06882661      0.08841382      0.00016876
    0.10566191     -0.03955388      0.04853154      0.00018758
    0.11191718     -0.01115495      0.07880000      0.00016770
    0.08406792     -0.07615034      0.33439402      0.00016427
    0.06512780     -0.09326794      0.00568800      0.00016964
    0.06548541     -0.09302154      0.38746036      0.00019501
    0.09299530     -0.06552229      0.38788779      0.00018228
    0.09331242     -0.06506375      0.00664842      0.00019825
    0.08780920     -0.07203677      0.34416072      0.00016814
    0.07603444     -0.08418757      0.33426550      0.00016022
    0.10844554     -0.02789992      0.06896079      0.00016785
    0.07161143     -0.08816930      0.34386826      0.00016169
    0.11289423     -0.00555261      0.08865000      0.00016730
    0.11220800     -0.01118546      0.05908853      0.00016771
    0.10353458     -0.04430082      0.05934753      0.00016356
    0.11254478     -0.01106207      0.03938415      0.00016473
    0.09636175     -0.05547753      0.27563932      0.00017123
    0.10520273     -0.03878708      0.06898004      0.00016726
    0.07252041     -0.08780008      0.02311809      0.00018311
    0.11318505     -0.00558312      0.04923853      0.00016673
    0.02979833     -0.10581851      0.20636454      0.00018489
    0.07329948     -0.08713384      0.38294838      0.00015487
    0.07290031     -0.08743067      0.01128054      0.00016669
    0.08690040     -0.07354355      0.38337581      0.00015589
    0.08717596     -0.07313545      0.01224096      0.00019469
    0.09767535     -0.05425247      0.09841023      0.00016832
    0.10091355     -0.04471901      0.25599611      0.00016829
    0.09830735     -0.05439818      0.07874062      0.00016734
    0.03822936     -0.10700158      0.01215681      0.00017190
    0.09672535     -0.05602146      0.29534217      0.00017442
    0.02392131     -0.10764481      0.21632066      0.00018594
    0.09528217     -0.05933311      0.08851737      0.00016847
    0.05630880     -0.09536083      0.25610784      0.00017145
    0.01083999     -0.11283113      0.37286436      0.00011460
    0.06149876     -0.09262441      0.26586660      0.00017214
    0.10289543     -0.03916818      0.24619160      0.00016799
    0.02926863     -0.10977942      0.00550736      0.00016417
    0.10977102     -0.02931447      0.38863626      0.00015989
    0.10980642     -0.02916851      0.00538075      0.00016039
    0.09368516     -0.06079664      0.28548110      0.00017371
    0.05633014     -0.09874359      0.37077490      0.00015350
    0.01080584     -0.11259083      0.03891304      0.00015326
    0.04623646     -0.10077298      0.27550903      0.00016343
    0.02982071     -0.10964306      0.38867790      0.00015865
    0.02144966     -0.11083123      0.03735416      0.00015371
    0.05656556     -0.09576463      0.27555700      0.00017245
    0.06478972     -0.09359651      0.02789558      0.00014794
    0.04839248     -0.10241994      0.35415624      0.00015721
    0.01146278     -0.11296823      0.38912494      0.00014531
    0.00486415     -0.11354553      0.38255828      0.00014436
    0.10248765     -0.04814693      0.35461667      0.00016709
    0.02675345     -0.10759049      0.11338877      0.00011105
    0.10352643     -0.04584538      0.03977230      0.00015221
    0.03323303     -0.10590758      0.10608076      0.00012495
    0.10705396     -0.03809174      0.01129192      0.00016056
    0.10684828     -0.03862528      0.38282154      0.00016509
    0.11362433     -0.00430572      0.01092058      0.00012772
    0.04992399     -0.10213368      0.02962811      0.00010823
    0.09873659     -0.05631451      0.37130688      0.00015507
    0.11361838     -0.00435526      0.38308410      0.00012919
    0.01089982     -0.11147500      0.12334006      0.00013631
    0.08645836     -0.07405975      0.02296391      0.00015206
    0.00449521     -0.11294811      0.12959484      0.00013642
    0.08380771     -0.07690474      0.35302795      0.00016018
    0.00918489     -0.11211512      0.09831140      0.00013372
    0.02539245     -0.11030997      0.02686260      0.00014716
    0.00507540     -0.11342116      0.02948078      0.00015095
    0.01122749     -0.11300220      0.00465586      0.00013878
    0.00462886     -0.11357950      0.01122252      0.00013735
    0.11304107     -0.01095389      0.38965077      0.00012964
    0.11304702     -0.01090435      0.00435391      0.00012978
    0.03842838     -0.10633920      0.04249070      0.00014090
    0.05630306     -0.09876227      0.02270748      0.00013448
    0.03927897     -0.10665447      0.38294316      0.00015369
    0.01733351     -0.11027948      0.10071659      0.00012768
    0.05823880     -0.09746884      0.35280919      0.00013461
    0.02140876     -0.10877571      0.12912506      0.00013516
    0.02052974     -0.10890395      0.13866318      0.00013629
    0.02168810     -0.11148027      0.38380284      0.00012336
    0.09725878     -0.05858123      0.35339778      0.00013908
    0.08741421     -0.07287423      0.04026243      0.00012850
    0.11298406     -0.00978467      0.02076619      0.00011873
    0.08018388     -0.08078958      0.03880683      0.00014454
    0.11296672     -0.00991334      0.37326925      0.00011978
    0.07564342     -0.08500004      0.35286400      0.00014687
    0.09889533     -0.05566657      0.04087886      0.00013005
    0.07921063     -0.08190103      0.02815304      0.00015028
    0.11165947     -0.01935778      0.01958027      0.00012672
    0.01001220     -0.11175310      0.11503995      0.00010787
    0.11160673     -0.01963242      0.37447218      0.00012848
    0.11168108     -0.02067296      0.38428703      0.00011706
    0.11172243     -0.02047746      0.00973466      0.00011557
    0.01937749     -0.11164907      0.01994400      0.00011652
    0.01002080     -0.11160323      0.13944484      0.00011270
    0.00360759     -0.11322621      0.10816140      0.00010903
    0.02090073     -0.11165060      0.01016322      0.00011510
    0.02106530     -0.11134318      0.37410892      0.00011611
    0.00970426     -0.11300066      0.02100331      0.00011117
    0.05303138     -0.10043555      0.03907126      0.00010213
    0.01816082     -0.10991746      0.11087847      0.00008836
    0.07215419      0.08793918      0.36335884      0.00020627
    0.10725304      0.03683773      0.02347843      0.00018677
    0.03135853      0.10686769      0.08775636      0.00019793
    0.07653236      0.08423096      0.37232166      0.00018469
    0.00624909      0.11262254      0.10814205      0.00018909
    0.10425328      0.04475442      0.02905662      0.00015229
    0.06619532      0.09218934      0.04715348      0.00020077
    0.10707863      0.03738029      0.37052311      0.00018477
    0.04943259      0.10136465      0.05693481      0.00018945
    0.01261319      0.11112438      0.11775200      0.00019037
    0.03889233      0.10658493      0.37083799      0.00018423
    0.04340046      0.10356854      0.06667868      0.00020837
    0.00634626      0.11288154      0.06868544      0.00019042
    0.00636410      0.11250184      0.12780994      0.00019320
    0.10382729      0.04575605      0.36509586      0.00015956
    0.02517067      0.10878985      0.07799261      0.00019890
    0.01235712      0.11103665      0.13752837      0.00019055
    0.03048883      0.10587783      0.14697738      0.00019457
    0.03588476      0.10753146      0.02372960      0.00016428
    0.00604217      0.11248616      0.16728832      0.00018406
    0.04154499      0.10549938      0.03082705      0.00013376
    0.02946380      0.10619962      0.24592777      0.00018569
    0.02475743      0.10770646      0.13717475      0.00019470
    0.03078653      0.10829357      0.34565172      0.00021444
    0.02402292      0.10962837      0.33477175      0.00018142
    0.01218890      0.11092713      0.17695917      0.00018532
    0.00614673      0.11244097      0.18697085      0.00018739
    0.00632190      0.11240986      0.22649107      0.00019263
    0.00600847      0.11328077      0.36462385      0.00017882
    0.02995378      0.10577159      0.20620256      0.00018534
    0.00607891      0.11265883      0.28559406      0.00018395
    0.04696889      0.10332847      0.36526341      0.00015825
    0.01222617      0.11121192      0.27567061      0.00018576
    0.00614726      0.11255309      0.26587656      0.00018662
    0.01207669      0.11205121      0.05841775      0.00018603
    0.02884391      0.10943160      0.36689658      0.00018071
    0.06175342      0.09529482      0.03829957      0.00015800
    0.07527416      0.08520324      0.04730691      0.00018176
    0.01218385      0.11091138      0.19669508      0.00018714
    0.01253638      0.11163906      0.07842280      0.00019278
    0.04627418      0.10197828      0.31478030      0.00018444
    0.01243921      0.11138007      0.09817942      0.00018519
    0.02497333      0.10833945      0.09782861      0.00019078
    0.02416928      0.10754365      0.19639252      0.00018370
    0.10976630      0.02346143      0.33514273      0.00017897
    0.02387072      0.10778215      0.23616938      0.00017608
    0.02483289      0.10999407      0.35580159      0.00020238
    0.10806471      0.02932110      0.32527931      0.00017629
    0.08911441      0.07083403      0.36318196      0.00017240
    0.01224399      0.11234998      0.35478624      0.00018720
    0.10922310      0.02350659      0.31537036      0.00017518
    0.10278183      0.04752776      0.35446996      0.00015825
    0.02931787      0.10803839      0.32479691      0.00018003
    0.02399086      0.10857300      0.29528140      0.00019363
    0.02944241      0.10739339      0.30507489      0.00018820
    0.03149069      0.10749539      0.06684974      0.00021868
    0.10750413      0.02920737      0.30548919      0.00017521
    0.01179755      0.11151686      0.29542617      0.00017912
    0.10503540      0.04123538      0.34574971      0.00019853
    0.01211981      0.11099435      0.23630918      0.00018515
    0.01235902      0.11088027      0.21651530      0.00019037
    0.10860648      0.02962788      0.34591616      0.00021067
    0.01203519      0.11102097      0.15730674      0.00018239
    0.10994256      0.02679477      0.02741289      0.00017301
    0.11265403      0.00609797      0.28557705      0.00018453
    0.02413069      0.10769417      0.15701932      0.00018681
    0.10680357      0.02851754      0.26605975      0.00017421
    0.04105210      0.10368577      0.30494659      0.00017407
    0.04090796      0.10440814      0.32465047      0.00017932
    0.02429024      0.10754918      0.21629620      0.00017982
    0.01194517      0.11113758      0.25599466      0.00018043
    0.08538276      0.07532441      0.37208433      0.00017571
    0.02386015      0.10796491      0.25584413      0.00018199
    0.09624551      0.06069178      0.03090034      0.00014196
    0.10870914      0.02365517      0.29550106      0.00017478
    0.11146806      0.01202389      0.29546457      0.00018462
    0.10841161      0.02334750      0.27579371      0.00016968
    0.10832836      0.02264586      0.25618906      0.00017122
    0.10664870      0.02810946      0.24635717      0.00017164
    0.06315585      0.09468439      0.36334906      0.00015818
    0.11131409      0.01182229      0.27574521      0.00017670
    0.04651035      0.10302620      0.04699191      0.00014149
    0.10820207      0.02245675      0.23647759      0.00017141
    0.09519505      0.06236179      0.36317277      0.00015142
    0.09963954      0.05464967      0.02351845      0.00015140
    0.02458683      0.10951427      0.05701225      0.00020456
    0.02307440      0.10931616      0.31505504      0.00017556
    0.10651204      0.02770823      0.20693459      0.00017169
    0.11259936      0.00561530      0.22656350      0.00017102
    0.10656401      0.02754756      0.18719230      0.00016976
    0.05655624      0.09480462      0.23586262      0.00017247
    0.10818074      0.02207986      0.19703062      0.00016972
    0.10822396      0.02204064      0.17731807      0.00016927
    0.10458609      0.03861159      0.08862377      0.00016855
    0.10814636      0.02229842      0.21677385      0.00017179
    0.10665638      0.02752182      0.16747359      0.00016920
    0.04287305      0.10189580      0.12694181      0.00017143
    0.10979061      0.02737269      0.36649749      0.00017464
    0.11122166      0.01126883      0.23644132      0.00017186
    0.10652231      0.02794631      0.22665374      0.00017054
    0.03000404      0.10586657      0.22613217      0.00017245
    0.11120383      0.01115533      0.21671987      0.00017010
    0.03142755      0.10590047      0.12701309      0.00019234
    0.10699262      0.02925446      0.28566204      0.00016749
    0.04781888      0.09960101      0.13693060      0.00017011
    0.09096171      0.06855246      0.03066417      0.00014178
    0.06153633      0.09174170      0.22598687      0.00017117
    0.05724889      0.09825255      0.38197193      0.00019097
    0.09857635      0.05662920      0.38159072      0.00020465
    0.05626126      0.09880309      0.01233741      0.00019341
    0.10295465      0.04402785      0.07879426      0.00016773
    0.04717383      0.09949807      0.15674409      0.00017527
    0.09887287      0.05615984      0.01255953      0.00019881
    0.10233189      0.04390148      0.09846276      0.00016808
    0.11028780      0.02350612      0.35561544      0.00019070
    0.04210478      0.10177705      0.14680451      0.00017344
    0.10832376      0.02203967      0.15760554      0.00016850
    0.11001916      0.02238380      0.05910648      0.00017033
    0.05750126      0.09431240      0.15683722      0.00016931
    0.10682870      0.02752832      0.14775450      0.00016850
    0.02889238      0.10887102      0.04586626      0.00019115
    0.10092030      0.04469154      0.25618013      0.00017264
    0.07085167      0.08513199      0.22607353      0.00016905
    0.07517954      0.08131063      0.21626496      0.00016896
    0.04084353      0.10225031      0.24579498      0.00017024
    0.10890364      0.02852414      0.04830968      0.00020357
    0.10292411      0.03908549      0.24634628      0.00017162
    0.10072304      0.04433464      0.23646834      0.00017098
    0.10849115      0.02207044      0.13789851      0.00016817
    0.09595351      0.05398874      0.17724603      0.00016852
    0.10791712      0.02772542      0.08864122      0.00016879
    0.07088828      0.08489886      0.20634628      0.00016846
    0.10698671      0.03828011      0.38266535      0.00016146
    0.06261796      0.09145043      0.14704867      0.00016883
    0.10708792      0.02757896      0.12804510      0.00016817
    0.10062444      0.04408100      0.21677709      0.00016939
    0.09661592      0.05398076      0.13781625      0.00016845
    0.10276786      0.03884816      0.22665538      0.00016961
    0.06186797      0.09241192      0.26546890      0.00016872
    0.06219326      0.09135291      0.16680204      0.00016837
    0.10909037      0.02217433      0.09849520      0.00016850
    0.07113243      0.08586688      0.26550476      0.00016837
    0.04805365      0.10305139      0.38826526      0.00017099
    0.10324226      0.04762304      0.38812138      0.00017527
    0.04755616      0.10326213      0.00664945      0.00019823
    0.10978443      0.02925246      0.38854397      0.00016264
    0.04340734      0.10283062      0.08756288      0.00018307
    0.07180017      0.08478885      0.14723463      0.00016831
    0.10393227      0.04042701      0.30546684      0.00017497
    0.10449148      0.04073972      0.32523456      0.00017987
    0.09407266      0.06135196      0.30523249      0.00016880
    0.10328750      0.04751868      0.00591116      0.00017624
    0.09886243      0.05463775      0.05926454      0.00016298
    0.07745896      0.08148468      0.09806097      0.00016891
    0.08055454      0.08035204      0.38948907      0.00013461
    0.07349841      0.08538466      0.08812643      0.00016896
    0.08030811      0.08060734      0.00559250      0.00016682
    0.09710457      0.05668380      0.31517285      0.00016875
    0.07529945      0.08109888      0.19656515      0.00016821
    0.04173465      0.10165152      0.16655896      0.00016965
    0.10207801      0.04614485      0.31530325      0.00017734
    0.09575233      0.05437038      0.21666530      0.00016819
    0.09583528      0.05468845      0.23637347      0.00016831
    0.09368615      0.05894210      0.14762873      0.00016821
    0.10157180      0.04575875      0.29557630      0.00017169
    0.07536871      0.08197123      0.25569085      0.00016817
    0.07138384      0.08471942      0.16694659      0.00016820
    0.04700452      0.09936330      0.17643172      0.00016816
    0.05663577      0.09451538      0.21603660      0.00017022
    0.09602637      0.05510454      0.25607679      0.00016849
    0.06159162      0.09205755      0.24575449      0.00017191
    0.08845700      0.06866451      0.10812552      0.00016828
    0.09588317      0.05949452      0.06884313      0.00016881
    0.10135401      0.04366385      0.13787203      0.00016855
    0.09310767      0.05902315      0.18704591      0.00016815
    0.04709365      0.10234678      0.33432242      0.00017453
    0.08964488      0.06897967      0.06865583      0.00016816
    0.02433535      0.10811365      0.27552747      0.00018467
    0.10262198      0.04648755      0.33493152      0.00017547
    0.07587405      0.08101733      0.15716773      0.00016815
    0.04912925      0.10082593      0.07762807      0.00018302
    0.08523827      0.07322496      0.09820446      0.00016854
    0.05707430      0.09550701      0.27532303      0.00016820
    0.11296005      0.00593050      0.32511766      0.00017792
    0.10179126      0.04376591      0.11815831      0.00016812
    0.11136122      0.01106362      0.13789953      0.00016807
    0.04688066      0.10048603      0.27533664      0.00016789
    0.04136247      0.10244388      0.26549801      0.00016996
    0.03038141      0.10661670      0.28530615      0.00018621
    0.03017142      0.10628216      0.26558288      0.00018064
    0.08370352      0.07283365      0.15730467      0.00016806
    0.08706259      0.06837489      0.16721561      0.00016805
    0.05800464      0.09446006      0.13708163      0.00016851
    0.11270609      0.00553803      0.12804953      0.00016806
    0.08743541      0.06840004      0.14751736      0.00016810
    0.08413866      0.07290853      0.13760738      0.00016810
    0.08337910      0.07284332      0.17700141      0.00016795
    0.07633288      0.08111366      0.13746159      0.00016810
    0.09413591      0.05903428      0.12791766      0.00016811
    0.06317075      0.09162295      0.12733569      0.00016809
    0.07108541      0.08474679      0.18664888      0.00016818
    0.08790939      0.06850411      0.12782017      0.00016811
    0.08680836      0.06844216      0.18691332      0.00016796
    0.07552982      0.08100417      0.17686932      0.00016809
    0.04173566      0.10282735      0.28520018      0.00016809
    0.04849128      0.09982416      0.11713746      0.00016808
    0.09333769      0.05893932      0.16732764      0.00016808
    0.06213034      0.09288227      0.28517317      0.00016813
    0.08317311      0.07295510      0.19669750      0.00016798
    0.06188188      0.09135949      0.18650578      0.00016806
    0.09443335      0.06190122      0.32495443      0.00016880
    0.08667463      0.06861528      0.20661125      0.00016810
    0.09630669      0.05562060      0.27578191      0.00016832
    0.09299662      0.05920941      0.20674257      0.00016806
    0.08309223      0.07317084      0.21639758      0.00016816
    0.05686748      0.09430661      0.19628034      0.00016806
    0.07231679      0.08493813      0.12752969      0.00016809
    0.08666988      0.06888595      0.22631234      0.00016810
    0.04663737      0.09943891      0.19616771      0.00017101
    0.04120324      0.10172284      0.20606328      0.00017284
    0.03030195      0.10566072      0.18632872      0.00018433
    0.09300800      0.05949136      0.22644873      0.00016805
    0.08313856      0.07348056      0.23609948      0.00016812
    0.04152059      0.10160473      0.18624320      0.00017053
    0.06165985      0.09149389      0.20620458      0.00016806
    0.08678381      0.06924982      0.24601048      0.00016805
    0.05860323      0.09469226      0.11738032      0.00016809
    0.09314242      0.05985231      0.24614807      0.00016853
    0.08329392      0.07387786      0.25579663      0.00016805
    0.08699637      0.06969550      0.26570445      0.00016805
    0.07523304      0.08158680      0.23599330      0.00016807
    0.09337020      0.06031970      0.26584701      0.00016827
    0.10356399      0.03838345      0.12802573      0.00016819
    0.11128011      0.01104377      0.15760002      0.00016805
    0.11265513      0.00552559      0.14775000      0.00016805
    0.10874264      0.02212045      0.11819267      0.00016824
    0.11149073      0.01108635      0.11819608      0.00016803
    0.11281403      0.00592592      0.30538752      0.00017858
    0.11261123      0.00551472      0.18715000      0.00016805
    0.11262230      0.00565353      0.24627782      0.00017195
    0.11278464      0.00554832      0.10834655      0.00016784
    0.00599302      0.11253481      0.14761842      0.00018231
    0.00571863      0.11285804      0.30533211      0.00017232
    0.00619012      0.11275752      0.08853736      0.00018657
    0.00579791      0.11258449      0.24621810      0.00017636
    0.00603712      0.11247041      0.20672423      0.00018403
    0.05713570      0.09425035      0.17658167      0.00016806
    0.11121570      0.01105476      0.19700637      0.00016860
    0.11260447      0.00554004      0.20685637      0.00016882
    0.04640927      0.09961203      0.21600794      0.00017123
    0.11262498      0.00551818      0.16745002      0.00016805
    0.11123621      0.01103290      0.17730002      0.00016805
    0.09622936      0.05394015      0.15752807      0.00016807
    0.09710127      0.05409983      0.11810602      0.00016811
    0.05723199      0.09676193      0.31473721      0.00017476
    0.07095308      0.08544944      0.24579851      0.00016805
    0.10274457      0.03858895      0.20693619      0.00017044
    0.09635854      0.05971212      0.04955512      0.00016113
    0.11177408      0.01185642      0.31530518      0.00017911
    0.00582530      0.11297890      0.32503538      0.00017476
    0.08465770      0.07305241      0.11791222      0.00016813
    0.06247320      0.09403333      0.32458950      0.00017566
    0.06221096      0.09350336      0.30489010      0.00017494
    0.07559444      0.08242316      0.27539587      0.00016807
    0.08353317      0.07434516      0.27548978      0.00016805
    0.07138602      0.08634346      0.28521015      0.00016811
    0.08642624      0.07347034      0.05869665      0.00016700
    0.01154393      0.11183693      0.31516750      0.00017366
    0.04226716      0.10464223      0.34534883      0.00020548
    0.05715585      0.09610996      0.29503374      0.00017192
    0.10402060      0.03849680      0.10832680      0.00016812
    0.10067024      0.04379913      0.19704324      0.00017022
    0.10744805      0.02765582      0.10834180      0.00016826
    0.11211065      0.01172099      0.33504625      0.00017582
    0.09579441      0.05413022      0.19696141      0.00016796
    0.01206082      0.11204810      0.33489777      0.00018131
    0.07806456      0.08167529      0.07830580      0.00017030
    0.06376925      0.09187926      0.10764412      0.00016809
    0.05923309      0.09500280      0.09768839      0.00016816
    0.04695480      0.10107602      0.29504714      0.00016526
    0.08413484      0.07534502      0.31489563      0.00016884
    0.09668563      0.05614475      0.29547235      0.00016817
    0.00623552      0.11306920      0.34476239      0.00018630
    0.11315060      0.00579049      0.34482859      0.00017294
    0.11302295      0.00560234      0.06895000      0.00016805
    0.00573043      0.11316967      0.04883232      0.00017110
    0.09467405      0.05918177      0.10822183      0.00016812
    0.09753730      0.05711009      0.33478180      0.00016790
    0.07289086      0.08515312      0.10783733      0.00016821
    0.08761543      0.07070435      0.30509462      0.00016859
    0.07420509      0.08550947      0.06810651      0.00017475
    0.07687088      0.08128130      0.11776753      0.00016811
    0.08792085      0.07121005      0.32481509      0.00016889
    0.05770107      0.09718831      0.33430454      0.00016844
    0.07586816      0.08291869      0.29509420      0.00016825
    0.10296644      0.03832543      0.16746611      0.00016913
    0.05967456      0.09544716      0.07785897      0.00017499
    0.07166758      0.08685090      0.30491358      0.00016834
    0.09016065      0.06905956      0.04917453      0.00016015
    0.10321550      0.03831723      0.14774739      0.00016841
    0.07877075      0.08169825      0.05828517      0.00016670
    0.04879159      0.10027801      0.09753511      0.00017881
    0.06439415      0.09217664      0.08794706      0.00016829
    0.09368499      0.06084391      0.28554434      0.00016787
    0.11335973      0.00547895      0.02954562      0.00016300
    0.06040617      0.09566424      0.05786427      0.00017275
    0.08728530      0.07019266      0.28539477      0.00016814
    0.11266007      0.00572432      0.26596816      0.00017373
    0.07193212      0.08734263      0.32463411      0.00016871
    0.10282099      0.03838612      0.18720333      0.00016972
    0.09490105      0.06208702      0.34432893      0.00016385
    0.06491935      0.09248936      0.06783904      0.00018473
    0.06292642      0.09436430      0.34397519      0.00016363
    0.07614754      0.08341878      0.31480531      0.00016850
    0.08382871      0.07484590      0.29518491      0.00016840
    0.08584885      0.07337340      0.07844364      0.00016958
    0.04643093      0.10017732      0.25562647      0.00017042
    0.10952857      0.02225436      0.07879256      0.00016799
    0.11045220      0.02280478      0.03843731      0.00018837
    0.04321580      0.10228637      0.10724799      0.00017090
    0.11167887      0.01110093      0.09849655      0.00016750
    0.10102062      0.04363219      0.15759095      0.00016860
    0.08906202      0.06882305      0.08840776      0.00016861
    0.11128237      0.01137785      0.25614598      0.00017258
    0.10566174      0.03955435      0.04853115      0.00018758
    0.11191718      0.01115495      0.07880000      0.00016770
    0.08448631      0.07570403      0.33436053      0.00015970
    0.06561794      0.09292814      0.38770667      0.00018768
    0.09306106      0.06542885      0.38746934      0.00019475
    0.06512780      0.09326793      0.00568796      0.00016964
    0.09331235      0.06506386      0.00664837      0.00019825
    0.08836256      0.07137212      0.34404701      0.00016110
    0.07648488      0.08376285      0.33426987      0.00016409
    0.10844551      0.02790005      0.06896055      0.00016786
    0.05674279      0.09512438      0.25561097      0.00017023
    0.07225130      0.08762954      0.34389591      0.00016728
    0.11289423      0.00555261      0.08865000      0.00016730
    0.11220799      0.01118549      0.05908849      0.00016772
    0.10353439      0.04430133      0.05934708      0.00016356
    0.11254478      0.01106210      0.03938411      0.00016473
    0.10312011      0.03958719      0.26606170      0.00017129
    0.10079100      0.04368280      0.17732161      0.00016961
    0.10520263      0.03878737      0.06897969      0.00016727
    0.11333696      0.00561867      0.36439576      0.00016718
    0.11318504      0.00558315      0.04923849      0.00016673
    0.07251954      0.08780079      0.02311738      0.00018309
    0.07363685      0.08683559      0.38319574      0.00015624
    0.08717101      0.07324528      0.38295842      0.00015622
    0.07290029      0.08743068      0.01128046      0.00016669
    0.08717587      0.07313558      0.01224086      0.00019469
    0.09767532      0.05425253      0.09841008      0.00016833
    0.09830715      0.05439857      0.07874024      0.00016735
    0.03030746      0.10574684      0.16666132      0.00018672
    0.11248756      0.01140917      0.35462435      0.00016667
    0.01087118      0.11282651      0.37288293      0.00011447
    0.03822972      0.10700149      0.01215682      0.00017189
    0.10342713      0.04013841      0.28575964      0.00017086
    0.03144636      0.10631074      0.10734800      0.00019235
    0.09528202      0.05933336      0.08851707      0.00016847
    0.04087360      0.10197817      0.22598320      0.00017307
    0.02435869      0.10751461      0.17661960      0.00018748
    0.02527633      0.10785319      0.11730876      0.00019470
    0.04612001      0.09994444      0.23588761      0.00017448
    0.10116266      0.04530110      0.27589326      0.00017000
    0.02926896      0.10977934      0.00550737      0.00016417
    0.10980642      0.02916854      0.00538074      0.00016039
    0.01080631      0.11259076      0.03891303      0.00015327
    0.05657199      0.09859386      0.37108806      0.00015756
    0.02984194      0.10963774      0.38869072      0.00015827
    0.02145812      0.11082905      0.03735247      0.00015394
    0.09906946      0.05566202      0.37070744      0.00015685
    0.06478888      0.09359720      0.02789494      0.00014791
    0.04862815      0.10231222      0.35429098      0.00015938
    0.01146134      0.11296843      0.38912575      0.00014529
    0.00486271      0.11354574      0.38255908      0.00014432
    0.10352622      0.04584587      0.03977208      0.00015221
    0.10705393      0.03809182      0.01129190      0.00016056
    0.11362433      0.00430573      0.01092057      0.00012772
    0.04993501      0.10212922      0.02962432      0.00010796
    0.11359765      0.00450425      0.38293245      0.00013363
    0.08645802      0.07406016      0.02296362      0.00015205
    0.07700321      0.08371279      0.35286572      0.00016031
    0.11302034      0.01110288      0.38949912      0.00013416
    0.02540126      0.11030770      0.02686086      0.00014727
    0.00507588      0.11342109      0.02948071      0.00015096
    0.01122754      0.11300219      0.00465586      0.00013878
    0.00462891      0.11357950      0.01122253      0.00013735
    0.11304702      0.01090436      0.00435391      0.00012978
    0.03849574      0.10631760      0.04247209      0.00014057
    0.05630309      0.09876225      0.02270747      0.00013448
    0.03930019      0.10664916      0.38295598      0.00015293
    0.05867999      0.09719276      0.35293522      0.00014090
    0.02170788      0.11147516      0.38381647      0.00012376
    0.09773216      0.05775686      0.35319890      0.00013493
    0.08741328      0.07287533      0.04026184      0.00012850
    0.11298406      0.00978468      0.02076619      0.00011873
    0.08018228      0.08079111      0.03880571      0.00014456
    0.09889497      0.05566721      0.04087860      0.00013005
    0.08511304      0.07551420      0.35292617      0.00014746
    0.07920951      0.08190202      0.02815217      0.00015028
    0.11165946      0.01935782      0.01958026      0.00012672
    0.11293461      0.01012293      0.37302821      0.00012055
    0.11167375      0.02075995      0.38404309      0.00011520
    0.11172242      0.02047750      0.00973464      0.00011557
    0.01937836      0.11164891      0.01994394      0.00011652
    0.02090110      0.11165051      0.01016323      0.00011511
    0.02111772      0.11133324      0.37414032      0.00011619
    0.00970479      0.11300059      0.02100324      0.00011117
    0.11158802      0.01977999      0.37413884      0.00012247
    0.05304204      0.10043127      0.03906747      0.00010183
   -0.07104081      0.08899276      0.36992143      0.00018666
   -0.07752820      0.08344862      0.36470985      0.00015433
   -0.03683773      0.10725304      0.02347843      0.00018677
   -0.10686808      0.03135713      0.08775750      0.00019795
   -0.11262264      0.00624900      0.10813759      0.00018909
   -0.04475442      0.10425328      0.02905662      0.00015229
   -0.10664005      0.03870536      0.37075239      0.00018713
   -0.09218934      0.06619532      0.04715348      0.00020077
   -0.10136465      0.04943258      0.05693482      0.00018945
   -0.11112496      0.01261265      0.11771641      0.00018959
   -0.10356856      0.04340040      0.06667874      0.00020837
   -0.11250232      0.00636366      0.12777882      0.00019318
   -0.11288155      0.00634621      0.06868548      0.00019042
   -0.10878996      0.02517015      0.07799299      0.00019891
   -0.11101943      0.01242810      0.13736214      0.00018861
   -0.02352842      0.11026383      0.35563347      0.00020055
   -0.10753146      0.03588476      0.02372961      0.00016428
   -0.10345373      0.04667084      0.36507982      0.00015907
   -0.10549939      0.04154499      0.03082705      0.00013376
   -0.02967358      0.10856836      0.34583605      0.00022194
   -0.10771133      0.02476869      0.13693928      0.00018878
   -0.03796373      0.10686283      0.37074553      0.00019379
   -0.02765318      0.10971838      0.36669129      0.00017934
   -0.02328380      0.10978825      0.33499985      0.00018224
   -0.11240232      0.00628877      0.18685431      0.00019174
   -0.10610158      0.02986608      0.14668327      0.00018056
   -0.10833898      0.02348550      0.27557013      0.00018638
   -0.10949873      0.02857657      0.36677410      0.00018046
   -0.11205122      0.01207664      0.05841779      0.00018603
   -0.09529482      0.06175342      0.03829957      0.00015800
   -0.08520324      0.07527416      0.04730691      0.00018176
   -0.11087956      0.01230069      0.19656592      0.00019171
   -0.02911774      0.10811366      0.32512432      0.00017778
   -0.02958390      0.10687272      0.28541411      0.00017925
   -0.11163916      0.01253591      0.07842314      0.00019278
   -0.10588064      0.02963719      0.20625090      0.00018400
   -0.09991798      0.04613244      0.15663662      0.00018741
   -0.10839631      0.03039316      0.34548657      0.00021383
   -0.10833992      0.02497188      0.09782524      0.00019061
   -0.11329279      0.00592809      0.36458697      0.00017642
   -0.11138025      0.01243870      0.09817525      0.00018505
   -0.10750375      0.02430884      0.19624559      0.00018543
   -0.10965896      0.02390922      0.33460672      0.00017688
   -0.10795579      0.02961379      0.32456051      0.00017935
   -0.10159909      0.04552557      0.29479017      0.00018345
   -0.10608357      0.02928912      0.16654299      0.00018385
   -0.10919147      0.02351176      0.31481019      0.00018284
   -0.02420601      0.10815869      0.27540371      0.00018077
   -0.02341967      0.10875897      0.29540407      0.00017750
   -0.08962484      0.07030711      0.36272585      0.00014443
   -0.00625655      0.11252414      0.26576185      0.00018996
   -0.09521077      0.05579274      0.23622069      0.00017700
   -0.09244444      0.06095567      0.24609748      0.00017667
   -0.10749541      0.03149057      0.06684983      0.00021868
   -0.02885938      0.10758942      0.30529525      0.00017662
   -0.09989973      0.04573143      0.21624483      0.00017831
   -0.11238240      0.01204458      0.35470338      0.00018433
   -0.10397349      0.04021505      0.30458826      0.00017805
   -0.04607118      0.10207779      0.31519842      0.00018641
   -0.04665646      0.10341854      0.36539735      0.00016599
   -0.10039074      0.04507372      0.23630322      0.00017841
   -0.11006870      0.02449795      0.35566175      0.00020123
   -0.01228200      0.11119544      0.27554161      0.00018935
   -0.02679477      0.10994256      0.02741289      0.00017301
   -0.10758383      0.02881765      0.30473086      0.00018014
   -0.10759332      0.02411684      0.17647449      0.00018115
   -0.10239263      0.03980528      0.22633134      0.00017586
   -0.10212419      0.04119546      0.14665589      0.00017712
   -0.10202471      0.04074248      0.16644290      0.00017810
   -0.04066337      0.10450090      0.32512020      0.00018510
   -0.10184879      0.04086374      0.20614266      0.00017837
   -0.10702699      0.02901066      0.28513159      0.00017218
   -0.10668832      0.02886250      0.26583095      0.00017372
   -0.06069178      0.09624551      0.03090034      0.00014196
   -0.11094686      0.01211297      0.17681226      0.00018219
   -0.10293100      0.04007348      0.26576087      0.00016722
   -0.10074281      0.04504202      0.25603204      0.00017995
   -0.09508218      0.06255035      0.36272955      0.00014465
   -0.08522383      0.07548363      0.37029125      0.00015287
   -0.11255823      0.00576937      0.22649731      0.00017573
   -0.04030031      0.10395505      0.30527401      0.00017876
   -0.10331887      0.04032391      0.28503164      0.00017125
   -0.10664391      0.02810690      0.24627169      0.00017508
   -0.02341012      0.10811693      0.25569396      0.00016416
   -0.02308463      0.10932492      0.31522379      0.00017357
   -0.02827515      0.10659402      0.24595197      0.00016886
   -0.01197821      0.11112825      0.25585642      0.00017862
   -0.10795422      0.02334970      0.15676408      0.00017183
   -0.10813265      0.02268094      0.23633611      0.00017476
   -0.02961248      0.10647607      0.26546149      0.00016717
   -0.11119436      0.01136862      0.23634623      0.00017435
   -0.10302621      0.04651034      0.04699193      0.00014149
   -0.11103547      0.01178129      0.21650892      0.00018173
   -0.07347016      0.08313661      0.23602992      0.00017016
   -0.05464967      0.09963954      0.02351845      0.00015140
   -0.10781468      0.02339841      0.21636855      0.00017910
   -0.05623100      0.09597362      0.27537755      0.00017247
   -0.10951428      0.02458676      0.05701230      0.00020456
   -0.05405049      0.09591156      0.21659802      0.00016858
   -0.09558211      0.05588547      0.25595777      0.00017252
   -0.05901476      0.09310248      0.20674914      0.00017082
   -0.02203074      0.10822729      0.17733206      0.00016931
   -0.03861159      0.10458609      0.08862377      0.00016855
   -0.06878573      0.08673671      0.22623648      0.00016667
   -0.06310724      0.09472572      0.36515514      0.00015159
   -0.05925306      0.09313485      0.22629312      0.00016817
   -0.04614303      0.10081346      0.27542861      0.00017006
   -0.10835894      0.02254475      0.25611953      0.00016934
   -0.04610152      0.10140739      0.29544375      0.00017711
   -0.04362210      0.10074489      0.19702256      0.00017039
   -0.06929838      0.08673674      0.24580017      0.00016785
   -0.02238280      0.10822477      0.23629004      0.00016706
   -0.02751378      0.10665908      0.16747318      0.00016907
   -0.10278511      0.03939320      0.24625428      0.00018012
   -0.02766751      0.10660916      0.22653434      0.00016710
   -0.07059932      0.08697361      0.28530018      0.00017082
   -0.05399325      0.09586155      0.19693529      0.00016947
   -0.02747912      0.10658709      0.18721178      0.00016882
   -0.02205425      0.10822088      0.21677764      0.00016931
   -0.06855246      0.09096171      0.03066417      0.00014178
   -0.09880309      0.05626126      0.01233741      0.00019341
   -0.09830865      0.05716953      0.38151495      0.00019528
   -0.04402785      0.10295465      0.07879426      0.00016773
   -0.03831553      0.10284508      0.18719010      0.00017088
   -0.00572165      0.11260412      0.24619457      0.00017403
   -0.05634686      0.09884862      0.38240164      0.00016215
   -0.05615984      0.09887287      0.01255953      0.00019881
   -0.01126122      0.11122354      0.23637018      0.00016927
   -0.04390148      0.10233189      0.09846276      0.00016808
   -0.02238380      0.11001916      0.05910648      0.00017033
   -0.10887102      0.02889236      0.04586627      0.00019115
   -0.02204194      0.10832301      0.15760538      0.00016857
   -0.10891755      0.02281492      0.29503272      0.00016784
   -0.09457220      0.05701158      0.15681277      0.00017201
   -0.02753930      0.10682512      0.14775604      0.00016862
   -0.04082482      0.10315550      0.28547504      0.00017720
   -0.02748123      0.10658624      0.20693175      0.00016909
   -0.02852414      0.10890364      0.04830968      0.00020357
   -0.05527343      0.09592295      0.25552887      0.00016654
   -0.06854392      0.08672017      0.20662941      0.00017009
   -0.08485196      0.07171212      0.14722722      0.00016979
   -0.09161924      0.06231475      0.14705164      0.00017417
   -0.09468731      0.05627980      0.21619496      0.00017965
   -0.10197725      0.04635709      0.31450471      0.00017241
   -0.02772542      0.10791712      0.08864122      0.00016879
   -0.07294342      0.08317880      0.19670153      0.00016888
   -0.03827693      0.10286431      0.20691885      0.00016914
   -0.08107741      0.07579053      0.15716145      0.00017114
   -0.02207915      0.10848831      0.13790021      0.00016844
   -0.05398076      0.09661592      0.13781625      0.00016845
   -0.09151568      0.06161453      0.20622272      0.00016969
   -0.02217433      0.10909037      0.09849520      0.00016850
   -0.02758767      0.10708509      0.12804680      0.00016835
   -0.10305139      0.04805365      0.38826526      0.00017099
   -0.10326213      0.04755616      0.00664945      0.00019823
   -0.10283092      0.04340635      0.08756372      0.00018310
   -0.10435191      0.04106171      0.32439763      0.00017842
   -0.04795504      0.10309545      0.38820424      0.00017280
   -0.04751868      0.10328750      0.00591116      0.00017624
   -0.05463775      0.09886243      0.05926454      0.00016298
   -0.04367256      0.10135118      0.13787373      0.00016828
   -0.05697103      0.09693024      0.31519595      0.00017475
   -0.08148468      0.07745896      0.09806097      0.00016891
   -0.08538466      0.07349841      0.08812643      0.00016896
   -0.06172196      0.09382997      0.30526447      0.00017261
   -0.07991791      0.08098927      0.38805574      0.00017730
   -0.08060734      0.08030811      0.00559250      0.00016682
   -0.06842394      0.08682036      0.18691346      0.00016829
   -0.08477950      0.07130032      0.16694030      0.00016981
   -0.10627573      0.02869880      0.22634682      0.00017909
   -0.05894210      0.09368615      0.14762873      0.00016821
   -0.09433388      0.05681439      0.19629830      0.00016915
   -0.06866451      0.08845700      0.10812552      0.00016828
   -0.05949452      0.09588317      0.06884313      0.00016881
   -0.10248365      0.04674768      0.33410890      0.00017518
   -0.09456962      0.05778416      0.13709134      0.00017224
   -0.06897967      0.08964488      0.06865583      0.00016816
   -0.00575978      0.11284950      0.30535205      0.00017356
   -0.10082594      0.04912920      0.07762811      0.00018302
   -0.03839216      0.10356116      0.12802743      0.00016810
   -0.07322496      0.08523827      0.09820446      0.00016854
   -0.04376591      0.10179126      0.11815831      0.00016812
   -0.11294895      0.00596943      0.32497852      0.00017911
   -0.09697163      0.05685479      0.31454057      0.00017231
   -0.01106362      0.11136122      0.13789953      0.00016807
   -0.09320609      0.06156926      0.28515408      0.00017136
   -0.07283448      0.08370272      0.15730513      0.00016809
   -0.06837571      0.08706179      0.16721607      0.00016808
   -0.00553803      0.11270609      0.12804953      0.00016806
   -0.06840004      0.08743541      0.14751736      0.00016810
   -0.10191788      0.04281333      0.12687256      0.00017066
   -0.10592303      0.03136739      0.12691272      0.00018936
   -0.04699193      0.10238547      0.33494396      0.00018146
   -0.07290853      0.08413866      0.13760738      0.00016810
   -0.07284440      0.08337806      0.17700196      0.00016797
   -0.08111752      0.07632756      0.13746092      0.00016829
   -0.05398701      0.09595439      0.17722757      0.00016807
   -0.05903428      0.09413591      0.12791766      0.00016811
   -0.09162681      0.06316543      0.12733501      0.00016798
   -0.06850411      0.08790939      0.12782017      0.00016811
   -0.08100525      0.07552877      0.17686987      0.00016806
   -0.09982416      0.04849128      0.11713746      0.00016808
   -0.08475057      0.07108020      0.18664850      0.00016825
   -0.05893932      0.09333769      0.16732764      0.00016808
   -0.05900293      0.09312079      0.18702750      0.00016787
   -0.09972879      0.04754401      0.13687174      0.00016890
   -0.09136302      0.06187690      0.18650531      0.00016796
   -0.08490345      0.07088476      0.20634989      0.00016816
   -0.10165564      0.04137737      0.18622723      0.00017222
   -0.08494199      0.07231147      0.12752901      0.00016818
   -0.08110920      0.07528793      0.19656866      0.00016835
   -0.10567297      0.03030079      0.18619621      0.00017730
   -0.11265331      0.00575016      0.26593772      0.00017451
   -0.08130606      0.07518656      0.21627500      0.00016871
   -0.08523122      0.07070921      0.22615183      0.00017385
   -0.09200024      0.06107268      0.22619895      0.00018076
   -0.09945457      0.04661197      0.19616837      0.00017001
   -0.08172191      0.07505365      0.23609192      0.00017356
   -0.08572459      0.07058004      0.24601583      0.00017439
   -0.07311232      0.08313110      0.21642166      0.00017033
   -0.06233832      0.09414169      0.32504655      0.00017386
   -0.09469226      0.05860323      0.11738032      0.00016809
   -0.09951714      0.04664678      0.17640542      0.00017086
   -0.01104377      0.11128011      0.15760002      0.00016805
   -0.00552559      0.11265513      0.14775000      0.00016805
   -0.00553957      0.11261942      0.22657561      0.00016870
   -0.02212045      0.10874264      0.11819267      0.00016824
   -0.01108635      0.11149073      0.11819608      0.00016803
   -0.00602545      0.11267130      0.28557976      0.00018233
   -0.00551513      0.11261110      0.18716424      0.00016806
   -0.00554832      0.11278464      0.10834655      0.00016784
   -0.11251711      0.00606444      0.14748332      0.00018448
   -0.11275761      0.00618970      0.08853767      0.00018655
   -0.11263613      0.00559926      0.24624892      0.00017030
   -0.11285608      0.00572127      0.30526147      0.00017241
   -0.11247724      0.00601192      0.20671161      0.00018326
   -0.01102344      0.11122405      0.19702740      0.00016793
   -0.09434521      0.05694388      0.17655357      0.00017186
   -0.00550831      0.11261295      0.20686316      0.00016785
   -0.01104788      0.11123237      0.21673877      0.00016859
   -0.11128944      0.01134942      0.25608664      0.00017212
   -0.00551818      0.11262498      0.16745002      0.00016805
   -0.01103331      0.11123608      0.17731426      0.00016842
   -0.07405849      0.08312993      0.25568649      0.00016820
   -0.05394015      0.09622936      0.15752807      0.00016807
   -0.09150701      0.06191873      0.16676720      0.00017333
   -0.05409983      0.09710127      0.11810602      0.00016811
   -0.00563122      0.11317634      0.34474648      0.00016817
   -0.08618712      0.07072346      0.26566869      0.00016773
   -0.08223296      0.07505620      0.25584015      0.00017188
   -0.05971212      0.09635854      0.04955512      0.00016113
   -0.09429167      0.06210105      0.32443925      0.00016883
   -0.11180504      0.01169069      0.31503998      0.00017632
   -0.07305241      0.08465770      0.11791222      0.00016813
   -0.01178523      0.11152081      0.29543181      0.00017988
   -0.08270941      0.07527424      0.27543402      0.00016839
   -0.07115192      0.08726779      0.30515627      0.00016855
   -0.03850139      0.10290026      0.22645008      0.00016552
   -0.08662515      0.07102723      0.28520591      0.00016672
   -0.07347034      0.08642624      0.05869665      0.00016700
   -0.10482488      0.04178370      0.34515163      0.00020259
   -0.04183608      0.10477834      0.34578429      0.00021244
   -0.03849680      0.10402060      0.10832680      0.00016812
   -0.03832822      0.10321192      0.14774893      0.00016819
   -0.01161947      0.11182317      0.31525284      0.00017599
   -0.02765582      0.10744805      0.10834180      0.00016826
   -0.11203856      0.01208592      0.33479493      0.00018203
   -0.08167529      0.07806456      0.07830580      0.00017030
   -0.09187926      0.06376925      0.10764412      0.00016809
   -0.04368381      0.10079004      0.21668047      0.00016772
   -0.07581584      0.08371952      0.31492152      0.00016874
   -0.09500280      0.05923309      0.09768839      0.00016816
   -0.03831739      0.10296915      0.16746570      0.00016925
   -0.00585969      0.11297366      0.32510079      0.00017579
   -0.00560234      0.11302295      0.06895000      0.00016805
   -0.11316967      0.00573043      0.04883232      0.00017110
   -0.11308960      0.00611649      0.34471642      0.00018273
   -0.05918177      0.09467405      0.10822183      0.00016812
   -0.08515312      0.07289086      0.10783733      0.00016821
   -0.08550947      0.07420509      0.06810651      0.00017475
   -0.08128130      0.07687088      0.11776753      0.00016811
   -0.04363447      0.10101987      0.15759079      0.00016853
   -0.07521800      0.08350315      0.29521176      0.00016823
   -0.05776703      0.09717381      0.33487279      0.00016817
   -0.09742902      0.05728932      0.33411466      0.00016446
   -0.09544716      0.05967456      0.07785897      0.00017499
   -0.07175317      0.08749314      0.32488032      0.00016886
   -0.08719391      0.07123221      0.30483225      0.00016828
   -0.08324418      0.07550301      0.29505013      0.00016814
   -0.06905956      0.09016065      0.04917453      0.00016015
   -0.01127895      0.11251006      0.35459648      0.00016823
   -0.02199000      0.10820884      0.19705713      0.00016818
   -0.08169825      0.07877075      0.05828517      0.00016670
   -0.10027830      0.04879065      0.09753590      0.00017884
   -0.09217664      0.06439415      0.08794706      0.00016829
   -0.00547895      0.11335973      0.02954562      0.00016300
   -0.00564773      0.11333371      0.36445000      0.00016805
   -0.09566424      0.06040617      0.05786427      0.00017275
   -0.08776676      0.07139606      0.32455405      0.00016870
   -0.01149091      0.11215001      0.33494727      0.00017062
   -0.09248936      0.06491935      0.06783904      0.00018473
   -0.09380898      0.06169793      0.30472851      0.00017628
   -0.09486723      0.06214910      0.34382269      0.00016046
   -0.06363165      0.09389054      0.34547775      0.00019814
   -0.08383165      0.07568408      0.31475912      0.00016851
   -0.09644020      0.05651075      0.29489455      0.00017362
   -0.07337340      0.08584885      0.07844364      0.00016958
   -0.02225436      0.10952857      0.07879256      0.00016799
   -0.02280478      0.11045220      0.03843731      0.00018837
   -0.10228666      0.04321486      0.10724878      0.00017089
   -0.01110093      0.11167887      0.09849655      0.00016750
   -0.11157624      0.01153960      0.29533354      0.00017392
   -0.11137347      0.01156849      0.27570979      0.00017355
   -0.06882305      0.08906202      0.08840776      0.00016861
   -0.03955435      0.10566174      0.04853115      0.00018758
   -0.01115495      0.11191718      0.07880000      0.00016770
   -0.07637645      0.08388190      0.33465091      0.00016872
   -0.09326793      0.06512780      0.00568796      0.00016964
   -0.09298423      0.06553857      0.38724969      0.00020129
   -0.06481451      0.09348014      0.38819740      0.00017305
   -0.06506386      0.09331235      0.00664837      0.00019825
   -0.07282622      0.08724717      0.34542210      0.00018040
   -0.08437423      0.07582026      0.33448704      0.00016860
   -0.02790005      0.10844551      0.06896055      0.00016786
   -0.08833736      0.07138503      0.34408027      0.00016528
   -0.00555261      0.11289423      0.08865000      0.00016730
   -0.01118549      0.11220799      0.05908849      0.00016772
   -0.04430133      0.10353439      0.05934708      0.00016356
   -0.11272015      0.00581833      0.28557207      0.00017604
   -0.01106210      0.11254478      0.03938411      0.00016473
   -0.03878737      0.10520263      0.06897969      0.00016727
   -0.00558315      0.11318504      0.04923849      0.00016673
   -0.08780079      0.07251954      0.02311738      0.00018309
   -0.04367076      0.10079534      0.17730291      0.00016943
   -0.08743068      0.07290029      0.01128046      0.00016669
   -0.08645755      0.07399222      0.38130543      0.00020306
   -0.07219680      0.08802482      0.38225314      0.00016966
   -0.07313558      0.08717587      0.01224086      0.00019469
   -0.05982736      0.09314113      0.24574840      0.00016923
   -0.05425253      0.09767532      0.09841008      0.00016833
   -0.05439857      0.09830715      0.07874024      0.00016735
   -0.11254454      0.00582420      0.16725795      0.00017740
   -0.07470977      0.08322047      0.27536667      0.00016592
   -0.10700149      0.03822972      0.01215682      0.00017189
   -0.06143460      0.09333813      0.28541692      0.00016805
   -0.10631112      0.03144532      0.10734433      0.00019231
   -0.05662332      0.09642986      0.29543669      0.00016751
   -0.05933336      0.09528202      0.08851707      0.00016847
   -0.09281641      0.06117710      0.26570465      0.00017300
   -0.11106165      0.01188865      0.15714127      0.00018275
   -0.09873300      0.05633011      0.37050448      0.00015486
   -0.07001300      0.08674342      0.26544767      0.00016820
   -0.10785377      0.02527580      0.11727317      0.00019390
   -0.04408148      0.10082607      0.23610929      0.00016757
   -0.04030858      0.10284805      0.26542546      0.00016838
   -0.10977934      0.02926896      0.00550737      0.00016417
   -0.02935138      0.10976191      0.38863763      0.00015985
   -0.02916854      0.10980642      0.00538074      0.00016039
   -0.10087354      0.04600973      0.27540010      0.00016049
   -0.04497103      0.10079912      0.25556145      0.00016752
   -0.06069896      0.09313204      0.26534182      0.00016714
   -0.11259076      0.01080631      0.03891303      0.00015327
   -0.09591966      0.05626991      0.27541815      0.00017230
   -0.03913995      0.10290423      0.24585549      0.00016647
   -0.11283866      0.01079006      0.37284841      0.00011471
   -0.10965065      0.02979051      0.38866210      0.00015912
   -0.11082905      0.02145812      0.03735248      0.00015394
   -0.09359720      0.06478888      0.02789494      0.00014791
   -0.10253779      0.04812098      0.35402937      0.00015690
   -0.04849190      0.10232670      0.35472116      0.00016972
   -0.11296856      0.01146060      0.38912811      0.00014522
   -0.11354587      0.00486197      0.38256144      0.00014430
   -0.04584587      0.10352622      0.03977208      0.00015221
   -0.05446648      0.09593915      0.23603478      0.00016765
   -0.03871102      0.10681738      0.38284187      0.00016508
   -0.03809182      0.10705393      0.01129190      0.00016056
   -0.00430573      0.11362433      0.01092057      0.00012772
   -0.10212923      0.04993501      0.02962432      0.00010796
   -0.00438009      0.11361525      0.38307770      0.00012993
   -0.07406016      0.08645802      0.02296362      0.00015205
   -0.07813420      0.08273793      0.35412651      0.00014681
   -0.05579557      0.09912625      0.37169109      0.00013732
   -0.11030770      0.02540125      0.02686087      0.00014727
   -0.11342109      0.00507588      0.02948071      0.00015096
   -0.11300219      0.01122754      0.00465586      0.00013878
   -0.11357950      0.00462891      0.01122253      0.00013735
   -0.01097872      0.11303794      0.38964437      0.00012983
   -0.01090436      0.11304702      0.00435391      0.00012978
   -0.10631760      0.03849573      0.04247211      0.00014057
   -0.10666206      0.03924876      0.38292736      0.00015473
   -0.09876225      0.05630309      0.02270747      0.00013448
   -0.09763477      0.05794475      0.35269467      0.00013326
   -0.05951237      0.09665055      0.35448578      0.00015362
   -0.11148820      0.02165571      0.38379021      0.00012280
   -0.07287533      0.08741328      0.04026184      0.00012850
   -0.00978468      0.11298406      0.02076619      0.00011873
   -0.08079111      0.08018228      0.03880571      0.00014456
   -0.01002783      0.11294896      0.37322770      0.00012158
   -0.08564755      0.07493743      0.35294855      0.00012912
   -0.05566721      0.09889497      0.04087860      0.00013005
   -0.08190202      0.07920951      0.02815217      0.00015028
   -0.01935782      0.11165946      0.01958026      0.00012672
   -0.01978381      0.11157986      0.37443200      0.00012925
   -0.02073470      0.11166884      0.38428200      0.00011728
   -0.02047750      0.11172242      0.00973464      0.00011557
   -0.11164891      0.01937835      0.01994394      0.00011652
   -0.11135830      0.02098517      0.37407717      0.00011602
   -0.11165051      0.02090110      0.01016323      0.00011511
   -0.11300059      0.00970479      0.02100324      0.00011117
   -0.10043128      0.05304204      0.03906747      0.00010183
   -0.08890894     -0.07114574      0.02412562      0.00018735
   -0.08329965     -0.07768685      0.02928955      0.00015497
   -0.03703706     -0.10720054      0.37045358      0.00018083
   -0.10690415     -0.03123387      0.30613282      0.00019503
   -0.11262286     -0.00624700      0.28584667      0.00018903
   -0.04480586     -0.10422970      0.36491825      0.00015336
   -0.11111741     -0.01263978      0.27623636      0.00019048
   -0.11249455     -0.00639278      0.26618969      0.00019407
   -0.10958393     -0.02426352      0.33621674      0.00018830
   -0.11287227     -0.00638192      0.32523547      0.00019151
   -0.08804939     -0.07225809      0.37030386      0.00017770
   -0.10880918     -0.02510818      0.31584766      0.00019338
   -0.03752913     -0.10701494      0.02332895      0.00019134
   -0.10228101     -0.04721432      0.05921879      0.00018251
   -0.09331490     -0.06125710      0.10805473      0.00019698
   -0.10578837     -0.03079329      0.24698455      0.00019435
   -0.11097760     -0.01258384      0.25648915      0.00019368
   -0.10586632     -0.02970448      0.20710578      0.00017667
   -0.11237767     -0.00644092      0.22652364      0.00019627
   -0.11023151     -0.02369392      0.03827122      0.00019962
   -0.10686416     -0.03796140      0.02327980      0.00019368
   -0.10764141     -0.02500376      0.25688622      0.00019138
   -0.10598006     -0.02933762      0.18735066      0.00017960
   -0.10925750     -0.02717154      0.34623953      0.00014805
   -0.11250233     -0.00611299      0.14776950      0.00018598
   -0.10768491     -0.02373047      0.19719052      0.00017659
   -0.10914762     -0.02369209      0.07859836      0.00018737
   -0.10779214     -0.02346117      0.17741346      0.00018072
   -0.10972734     -0.02757882      0.02728351      0.00018215
   -0.10603405     -0.02942136      0.16755965      0.00018460
   -0.10476688     -0.04187879      0.04832091      0.00021044
   -0.08231096     -0.07875792      0.36513133      0.00015309
   -0.10597673     -0.04058081      0.37095672      0.00016908
   -0.09519536     -0.05661094      0.13758826      0.00017639
   -0.04580986     -0.10380447      0.02892094      0.00015882
   -0.11204943     -0.01200898      0.33508547      0.00017508
   -0.11163113     -0.01256552      0.31549302      0.00019110
   -0.10850886     -0.02996763      0.04811328      0.00021566
   -0.10658583     -0.02918427      0.12779733      0.00019057
   -0.10834896     -0.02493821      0.29612485      0.00019027
   -0.11138171     -0.01243060      0.29580423      0.00018524
   -0.09603246     -0.05597470      0.11775142      0.00019411
   -0.02722959     -0.10982070      0.02729635      0.00017969
   -0.11086072     -0.01263199      0.23652310      0.00019754
   -0.10751548     -0.02443273      0.21683319      0.00017176
   -0.10422012     -0.04146489      0.06884870      0.00017937
   -0.10750223     -0.02481430      0.23671112      0.00018624
   -0.10812243     -0.03373904      0.36389939      0.00016262
   -0.02338298     -0.11031296      0.03830436      0.00019521
   -0.10792776     -0.02395310      0.13792789      0.00018958
   -0.02941656     -0.10867140      0.04818013      0.00020743
   -0.11115108     -0.01188237      0.13791021      0.00018133
   -0.10340269     -0.04669139      0.02870735      0.00016722
   -0.11083245     -0.01253635      0.21672704      0.00018870
   -0.10374639     -0.04079559      0.08845347      0.00018809
   -0.10754766     -0.02906252      0.08832400      0.00017279
   -0.02311773     -0.10985206      0.05901225      0.00017463
   -0.10794307     -0.02966888      0.06878812      0.00018505
   -0.11104292     -0.01194921      0.15762853      0.00018161
   -0.07005543     -0.08982032      0.03112562      0.00014294
   -0.09249024     -0.06168574      0.12785261      0.00017815
   -0.02701712     -0.10988792      0.36647410      0.00017300
   -0.10022544     -0.04640615      0.13767328      0.00016426
   -0.10778645     -0.02383178      0.15766560      0.00018206
   -0.02871596     -0.10822231      0.06893675      0.00017458
   -0.09646828     -0.05647119      0.09822760      0.00016933
   -0.10758482     -0.03117912      0.32672138      0.00020610
   -0.06084902     -0.09614363      0.36295377      0.00014304
   -0.04528479     -0.10243553      0.07887093      0.00017527
   -0.02268736     -0.10895011      0.09863380      0.00017451
   -0.10169947     -0.04534163      0.09806313      0.00017587
   -0.03996889     -0.10477218      0.06895501      0.00017587
   -0.02822771     -0.10727443      0.10853063      0.00017189
   -0.07531155     -0.08537049      0.02366527      0.00015295
   -0.02237802     -0.10840145      0.13796402      0.00017049
   -0.03928451     -0.10372664      0.10856563      0.00017017
   -0.04451552     -0.10147436      0.11838634      0.00017035
   -0.02846850     -0.10770235      0.08876412      0.00017535
   -0.10856056     -0.02280875      0.11785209      0.00017386
   -0.10280555     -0.04044846      0.12765163      0.00017650
   -0.10570220     -0.03051962      0.22681781      0.00017496
   -0.03961634     -0.10421885      0.08881267      0.00017369
   -0.06217064     -0.09531389      0.03108809      0.00014647
   -0.09465408     -0.06320813      0.02896791      0.00015333
   -0.06875586     -0.09080486      0.36305843      0.00014264
   -0.11051595     -0.02434790      0.36569194      0.00015286
   -0.05475314     -0.09957678      0.37039606      0.00015268
   -0.02218917     -0.10828023      0.15760027      0.00016884
   -0.02288402     -0.10936916      0.07880412      0.00017438
   -0.02761134     -0.10662876      0.16744918      0.00016897
   -0.02780936     -0.10674031      0.14779975      0.00016931
   -0.11275141     -0.00569521      0.10827244      0.00017229
   -0.00569229     -0.11286396      0.08865650      0.00017152
   -0.11140017     -0.01146459      0.11811316      0.00017553
   -0.09945606     -0.04727881      0.23706516      0.00017439
   -0.10162341     -0.04722116      0.07878841      0.00017809
   -0.10231678     -0.04948808      0.36628790      0.00012756
   -0.01145720     -0.11185570      0.07878101      0.00017309
   -0.11158122     -0.01155288      0.09834077      0.00017448
   -0.05535692     -0.09708634      0.09870042      0.00017119
   -0.04489199     -0.10191882      0.09871735      0.00017173
   -0.09430449     -0.05751521      0.23704013      0.00017040
   -0.02802960     -0.10694895      0.12816140      0.00017045
   -0.10171079     -0.04155534      0.22703231      0.00017631
   -0.02207458     -0.10821491      0.21671389      0.00016883
   -0.02754490     -0.10665036      0.22656724      0.00016848
   -0.10712893     -0.03585903      0.35103728      0.00015300
   -0.00553336     -0.11265320      0.24626161      0.00016828
   -0.10189703     -0.04070933      0.18741714      0.00017964
   -0.10729392     -0.02822578      0.10784524      0.00016803
   -0.11282981     -0.00585768      0.08856833      0.00017651
   -0.05623053     -0.09882674      0.38137301      0.00020170
   -0.09847700     -0.05695212      0.38258251      0.00016812
   -0.03846694     -0.10290927      0.16746458      0.00017042
   -0.09423002     -0.05699261      0.19736910      0.00017052
   -0.02752132     -0.10657378      0.20687090      0.00016843
   -0.05683320     -0.09847627      0.01257593      0.00020340
   -0.09884370     -0.05634913      0.01163520      0.00016363
   -0.02206805     -0.10831654      0.23642618      0.00016825
   -0.09132626     -0.06222952      0.22701826      0.00016969
   -0.04370851     -0.10077860      0.17732985      0.00017021
   -0.08467050     -0.07143806      0.22692179      0.00016979
   -0.00556690     -0.11259727      0.18716109      0.00016964
   -0.01107172     -0.11127287      0.23641663      0.00016865
   -0.09950690     -0.04642180      0.19734826      0.00018149
   -0.03897929     -0.10333867      0.12819664      0.00016990
   -0.11254059     -0.00583623      0.16745903      0.00017777
   -0.09138984     -0.06181108      0.18746795      0.00017100
   -0.04428014     -0.10353856      0.33472782      0.00016522
   -0.11104221     -0.01175860      0.17734992      0.00018000
   -0.02211619     -0.10820426      0.17730456      0.00016848
   -0.01111295     -0.11121493      0.17729970      0.00016985
   -0.07272264     -0.08347904      0.21692823      0.00016851
   -0.02207801     -0.10818403      0.19702932      0.00016760
   -0.02235521     -0.11002864      0.33483649      0.00016902
   -0.03952912     -0.10566722      0.34548952      0.00018904
   -0.08090919     -0.07563000      0.21699328      0.00016853
   -0.01133797     -0.11162518      0.09854929      0.00017213
   -0.02755525     -0.10656513      0.18717797      0.00016749
   -0.05978610     -0.09368165      0.12819541      0.00016970
   -0.05892456     -0.09316188      0.18726988      0.00016890
   -0.05404546     -0.09592099      0.17737419      0.00016894
   -0.09544799     -0.05965837      0.31596114      0.00017265
   -0.01107112     -0.11135935      0.25611161      0.00016787
   -0.01120552     -0.11220406      0.33487003      0.00016849
   -0.11248652     -0.01141747      0.03930031      0.00016947
   -0.01109291     -0.11120549      0.19701730      0.00016889
   -0.08477918     -0.07180634      0.24669660      0.00016910
   -0.10896333     -0.02273930      0.09817464      0.00016527
   -0.09439279     -0.05685939      0.17756613      0.00017012
   -0.09228422     -0.06418192      0.30599518      0.00017478
   -0.06827856     -0.08713327      0.22674205      0.00016808
   -0.03829197     -0.10285897      0.18718785      0.00016883
   -0.06925627     -0.08733033      0.12819444      0.00016903
   -0.10085126     -0.04902554      0.31612526      0.00018309
   -0.09154041     -0.06186986      0.16770927      0.00016921
   -0.02250903     -0.10863242      0.11831610      0.00017083
   -0.10296555     -0.04308850      0.30629525      0.00017697
   -0.07348805     -0.08362902      0.13808721      0.00016958
   -0.05937201     -0.09525713      0.30546605      0.00016898
   -0.11245478     -0.00609542      0.20690339      0.00018582
   -0.05388358     -0.09592347      0.19708971      0.00016808
   -0.10301743     -0.04812848      0.38828226      0.00017048
   -0.04752718     -0.10328378      0.38808724      0.00017628
   -0.06065438     -0.09447933      0.08881292      0.00017230
   -0.08109873     -0.07634544      0.25648510      0.00016839
   -0.10356550     -0.04324185      0.32683655      0.00021553
   -0.04406772     -0.10294175      0.31524985      0.00016858
   -0.04778696     -0.10317021      0.00584596      0.00017430
   -0.11095640     -0.01201779      0.19709428      0.00018348
   -0.05585791     -0.09752848      0.07888811      0.00017370
   -0.10310202     -0.04794010      0.00581232      0.00017330
   -0.05444144     -0.09828461      0.31530216      0.00016910
   -0.08076648     -0.08014776      0.38813630      0.00017490
   -0.08098115     -0.07590580      0.23675683      0.00016935
   -0.05426778     -0.09766612      0.29557972      0.00016868
   -0.08096345     -0.07994483      0.00594850      0.00017742
   -0.08472728     -0.07110035      0.18744341      0.00016937
   -0.08490317     -0.07113694      0.16772563      0.00016862
   -0.10133958     -0.04934819      0.33651020      0.00019847
   -0.09511073     -0.05901734      0.29624198      0.00017080
   -0.06885997     -0.08707986      0.14793275      0.00016829
   -0.09983108     -0.04847010      0.27678844      0.00016825
   -0.09188932     -0.06375072      0.28630459      0.00016826
   -0.09247569     -0.06498201      0.32574631      0.00016900
   -0.08493684     -0.07231515      0.26641553      0.00016834
   -0.05955149     -0.09585038      0.32520281      0.00016947
   -0.09162576     -0.06316316      0.26660256      0.00016823
   -0.04586500     -0.10287325      0.05920749      0.00017495
   -0.01109342     -0.11148904      0.27580089      0.00016809
   -0.06117076     -0.09486639      0.06900862      0.00017246
   -0.02212764     -0.10874090      0.27580382      0.00016808
   -0.09445522     -0.05801141      0.25685898      0.00016819
   -0.07288720     -0.08415569      0.25635055      0.00016805
   -0.10173362     -0.04222208      0.24712410      0.00017581
   -0.09959051     -0.04784560      0.25707460      0.00016948
   -0.10588974     -0.03146606      0.26699937      0.00018949
   -0.09144675     -0.06262430      0.24688345      0.00016866
   -0.08128235     -0.07686720      0.27618580      0.00016830
   -0.10189360     -0.04287911      0.26704820      0.00016927
   -0.00555566     -0.11278289      0.28565089      0.00016806
   -0.09460107     -0.05693820      0.15767634      0.00017526
   -0.09335809     -0.06251748      0.08876849      0.00016518
   -0.02757658     -0.10708870      0.26595697      0.00016806
   -0.09977840     -0.04651620      0.15761292      0.00017766
   -0.10194804     -0.04091692      0.16761588      0.00017788
   -0.10602254     -0.03006628      0.14782426      0.00018131
   -0.10210049     -0.04125515      0.14771534      0.00017047
   -0.06837696     -0.08685413      0.18733174      0.00016817
   -0.03837879     -0.10356576      0.26597350      0.00016805
   -0.07393044     -0.08389381      0.11836011      0.00016843
   -0.04364913     -0.10136056      0.25613862      0.00016805
   -0.06858002     -0.08690274      0.16763062      0.00016795
   -0.05916432     -0.09320205      0.16755301      0.00016805
   -0.07291356     -0.08331393      0.17751366      0.00016800
   -0.00552601     -0.11260822      0.20685621      0.00016839
   -0.05396151     -0.09662584      0.25618149      0.00016805
   -0.05890608     -0.09370750      0.24636325      0.00016805
   -0.05387973     -0.09626099      0.23648512      0.00016805
   -0.05883870     -0.09339755      0.22666915      0.00016776
   -0.05385338     -0.09602597      0.21678988      0.00016764
   -0.05884349     -0.09321557      0.20697082      0.00016773
   -0.01113296     -0.11167180      0.29550089      0.00016805
   -0.00557730     -0.11288891      0.30535000      0.00016805
   -0.00564568     -0.11276122      0.10839279      0.00017080
   -0.11248305     -0.00619107      0.24639946      0.00018836
   -0.00554605     -0.11261766      0.16743861      0.00016890
   -0.00553836     -0.11261967      0.22655501      0.00016866
   -0.11250162     -0.00592237      0.18719089      0.00018052
   -0.00553776     -0.11270615      0.26595000      0.00016805
   -0.11264875     -0.00576938      0.12804071      0.00017510
   -0.11275886     -0.00618360      0.30545755      0.00018637
   -0.01106437     -0.11122789      0.21671122      0.00016850
   -0.00558107     -0.11264079      0.14775595      0.00016974
   -0.09189309     -0.06188193      0.14769374      0.00017521
   -0.01112712     -0.11125845      0.15759456      0.00016887
   -0.08093629     -0.07547747      0.19728438      0.00016816
   -0.09962310     -0.04632844      0.17753617      0.00018048
   -0.07276539     -0.08333306      0.19721702      0.00016838
   -0.01127639     -0.11144414      0.11826277      0.00017025
   -0.08109299     -0.07541574      0.17755796      0.00016959
   -0.04395900     -0.10087915      0.15761466      0.00017076
   -0.05431943     -0.09602954      0.15765875      0.00016805
   -0.09126151     -0.06203269      0.20722886      0.00016824
   -0.06827290     -0.08693292      0.20703626      0.00016844
   -0.01121178     -0.11132371      0.13792593      0.00016995
   -0.09469854     -0.05858835      0.27655843      0.00016820
   -0.07315286     -0.08342185      0.15781547      0.00016796
   -0.08129659     -0.07555424      0.15786618      0.00016807
   -0.08463034     -0.07122829      0.20716868      0.00016811
   -0.04376408     -0.10179195      0.27583643      0.00016813
   -0.02220765     -0.10908291      0.29550185      0.00016812
   -0.00563071     -0.11268292      0.12806998      0.00017088
   -0.09419613     -0.05722586      0.21714993      0.00016943
   -0.05944222     -0.09338824      0.14785364      0.00016804
   -0.08522585     -0.07123090      0.14786721      0.00017415
   -0.08516204     -0.07287758      0.28611899      0.00016843
   -0.05460014     -0.09628873      0.13800906      0.00016716
   -0.08171021     -0.07564766      0.13797096      0.00017216
   -0.04091090     -0.10514272      0.04835711      0.00020338
   -0.08567233     -0.07137350      0.12806185      0.00016858
   -0.06887025     -0.08902597      0.30555477      0.00016861
   -0.06836226     -0.08746275      0.24644736      0.00016806
   -0.08212434     -0.07591834      0.11834376      0.00017051
   -0.02777239     -0.10790505      0.30535193      0.00016823
   -0.08622470     -0.07151298      0.10843783      0.00017444
   -0.00582859     -0.11314320      0.04919862      0.00017409
   -0.05409797     -0.09710159      0.27587811      0.00016820
   -0.07487672     -0.08454441      0.07896482      0.00016953
   -0.10229992     -0.04317189      0.28667055      0.00017122
   -0.07019146     -0.08800486      0.08881818      0.00017120
   -0.02766456     -0.10744585      0.28565479      0.00016806
   -0.07343837     -0.08579205      0.31548040      0.00016879
   -0.10353520     -0.04521810      0.34757398      0.00019402
   -0.09565303     -0.06045552      0.33558408      0.00016545
   -0.00576491     -0.11299174      0.06892450      0.00017294
   -0.06849458     -0.08791528      0.26614301      0.00016808
   -0.05468397     -0.09884094      0.33483130      0.00016304
   -0.07305162     -0.08465707      0.27604783      0.00016818
   -0.03849880     -0.10401984      0.28567085      0.00016812
   -0.05902507     -0.09414068      0.26605806      0.00016805
   -0.06905018     -0.08958899      0.32529233      0.00016889
   -0.00562706     -0.11317715      0.34475000      0.00016805
   -0.11317715     -0.00562706      0.34475000      0.00016805
   -0.11298207     -0.00581598      0.06890822      0.00017447
   -0.05649375     -0.09787451      0.05924392      0.00016639
   -0.01159350     -0.11213494      0.05902312      0.00017422
   -0.07065249     -0.08835678      0.06908006      0.00016954
   -0.05919243     -0.09466642      0.28575505      0.00016829
   -0.08540566     -0.07347371      0.30583321      0.00016872
   -0.09646629     -0.05781349      0.07893896      0.00017285
   -0.08272674     -0.07604232      0.09862321      0.00017649
   -0.08150490     -0.07743599      0.29589442      0.00016871
   -0.04390804     -0.10232917      0.29553721      0.00016821
   -0.06969419     -0.08766493      0.10852344      0.00016859
   -0.08670676     -0.07183273      0.08878100      0.00017068
   -0.02852958     -0.10890593      0.34565775      0.00020153
   -0.08562528     -0.07405150      0.32556478      0.00016901
   -0.00549064     -0.11335868      0.02951336      0.00016335
   -0.11334791     -0.00556076      0.02951603      0.00016545
   -0.03863855     -0.10457733      0.30537122      0.00016820
   -0.05980640     -0.09629875      0.34442999      0.00016037
   -0.08697662     -0.07238649      0.06916342      0.00016955
   -0.08171903     -0.07801965      0.31561764      0.00016882
   -0.06867657     -0.08844731      0.28583982      0.00016819
   -0.07439013     -0.08421881      0.09869246      0.00017040
   -0.07325015     -0.08521585      0.29575321      0.00016835
   -0.09245073     -0.06583642      0.34613409      0.00019424
   -0.06164761     -0.09519194      0.04967667      0.00015932
   -0.08305541     -0.07654877      0.07899689      0.00016967
   -0.01131924     -0.11250189      0.03931198      0.00016845
   -0.10038880     -0.04855675      0.29637793      0.00017575
   -0.09372616     -0.06384232      0.04868966      0.00020506
   -0.03877395     -0.10520514      0.32504702      0.00016790
   -0.09373617     -0.06296647      0.06911801      0.00017423
   -0.07277576     -0.08375196      0.23664214      0.00016825
   -0.09695418     -0.05812357      0.05933755      0.00017093
   -0.09368659     -0.06468776      0.36579212      0.00014708
   -0.07360147     -0.08630647      0.33521761      0.00016875
   -0.06922522     -0.09002567      0.34472678      0.00016029
   -0.06512605     -0.09326994      0.38728577      0.00020021
   -0.09318654     -0.06524634      0.38830025      0.00016999
   -0.04358794     -0.10076294      0.19705202      0.00016871
   -0.02784855     -0.10845652      0.32498746      0.00016792
   -0.02289037     -0.11043522      0.35549905      0.00018662
   -0.08189592     -0.07854138      0.33535282      0.00016876
   -0.06546894     -0.09303304      0.00672997      0.00020068
   -0.09346866     -0.06483172      0.00582288      0.00017365
   -0.07093239     -0.08869988      0.04961987      0.00016385
   -0.07526026     -0.08487284      0.05925856      0.00016871
   -0.08554402     -0.07485278      0.34608436      0.00018342
   -0.08693724     -0.07319693      0.04861655      0.00018215
   -0.02227617     -0.10952086      0.31517100      0.00016786
   -0.02753429     -0.10682756      0.24627520      0.00016792
   -0.11261925     -0.01055047      0.35462363      0.00015787
   -0.00557847     -0.11302691      0.32502003      0.00016733
   -0.08340571     -0.07689819      0.05930985      0.00016917
   -0.03830549     -0.10322101      0.24628163      0.00016781
   -0.11313861     -0.00585671      0.04918427      0.00017493
   -0.00551047     -0.11335387      0.36440776      0.00016395
   -0.11344209     -0.00492342      0.36447363      0.00014642
   -0.11181188     -0.01167365      0.07867655      0.00017448
   -0.06019805     -0.09405800      0.10853665      0.00016976
   -0.02207572     -0.10849005      0.25611565      0.00016768
   -0.01115577     -0.11191582      0.31517003      0.00016695
   -0.03829453     -0.10285886      0.20688372      0.00016815
   -0.07335691     -0.08697311      0.38142207      0.00020488
   -0.08750843     -0.07285848      0.38243655      0.00016153
   -0.10974594     -0.02350716      0.05895059      0.00018297
   -0.07389677     -0.08653328      0.01267846      0.00020389
   -0.08798752     -0.07224093      0.01177138      0.00017039
   -0.04360006     -0.10082978      0.21674048      0.00016767
   -0.03829717     -0.10298016      0.22658100      0.00016793
   -0.11212068     -0.01167268      0.05899250      0.00017537
   -0.01113753     -0.11253102      0.35455776      0.00016495
   -0.04359152     -0.10103979      0.23644638      0.00016791
   -0.04424194     -0.10110959      0.13799825      0.00016876
   -0.10632148     -0.03140798      0.28657990      0.00019187
   -0.10231459     -0.04851592      0.03945360      0.00016976
   -0.10177134     -0.04102410      0.20719705      0.00017994
   -0.05496413     -0.09663820      0.11837430      0.00016971
   -0.03872359     -0.10305872      0.14779873      0.00016976
   -0.10784879     -0.02529315      0.27664897      0.00019368
   -0.02934920     -0.10976087      0.38855839      0.00016221
   -0.10965902     -0.02972994      0.38829339      0.00017011
   -0.09942908     -0.04678807      0.21713896      0.00017879
   -0.02927060     -0.10978196      0.00535727      0.00015969
   -0.10976546     -0.02933700      0.00536323      0.00015987
   -0.10131769     -0.04494221      0.11746541      0.00017686
   -0.05578913     -0.09900778      0.02352519      0.00015535
   -0.10383132     -0.03909505      0.10760426      0.00016493
   -0.07436042     -0.08618366      0.37054979      0.00015330
   -0.03828099     -0.10700467      0.38264562      0.00015661
   -0.04590204     -0.10350165      0.35424612      0.00015113
   -0.10663647     -0.03926303      0.38257564      0.00016365
   -0.00435330     -0.11361809      0.38304982      0.00012913
   -0.04734260     -0.10286608      0.03961724      0.00015641
   -0.03846216     -0.10691218      0.01120323      0.00016353
   -0.10682749     -0.03868171      0.01117555      0.00016534
   -0.00433062     -0.11362147      0.01090975      0.00012846
   -0.11362173     -0.00431934      0.38301806      0.00012813
   -0.11361772     -0.00436067      0.01091596      0.00012935
   -0.09910770     -0.05582072      0.02242598      0.00013988
   -0.08112551     -0.07981115      0.35470692      0.00014518
   -0.08247953     -0.07840011      0.03982650      0.00014734
   -0.10086875     -0.05200537      0.35576727      0.00013517
   -0.01095193     -0.11304078      0.38961649      0.00013066
   -0.11304041     -0.01095930      0.00434929      0.00012964
   -0.01092925     -0.11304416      0.00434308      0.00012946
   -0.11304442     -0.01091797      0.38958473      0.00013161
   -0.09547083     -0.06151636      0.35525350      0.00015510
   -0.09843608     -0.05699394      0.37220707      0.00013744
   -0.09660071     -0.05957020      0.03970360      0.00015529
   -0.05745056     -0.09791404      0.04090038      0.00013147
   -0.00982126     -0.11298015      0.02072311      0.00011885
   -0.11306382     -0.00924276      0.37319169      0.00011159
   -0.07310116     -0.08721895      0.35348456      0.00012671
   -0.11296562     -0.00992143      0.02073199      0.00011990
   -0.07462012     -0.08592841      0.04088111      0.00012810
   -0.05577550     -0.09883080      0.35308310      0.00013018
   -0.00986378     -0.11297196      0.37315758      0.00011993
   -0.11159183     -0.01937730      0.37405175      0.00014045
   -0.01949646     -0.11163110      0.01951372      0.00012830
   -0.11160007     -0.01966303      0.01952855      0.00012896
   -0.01961758     -0.11160181      0.37428263      0.00013046
   -0.02070574     -0.11167063      0.38417487      0.00011910
   -0.11167485     -0.02070090      0.00971252      0.00011738
   -0.11157243     -0.02105252      0.38387811      0.00013094
   -0.02060445     -0.11169511      0.00970035      0.00011663
   -0.11116510     -0.01984041      0.35498189      0.00012237
   -0.07629270     -0.06314802      0.39400000      0.00020232
   -0.06314802     -0.07629270      0.39400000      0.00020232
   -0.05737173     -0.08437044      0.39400000      0.00016012
   -0.08437063     -0.05737184      0.39400000      0.00016012
   -0.07522023     -0.07522023      0.39400000      0.00021428
   -0.05933424     -0.09178101      0.39400000      0.00012969
   -0.09178120     -0.05933436      0.39400000      0.00012968
   -0.00982637     -0.09349422      0.39400000      0.00006628
   -0.09349425     -0.00983889      0.39400000      0.00006632
   -0.01933739     -0.09516975      0.39400000      0.00006424
   -0.09516981     -0.01935202      0.39400000      0.00006414
   -0.01995325     -0.10251502      0.39400000      0.00012422
   -0.10251509     -0.01996788      0.39400000      0.00012398
   -0.03841610     -0.09781287      0.39400000      0.00013737
   -0.09781309     -0.03841832      0.39400000      0.00013731
   -0.04790508     -0.09837964      0.39400000      0.00012395
   -0.09837983     -0.04790519      0.39400000      0.00012394
   -0.03715496     -0.09043686      0.39400000      0.00008961
   -0.09043708     -0.03715718      0.39400000      0.00008960
   -0.02910642     -0.10547321      0.39400000      0.00012381
   -0.10547325     -0.02910853      0.39400000      0.00012379
   -0.09775016     -0.00385612      0.39400000      0.00006363
   -0.00384360     -0.09775013      0.39400000      0.00006342
   -0.09075196     -0.02723153      0.39400000      0.00008636
   -0.02722942     -0.09075192      0.39400000      0.00008634
   -0.08359325     -0.04468154      0.39400000      0.00008734
   -0.04468142     -0.08359306      0.39400000      0.00008733
   -0.10975603     -0.00659863      0.39400000      0.00010888
   -0.00659863     -0.10975603      0.39400000      0.00010888
   -0.01044223     -0.10450616      0.39400000      0.00010045
   -0.10450619     -0.01045475      0.39400000      0.00010062
    0.06314802     -0.07629270      0.39400000      0.00020232
    0.07629270     -0.06314802      0.39400000      0.00020232
    0.05737173     -0.08437044      0.39400000      0.00016012
    0.08437065     -0.05737182      0.39400000      0.00016012
    0.07522023     -0.07522023      0.39400000      0.00021428
    0.05933424     -0.09178101      0.39400000      0.00012969
    0.09178121     -0.05933433      0.39400000      0.00012968
    0.00982637     -0.09349422      0.39400000      0.00006628
    0.09349423     -0.00982638      0.39400000      0.00006628
    0.09516980     -0.01933742      0.39400000      0.00006424
    0.01933739     -0.09516975      0.39400000      0.00006424
    0.10251507     -0.01995328      0.39400000      0.00012422
    0.01995325     -0.10251502      0.39400000      0.00012422
    0.03841610     -0.09781287      0.39400000      0.00013737
    0.09781311     -0.03841621      0.39400000      0.00013737
    0.04790508     -0.09837964      0.39400000      0.00012395
    0.09837984     -0.04790517      0.39400000      0.00012394
    0.03715496     -0.09043686      0.39400000      0.00008961
    0.09043710     -0.03715507      0.39400000      0.00008961
    0.02910642     -0.10547321      0.39400000      0.00012381
    0.10547325     -0.02910644      0.39400000      0.00012381
    0.09775015     -0.00384361      0.39400000      0.00006342
    0.00384360     -0.09775013      0.39400000      0.00006342
    0.09075196     -0.02722944      0.39400000      0.00008634
    0.02722942     -0.09075192      0.39400000      0.00008634
    0.08359326     -0.04468151      0.39400000      0.00008734
    0.04468142     -0.08359306      0.39400000      0.00008733
    0.10975603     -0.00659863      0.39400000      0.00010888
    0.00659863     -0.10975603      0.39400000      0.00010888
    0.10450617     -0.01044224      0.39400000      0.00010045
    0.01044223     -0.10450616      0.39400000      0.00010045
    0.06314802      0.07629270      0.39400000      0.00020232
    0.07629270      0.06314802      0.39400000      0.00020232
    0.05737173      0.08437044      0.39400000      0.00016012
    0.08437063      0.05737184      0.39400000      0.00016012
    0.07522023      0.07522023      0.39400000      0.00021428
    0.05933424      0.09178101      0.39400000      0.00012969
    0.09178120      0.05933436      0.39400000      0.00012968
    0.00982637      0.09349422      0.39400000      0.00006628
    0.09349423      0.00983888      0.39400000      0.00006632
    0.01933739      0.09516975      0.39400000      0.00006424
    0.09516980      0.01935201      0.39400000      0.00006413
    0.01995325      0.10251502      0.39400000      0.00012422
    0.10251507      0.01996787      0.39400000      0.00012398
    0.03841610      0.09781287      0.39400000      0.00013737
    0.09781309      0.03841832      0.39400000      0.00013731
    0.04790508      0.09837964      0.39400000      0.00012395
    0.09837983      0.04790519      0.39400000      0.00012394
    0.09043708      0.03715718      0.39400000      0.00008960
    0.03715496      0.09043686      0.39400000      0.00008961
    0.10547325      0.02910852      0.39400000      0.00012379
    0.02910642      0.10547321      0.39400000      0.00012381
    0.09775015      0.00385611      0.39400000      0.00006363
    0.00384360      0.09775013      0.39400000      0.00006342
    0.02722942      0.09075192      0.39400000      0.00008634
    0.09075196      0.02723152      0.39400000      0.00008636
    0.08359325      0.04468154      0.39400000      0.00008734
    0.04468142      0.08359306      0.39400000      0.00008733
    0.10975603      0.00659863      0.39400000      0.00010888
    0.00659863      0.10975603      0.39400000      0.00010888
    0.01044223      0.10450616      0.39400000      0.00010045
    0.10450617      0.01045474      0.39400000      0.00010062
   -0.07629270      0.06314802      0.39400000      0.00020232
   -0.06314802      0.07629270      0.39400000      0.00020232
   -0.08437065      0.05737182      0.39400000      0.00016012
   -0.05737184      0.08437063      0.39400000      0.00016012
   -0.07522023      0.07522023      0.39400000      0.00021428
   -0.09178121      0.05933433      0.39400000      0.00012968
   -0.05933436      0.09178120      0.39400000      0.00012968
   -0.09349423      0.00982638      0.39400000      0.00006628
   -0.00983888      0.09349423      0.39400000      0.00006632
   -0.09516980      0.01933742      0.39400000      0.00006424
   -0.01935201      0.09516980      0.39400000      0.00006413
   -0.10251507      0.01995328      0.39400000      0.00012422
   -0.01996787      0.10251507      0.39400000      0.00012398
   -0.03841832      0.09781309      0.39400000      0.00013731
   -0.09781311      0.03841621      0.39400000      0.00013737
   -0.04790519      0.09837983      0.39400000      0.00012394
   -0.09837984      0.04790517      0.39400000      0.00012394
   -0.03715718      0.09043708      0.39400000      0.00008960
   -0.09043710      0.03715507      0.39400000      0.00008961
   -0.02910852      0.10547325      0.39400000      0.00012379
   -0.10547325      0.02910644      0.39400000      0.00012381
   -0.00385611      0.09775015      0.39400000      0.00006363
   -0.09775015      0.00384361      0.39400000      0.00006342
   -0.09075196      0.02722944      0.39400000      0.00008634
   -0.02723152      0.09075196      0.39400000      0.00008636
   -0.08359326      0.04468151      0.39400000      0.00008734
   -0.04468154      0.08359325      0.39400000      0.00008734
   -0.10975603      0.00659863      0.39400000      0.00010888
   -0.00659863      0.10975603      0.39400000      0.00010888
   -0.10450617      0.01044224      0.39400000      0.00010045
   -0.01045474      0.10450617      0.39400000      0.00010062
    0.05223439     -0.07540052      0.89058249      0.00016262
    0.04805238     -0.07810021      0.90114259      0.00017554
    0.09029876     -0.00726871      0.54234091      0.00022147
    0.09059801     -0.01264164      0.92301679      0.00013488
    0.01224663     -0.08931066      0.79139734      0.00021154
    0.08875701     -0.01367114      0.55239873      0.00021387
    0.00606377     -0.09071853      0.80080733      0.00018387
    0.09118726     -0.00665887      0.91642419      0.00019901
    0.09045824     -0.00640243      0.56228004      0.00019537
    0.02476289     -0.08592200      0.79226888      0.00022579
    0.02548002     -0.08771773      0.89261592      0.00015110
    0.02070054     -0.08873439      0.88407787      0.00014682
    0.08343879     -0.03029941      0.58242530      0.00019251
    0.06550756     -0.06430333      0.90054168      0.00017672
    0.02242927     -0.08619540      0.75113606      0.00017285
    0.08737593     -0.02634738      0.43039286      0.00020136
    0.08911304     -0.01285358      0.53245203      0.00019565
    0.04449633     -0.07709069      0.73226322      0.00018304
    0.06088710     -0.06866661      0.89029294      0.00016841
    0.07257601     -0.05624369      0.89972612      0.00016379
    0.09040908     -0.00625183      0.60159163      0.00019138
    0.03044370     -0.08399570      0.78163976      0.00019119
    0.02787356     -0.08438659      0.74143672      0.00017333
    0.03885604     -0.08301811      0.90160770      0.00015517
    0.08899816     -0.01231542      0.57219640      0.00018421
    0.08884840     -0.01230639      0.61145779      0.00018989
    0.03907562     -0.07986151      0.74191728      0.00018802
    0.08560461     -0.02296637      0.65152092      0.00018060
    0.08892450     -0.01189893      0.63132187      0.00018324
    0.08544672     -0.02461113      0.57251900      0.00018838
    0.00520527     -0.09145452      0.91635350      0.00015527
    0.02857791     -0.08436043      0.76137440      0.00018101
    0.01118804     -0.09086527      0.92294609      0.00013672
    0.03751264     -0.08325271      0.44525776      0.00015450
    0.09043932     -0.00605456      0.62142172      0.00018549
    0.04620197     -0.07681486      0.77190554      0.00018144
    0.08539931     -0.02425552      0.59191655      0.00018482
    0.02218304     -0.08598473      0.71156646      0.00017601
    0.07619661     -0.04546274      0.63246067      0.00017456
    0.03879720     -0.07978210      0.72223927      0.00017771
    0.02811701     -0.08398636      0.70220796      0.00017246
    0.08413697     -0.03579379      0.43416183      0.00016858
    0.08753225     -0.02199299      0.48834172      0.00017520
    0.08874328     -0.01633501      0.49584182      0.00015419
    0.08359899     -0.02895106      0.64167895      0.00018293
    0.02710138     -0.08693291      0.44471922      0.00016408
    0.02254670     -0.08576740      0.69170038      0.00018907
    0.08672636     -0.02953556      0.91582598      0.00015739
    0.02826242     -0.08384563      0.68233521      0.00018491
    0.08582498     -0.02237817      0.69096461      0.00018088
    0.02718511     -0.08482939      0.56283018      0.00016965
    0.02235916     -0.08579503      0.67161594      0.00018057
    0.08379021     -0.02837048      0.66169197      0.00017748
    0.03766047     -0.08083331      0.56339473      0.00016801
    0.08894899     -0.01216481      0.59173021      0.00018318
    0.02360143     -0.08603960      0.77119841      0.00018479
    0.08399320     -0.02807235      0.70116814      0.00017980
    0.07657732     -0.04460718      0.67215961      0.00018004
    0.04963052     -0.07721575      0.41497640      0.00014077
    0.02226675     -0.08586583      0.63233884      0.00016973
    0.07744687     -0.04390266      0.73148915      0.00017400
    0.08593127     -0.02231325      0.71088477      0.00018052
    0.02802566     -0.08391088      0.66263486      0.00017353
    0.04161377     -0.07940096      0.78189787      0.00018117
    0.07897808     -0.03993288      0.64215038      0.00017978
    0.08918303     -0.01884396      0.43744850      0.00015129
    0.07875512     -0.04064046      0.62227280      0.00017142
    0.08390929     -0.02809504      0.68136915      0.00017989
    0.04000838     -0.07973043      0.76182343      0.00018931
    0.08826365     -0.02437726      0.92301679      0.00013481
    0.02178471     -0.08622338      0.59270028      0.00016945
    0.02772751     -0.08411816      0.62304187      0.00017665
    0.08544723     -0.02356104      0.63147192      0.00018005
    0.05606477     -0.07270035      0.41931229      0.00013114
    0.02791423     -0.08397490      0.64287714      0.00018128
    0.02718521     -0.08460589      0.58290744      0.00017017
    0.00952864     -0.09006903      0.81084360      0.00012673
    0.02182398     -0.08781427      0.47411697      0.00016106
    0.08938536     -0.01129455      0.77017275      0.00017307
    0.02225116     -0.08583572      0.65201893      0.00017715
    0.08615430     -0.02251579      0.75072193      0.00017633
    0.08637932     -0.02250159      0.77055047      0.00017358
    0.07981676     -0.03877445      0.72142371      0.00017316
    0.07932904     -0.03919359      0.68185343      0.00017733
    0.07917408     -0.03942467      0.66208187      0.00017910
    0.08008033     -0.03875316      0.74128798      0.00017158
    0.02771400     -0.08425966      0.72176066      0.00017192
    0.02700950     -0.08662360      0.46441387      0.00016341
    0.08588316     -0.02621261      0.51444965      0.00019024
    0.08418662     -0.02790613      0.72107626      0.00017480
    0.02579329     -0.08726731      0.87282277      0.00015944
    0.05222120     -0.07535582      0.43637458      0.00016273
    0.08452553     -0.02811275      0.76082578      0.00017432
    0.03456602     -0.08474946      0.89132475      0.00014248
    0.08577370     -0.02245444      0.67128543      0.00017394
    0.07534364     -0.05231585      0.88902344      0.00015218
    0.09071940     -0.00566657      0.77988555      0.00017235
    0.02057198     -0.08840620      0.86433819      0.00016749
    0.08699567     -0.02797843      0.89739828      0.00015090
    0.02731648     -0.08438897      0.60299834      0.00017225
    0.08433015     -0.02801231      0.74095955      0.00017599
    0.05646974     -0.07219205      0.44615902      0.00015340
    0.07184425     -0.05698290      0.87955088      0.00017184
    0.08807563     -0.02222670      0.86876044      0.00016534
    0.09080459     -0.00563451      0.79960314      0.00017088
    0.09034903     -0.01118965      0.86869146      0.00016604
    0.02728066     -0.08614182      0.48433027      0.00016474
    0.07932171     -0.04239565      0.52608225      0.00014827
    0.04283332     -0.08090507      0.43575369      0.00015893
    0.02203098     -0.08738907      0.49392066      0.00016557
    0.02202440     -0.08602807      0.61268666      0.00016997
    0.08835164     -0.02243319      0.88808537      0.00015922
    0.08322979     -0.03818715      0.89754170      0.00014660
    0.04290907     -0.07936041      0.51429617      0.00016677
    0.08732517     -0.02233924      0.82951217      0.00016886
    0.07490508     -0.05300286      0.43667138      0.00012671
    0.06445616     -0.06527403      0.88000483      0.00017444
    0.06867855     -0.06062097      0.45527432      0.00016587
    0.08527119     -0.02431030      0.61164149      0.00018511
    0.09052645     -0.01135630      0.88814201      0.00016334
    0.08678122     -0.02770975      0.87854568      0.00016448
    0.08328219     -0.03034644      0.60196166      0.00018164
    0.08599234     -0.02782818      0.83947518      0.00016906
    0.09129703     -0.00576048      0.89805312      0.00017216
    0.09135286     -0.00544028      0.42401118      0.00016253
    0.06488184     -0.06454036      0.46515365      0.00016724
    0.07792174     -0.04813309      0.44536699      0.00014208
    0.08560573     -0.02783068      0.81983018      0.00016764
    0.08769470     -0.02229803      0.84919123      0.00016899
    0.08952399     -0.01130109      0.78993313      0.00017010
    0.06486942     -0.06483923      0.44609530      0.00015114
    0.05986390     -0.06939203      0.87004448      0.00016817
    0.08706227     -0.02533938      0.46912340      0.00012898
    0.04687111     -0.07864636      0.88061505      0.00016911
    0.05187605     -0.07536793      0.45556656      0.00016625
    0.03779128     -0.08148843      0.52388621      0.00016739
    0.00535277     -0.09127096      0.44363797      0.00016026
    0.07118069     -0.05750197      0.85969758      0.00016326
    0.09111960     -0.00559383      0.85882480      0.00016799
    0.08081193     -0.04305995      0.88840106      0.00015438
    0.05228578     -0.07437247      0.49488547      0.00016203
    0.08343206     -0.03823313      0.91618758      0.00014347
    0.08338483     -0.02972058      0.62175547      0.00018046
    0.00515354     -0.09129673      0.87775399      0.00015431
    0.05647901     -0.07193451      0.46538217      0.00016401
    0.00949208     -0.09043393      0.84710623      0.00013988
    0.06880808     -0.06010686      0.47485434      0.00016787
    0.07476772     -0.05280494      0.86932350      0.00016556
    0.08990793     -0.01121526      0.82929232      0.00016819
    0.09122943     -0.00559582      0.87853333      0.00016758
    0.08300739     -0.03812779      0.87871794      0.00015930
    0.01019439     -0.09050499      0.86685423      0.00015811
    0.06852083     -0.06107450      0.43712503      0.00013583
    0.08641288     -0.02774011      0.85907940      0.00016542
    0.09012803     -0.01118879      0.84900560      0.00016772
    0.07539784     -0.05141925      0.47455303      0.00015564
    0.07813965     -0.04721825      0.46457768      0.00015492
    0.07534661     -0.05198647      0.45499966      0.00015422
    0.01098545     -0.08975800      0.51300162      0.00016431
    0.06502704     -0.06400944      0.48481696      0.00016811
    0.00545779     -0.09084259      0.52268228      0.00016552
    0.07823668     -0.04634520      0.48391115      0.00015304
    0.08074887     -0.03870930      0.78088436      0.00016915
    0.07809230     -0.04392409      0.77111109      0.00016891
    0.04385899     -0.07702235      0.65355948      0.00016997
    0.05388319     -0.07075451      0.67307642      0.00017028
    0.05352496     -0.07100453      0.65328611      0.00016986
    0.07837552     -0.04283641      0.56342938      0.00016900
    0.06366496     -0.06579792      0.85996461      0.00016399
    0.08322827     -0.03153873      0.56309374      0.00018865
    0.06890278     -0.05953008      0.49456417      0.00016825
    0.07130841     -0.05382406      0.73180877      0.00017518
    0.00504085     -0.09120827      0.85776691      0.00015138
    0.05858028     -0.06712348      0.68282598      0.00016950
    0.06528069     -0.06331292      0.50451298      0.00016406
    0.07568643     -0.04748496      0.57332854      0.00017830
    0.04324680     -0.07755570      0.61367239      0.00016892
    0.07853126     -0.04187556      0.58289919      0.00017450
    0.04283925     -0.07826662      0.57372635      0.00016921
    0.07854631     -0.04380265      0.79084177      0.00016863
    0.05294702     -0.07166073      0.61371774      0.00016935
    0.07576115     -0.04685917      0.59296371      0.00017780
    0.08257364     -0.03830111      0.85925964      0.00016344
    0.05270986     -0.07207791      0.59391160      0.00016907
    0.08507847     -0.02651173      0.55288983      0.00019453
    0.05422552     -0.07060309      0.69286303      0.00017032
    0.05791172     -0.06766703      0.64325876      0.00016948
    0.05249468     -0.07254403      0.57399002      0.00017102
    0.05703210     -0.07072686      0.50463497      0.00016450
    0.00567400     -0.09065525      0.76020797      0.00017299
    0.01185685     -0.08924738      0.77057575      0.00018402
    0.08277477     -0.03708334      0.48244144      0.00014196
    0.01108232     -0.08992711      0.49334262      0.00016632
    0.07552267     -0.05055345      0.49395968      0.00016460
    0.02185622     -0.08657085      0.55256236      0.00016652
    0.01108418     -0.08919120      0.71094777      0.00017221
    0.01102028     -0.08945091      0.55227369      0.00016922
    0.00558733     -0.09057150      0.70075888      0.00017109
    0.01111588     -0.08914607      0.69086999      0.00017546
    0.08918848     -0.01109052      0.71057012      0.00017294
    0.08033392     -0.03885841      0.76113381      0.00016869
    0.09058647     -0.00553161      0.70055554      0.00016938
    0.08916104     -0.01106016      0.69066666      0.00016938
    0.02727140     -0.08508366      0.54296015      0.00016269
    0.08910292     -0.01120597      0.67099201      0.00016904
    0.09052835     -0.00567742      0.66110312      0.00017400
    0.08901353     -0.01152179      0.65122549      0.00017906
    0.01105611     -0.08914530      0.67088889      0.00016938
    0.01105611     -0.08914530      0.65111111      0.00016938
    0.00552756     -0.09057073      0.66100000      0.00016938
    0.00546117     -0.09070713      0.56216468      0.00016649
    0.00552766     -0.09091541      0.50298600      0.00016711
    0.09060201     -0.00555891      0.72045902      0.00017005
    0.09113818     -0.00549262      0.46324545      0.00016494
    0.09081428     -0.00558487      0.52255556      0.00016938
    0.09089950     -0.00562030      0.81933373      0.00016990
    0.00552855     -0.09057457      0.68077778      0.00016938
    0.09053991     -0.00591299      0.58191637      0.00018069
    0.09066597     -0.00562798      0.76006498      0.00017159
    0.09057457     -0.00552855      0.68077778      0.00016938
    0.00555911     -0.09074379      0.54233123      0.00016908
    0.00552855     -0.09057457      0.64122222      0.00016938
    0.00549685     -0.09061970      0.72063333      0.00016814
    0.00618286     -0.09059213      0.78014557      0.00018812
    0.09048519     -0.00584437      0.64123348      0.00017911
    0.00555466     -0.09101170      0.48324551      0.00016738
    0.00445124     -0.09122566      0.83822821      0.00013404
    0.00548751     -0.09061982      0.60194745      0.00016787
    0.06957145     -0.05813554      0.51387857      0.00016477
    0.06585479     -0.06203990      0.52391852      0.00019111
    0.06946885     -0.05766805      0.53386291      0.00019180
    0.07548790     -0.04849447      0.55385680      0.00016543
    0.05697759     -0.06944979      0.56401250      0.00016825
    0.06525132     -0.06232845      0.54428317      0.00016649
    0.06899740     -0.05777956      0.55400846      0.00016593
    0.06531323     -0.06177219      0.56389895      0.00017016
    0.06911463     -0.05713565      0.57364644      0.00017033
    0.06544603     -0.06120810      0.58366947      0.00017044
    0.05738466     -0.06845659      0.60370636      0.00016870
    0.06924772     -0.05654103      0.59341608      0.00017070
    0.07591085     -0.04625768      0.61273209      0.00017188
    0.07855156     -0.04137394      0.60253493      0.00017549
    0.06563820     -0.06065049      0.60344087      0.00017075
    0.05762463     -0.06803430      0.62347653      0.00016968
    0.06951092     -0.05585237      0.61318565      0.00017271
    0.06593500     -0.06003204      0.62320993      0.00017497
    0.06977642     -0.05525963      0.63294424      0.00017461
    0.07636757     -0.04500238      0.65238224      0.00017778
    0.06616117     -0.05962445      0.64297297      0.00017493
    0.05821455     -0.06737066      0.66304051      0.00017017
    0.06997085     -0.05489706      0.65272127      0.00017445
    0.06641100     -0.05930577      0.66276145      0.00017350
    0.07944516     -0.03916799      0.70165732      0.00017805
    0.06671161     -0.05902747      0.68252879      0.00017337
    0.07021096     -0.05459360      0.67250017      0.00017301
    0.04457682     -0.07672562      0.69306065      0.00017057
    0.05241672     -0.07298420      0.55403734      0.00016816
    0.07669669     -0.04457236      0.69193807      0.00017615
    0.05716172     -0.06893888      0.58389950      0.00016805
    0.06746625     -0.05859192      0.72205823      0.00017479
    0.07044561     -0.05441982      0.69227288      0.00017206
    0.07771288     -0.04400231      0.75135839      0.00016719
    0.06698204     -0.05891151      0.70230703      0.00017069
    0.03914602     -0.07946270      0.70278676      0.00017169
    0.05665863     -0.07143789      0.48501627      0.00016463
    0.05889327     -0.06699877      0.70259999      0.00017097
    0.04429524     -0.07698351      0.71262388      0.00018170
    0.07701337     -0.04427721      0.71172139      0.00017514
    0.08210257     -0.03845813      0.83974322      0.00016631
    0.05439379     -0.07064211      0.71263473      0.00017391
    0.05914749     -0.06697350      0.72236371      0.00017796
    0.07174314     -0.05370121      0.75159410      0.00017217
    0.04506179     -0.07704033      0.75206564      0.00019162
    0.09100843     -0.00559496      0.83906970      0.00016857
    0.06797213     -0.05837347      0.74184331      0.00017425
    0.05321660     -0.07130447      0.63349662      0.00016982
    0.05474807     -0.07062349      0.73237681      0.00017728
    0.05700627     -0.06985548      0.54419850      0.00016550
    0.05973055     -0.06679132      0.74210588      0.00017781
    0.06845787     -0.05827602      0.76159517      0.00017035
    0.05546498     -0.07043733      0.75214065      0.00017700
    0.04311310     -0.07910248      0.80191137      0.00017085
    0.07218599     -0.05364280      0.77133674      0.00016977
    0.06042130     -0.06659429      0.76187916      0.00017457
    0.06247867     -0.06613240      0.82093218      0.00016752
    0.04856588     -0.07635961      0.81160219      0.00016811
    0.08277285     -0.03853182      0.44495079      0.00016101
    0.07080132     -0.05417327      0.71203630      0.00017294
    0.05621170     -0.07028172      0.77188626      0.00017376
    0.04760918     -0.07649083      0.79187966      0.00016869
    0.03143689     -0.08393892      0.80255869      0.00020719
    0.06186521     -0.06623574      0.80128527      0.00016806
    0.06107172     -0.06645554      0.78158883      0.00017385
    0.01101690     -0.08958638      0.53256906      0.00016400
    0.05705739     -0.07007855      0.79158990      0.00017147
    0.06900944     -0.05813489      0.78132330      0.00016869
    0.07271320     -0.05350953      0.79105505      0.00016799
    0.05786977     -0.06990514      0.81126585      0.00016792
    0.05093155     -0.07603045      0.87036515      0.00016960
    0.06958330     -0.05798737      0.80101596      0.00016740
    0.08046257     -0.04320573      0.86911294      0.00016347
    0.02189325     -0.08680631      0.53290931      0.00016256
    0.08455579     -0.03185085      0.49144421      0.00015527
    0.08970409     -0.01125482      0.80960353      0.00016920
    0.07325825     -0.05335888      0.81070113      0.00016673
    0.05851559     -0.06981875      0.83086748      0.00016642
    0.08859933     -0.01858171      0.47570842      0.00016274
    0.05203685     -0.07492946      0.47528217      0.00016349
    0.07426759     -0.05309063      0.84986688      0.00016391
    0.07377365     -0.05323816      0.83031991      0.00016680
    0.07014907     -0.05783450      0.82063677      0.00016734
    0.07066944     -0.05771182      0.84024373      0.00016484
    0.02463291     -0.08724634      0.85337527      0.00013762
    0.04230683     -0.08087934      0.45528618      0.00016566
    0.06308178     -0.06599451      0.84049589      0.00016638
    0.04969389     -0.07616686      0.83108913      0.00015379
    0.01870655     -0.08857079      0.84523063      0.00013402
    0.02180671     -0.08637077      0.57261315      0.00017190
    0.07996569     -0.04348898      0.84963950      0.00016358
    0.05916419     -0.06966927      0.85038607      0.00016557
    0.03926354     -0.07932751      0.68311668      0.00017389
    0.08928870     -0.01123806      0.75033885      0.00017183
    0.08922474     -0.01116899      0.73051067      0.00017164
    0.03888054     -0.07946998      0.66340695      0.00016528
    0.07894312     -0.04363447      0.51673425      0.00012977
    0.08167900     -0.03844761      0.82009674      0.00016643
    0.08484428     -0.02803246      0.78063177      0.00017072
    0.07905316     -0.04362402      0.81043424      0.00016788
    0.07950867     -0.04358613      0.83004677      0.00016610
    0.04524381     -0.07890045      0.84101815      0.00015994
    0.08896835     -0.01889630      0.45031241      0.00015691
    0.04435308     -0.07893497      0.82149016      0.00015865
    0.01103509     -0.08920117      0.61209475      0.00016822
    0.01107613     -0.08915592      0.63159174      0.00016299
    0.01084475     -0.09040538      0.45378048      0.00016394
    0.04571634     -0.07899418      0.86058589      0.00016223
    0.00595098     -0.09126903      0.42344256      0.00017787
    0.08104135     -0.04293126      0.39883217      0.00013079
    0.08606656     -0.02229349      0.73081327      0.00017349
    0.08699308     -0.02234121      0.80988013      0.00016729
    0.04291073     -0.07894828      0.53392440      0.00016702
    0.07053764     -0.05866381      0.92237124      0.00015236
    0.08730336     -0.02536180      0.45713658      0.00015384
    0.05786701     -0.07118664      0.39909422      0.00013790
    0.05014792     -0.07622710      0.85068668      0.00016239
    0.09062273     -0.00561008      0.74027387      0.00017137
    0.04332528     -0.08083539      0.92268259      0.00014391
    0.04421515     -0.07683601      0.67316949      0.00017086
    0.03866717     -0.07960243      0.64364560      0.00017228
    0.08121132     -0.03854563      0.80053578      0.00016727
    0.02158492     -0.08822640      0.45421178      0.00016434
    0.03834584     -0.07984685      0.62354466      0.00017116
    0.01091871     -0.08936844      0.57223632      0.00016986
    0.01094505     -0.08928113      0.59224131      0.00016973
    0.02672017     -0.08768352      0.39878059      0.00012936
    0.01104664     -0.09014611      0.47361025      0.00016588
    0.04319787     -0.08090277      0.39917717      0.00014012
    0.00554758     -0.09058135      0.62170286      0.00016987
    0.08522450     -0.02787976      0.80024823      0.00016730
    0.05060716     -0.07657409      0.40427139      0.00013005
    0.03792055     -0.08018791      0.60348127      0.00017335
    0.03774240     -0.08049782      0.58345609      0.00017096
    0.01126994     -0.08928244      0.75059227      0.00017307
    0.01109279     -0.08924690      0.73079542      0.00016873
    0.05304092     -0.07485724      0.90958323      0.00013607
    0.09048428     -0.01241935      0.90625509      0.00014999
    0.02221108     -0.08609333      0.73130405      0.00017271
    0.03482498     -0.08329077      0.82240194      0.00014829
    0.08665491     -0.02245993      0.79030163      0.00016893
    0.01130375     -0.09054000      0.43352497      0.00017974
    0.05256045     -0.07331067      0.53425232      0.00016469
    0.05265951     -0.07366507      0.51447463      0.00016716
    0.00545754     -0.09066131      0.58207164      0.00016671
    0.03118260     -0.08481859      0.83283171      0.00014753
    0.04275502     -0.07864512      0.55368325      0.00016896
    0.02184856     -0.08711229      0.51340655      0.00016364
    0.04363803     -0.07722205      0.63361010      0.00016629
    0.06184338     -0.06779427      0.90927188      0.00013579
    0.07653837     -0.05056387      0.40459722      0.00014916
    0.06465885     -0.06505647      0.40485927      0.00016150
    0.03516216     -0.08467817      0.40395776      0.00013113
    0.08484728     -0.03478314      0.40385926      0.00012568
    0.00549198     -0.09113441      0.46347585      0.00016494
    0.03769485     -0.08115401      0.54351649      0.00016608
    0.08771405     -0.02660777      0.39902708      0.00013603
    0.07101233     -0.05809033      0.39976505      0.00015604
    0.05731618     -0.07165505      0.42867409      0.00012993
    0.03732014     -0.08295675      0.46494973      0.00016594
    0.08820347     -0.01811172      0.50880300      0.00016639
    0.08289566     -0.03331583      0.54393568      0.00016525
    0.07588488     -0.04862558      0.53429841      0.00016680
    0.02231219     -0.08838092      0.43417493      0.00017666
    0.02210665     -0.08758679      0.83464157      0.00013372
    0.01043838     -0.09066502      0.88649304      0.00014840
    0.09083487     -0.00954062      0.43390007      0.00013617
    0.00559594     -0.09062719      0.74038431      0.00017094
    0.04294597     -0.07791425      0.59373187      0.00017166
    0.02736156     -0.08555185      0.81316129      0.00018771
    0.02719725     -0.08541681      0.52342747      0.00016539
    0.08296572     -0.03507309      0.50950162      0.00013488
    0.09062019     -0.00959296      0.45335656      0.00014423
    0.08421417     -0.03398316      0.47275394      0.00011471
    0.02733943     -0.08573166      0.50396898      0.00016145
    0.08234556     -0.03701528      0.50062759      0.00012282
    0.00791611     -0.09057616      0.82848670      0.00010407
    0.09049226     -0.00930079      0.47335835      0.00014497
    0.08039033     -0.04412955      0.92337839      0.00012509
    0.04281004     -0.07985844      0.49482881      0.00016022
    0.02670343     -0.08750027      0.41712592      0.00011882
    0.09013237     -0.00920782      0.51262795      0.00014038
    0.05719144     -0.07015549      0.52439260      0.00016803
    0.07552141     -0.05025527      0.51164343      0.00012128
    0.03759324     -0.08243468      0.48480755      0.00016449
    0.00419728     -0.09161314      0.40481654      0.00012505
    0.09159871     -0.00428895      0.40501411      0.00012779
    0.04244721     -0.08044029      0.47513011      0.00016283
    0.02871010     -0.08673406      0.42618046      0.00013641
    0.08447597     -0.03421096      0.45425407      0.00013928
    0.07740821     -0.04920948      0.41409711      0.00012322
    0.01635705     -0.08880043      0.82677566      0.00012387
    0.08684684     -0.02225866      0.53176881      0.00009722
    0.06439863     -0.06545004      0.91848199      0.00012224
    0.05094904     -0.07632680      0.91879335      0.00011931
    0.01018005     -0.09102389      0.39822395      0.00011427
    0.09100946     -0.01027172      0.39842152      0.00011962
    0.01796958     -0.08829330      0.81572515      0.00014076
    0.07815784     -0.04400089      0.54456701      0.00015155
    0.07611207     -0.05126735      0.90772395      0.00013284
    0.03780591     -0.08190816      0.50439985      0.00016156
    0.08129757     -0.04246670      0.90616191      0.00012146
    0.07415836     -0.05426288      0.42078413      0.00011246
    0.01014826     -0.09088217      0.41448132      0.00012221
    0.08766543     -0.02593341      0.41868633      0.00013702
    0.02755226     -0.08743170      0.92399449      0.00010840
    0.03431905     -0.08497339      0.90993209      0.00010873
    0.06383325     -0.06592852      0.41437233      0.00012441
    0.09095157     -0.00972923      0.41524752      0.00012412
    0.00528484     -0.09136829      0.89718350      0.00015790
    0.01915003     -0.08948931      0.41266932      0.00011571
    0.08835775     -0.02356041      0.90565688      0.00011792
    0.06864913     -0.06113644      0.42079729      0.00011628
    0.08485654     -0.03465127      0.41328510      0.00011478
    0.09148201     -0.00410034      0.44344444      0.00012261
    0.07541266     -0.05233564      0.91774962      0.00012537
    0.07710961     -0.04978134      0.42902145      0.00009466
    0.06521613     -0.06472654      0.42948827      0.00010698
    0.08554586     -0.02671379      0.52418397      0.00009288
    0.08241789     -0.03904401      0.46424830      0.00011662
    0.08430800     -0.02988032      0.53616877      0.00009084
    0.05808148     -0.07100673      0.92411075      0.00010533
    0.03839909     -0.08307740      0.88089219      0.00012726
    0.09135408     -0.00380817      0.48322401      0.00011459
    0.09067218     -0.00743111      0.49307417      0.00010759
    0.09131810     -0.00362295      0.50273906      0.00010937
    0.00346487     -0.09135050      0.81936960      0.00010458
    0.07785054     -0.04645602      0.50167335      0.00010492
    0.03612166     -0.08435896      0.91867709      0.00010445
    0.08958923     -0.01861860      0.41368201      0.00011971
    0.03766264     -0.08311128      0.86087186      0.00010256
    0.03440583     -0.08457859      0.87092826      0.00011162
    0.03626062     -0.08319637      0.84184895      0.00013625
    0.01918183     -0.08963102      0.40300454      0.00009786
    0.02102190     -0.08922057      0.91894058      0.00010462
    0.01049011     -0.09082281      0.90531477      0.00014158
    0.03311103     -0.08464013      0.85180345      0.00010879
    0.04223629     -0.08150289      0.41856272      0.00010272
    0.08964712     -0.01916109      0.40344860      0.00009819
    0.03517721     -0.08463663      0.41263831      0.00009757
    0.03881997     -0.08293842      0.42722069      0.00011871
    0.02042313     -0.08910288      0.90316237      0.00012958
    0.08300702     -0.03433545      0.52858394      0.00008549
    0.08192046     -0.04144500      0.41775790      0.00009462
    0.08149039     -0.04217355      0.42692810      0.00009211
    0.02497215     -0.08808989      0.91019558      0.00010201
    0.03022736      0.08569734      0.86811100      0.00018106
    0.03102047      0.08522681      0.85800050      0.00016319
    0.07764421      0.04581759      0.51042016      0.00021623
    0.02762074      0.08693255      0.89092404      0.00018730
    0.01263712      0.09059894      0.39898308      0.00013487
    0.02914195      0.08547645      0.83933953      0.00017437
    0.00666106      0.09065407      0.81910396      0.00020161
    0.02496855      0.08647379      0.82945606      0.00020933
    0.04243222      0.07964562      0.81731959      0.00025483
    0.00665435      0.09118819      0.40557567      0.00019888
    0.04491500      0.07986855      0.90171265      0.00016462
    0.08642990      0.02302966      0.53181219      0.00019324
    0.08444670      0.02905804      0.54121910      0.00019331
    0.04762232      0.07658375      0.80621948      0.00020518
    0.06400552      0.06588669      0.42042225      0.00016346
    0.08624050      0.02280403      0.55169864      0.00019003
    0.01981758      0.08892301      0.88474823      0.00016660
    0.01187044      0.08912805      0.75103595      0.00020853
    0.08012729      0.04161090      0.50044425      0.00018698
    0.08042346      0.04001204      0.52035665      0.00020761
    0.04461520      0.07656821      0.69013150      0.00019539
    0.05632380      0.07252138      0.42230901      0.00016307
    0.06845776      0.06114493      0.43088473      0.00019551
    0.02521201      0.08593021      0.79476263      0.00019553
    0.00618802      0.09042614      0.72020921      0.00018942
    0.08619063      0.02839210      0.46211949      0.00014502
    0.01192450      0.08953796      0.80875195      0.00019192
    0.00599043      0.09057891      0.76090903      0.00018265
    0.01228246      0.08965580      0.82899285      0.00018856
    0.04478976      0.07988206      0.89212815      0.00012574
    0.04645079      0.07627092      0.74896190      0.00018086
    0.08611609      0.02800677      0.47108666      0.00013512
    0.03936811      0.07920438      0.66058156      0.00018155
    0.08422957      0.02886436      0.56110627      0.00019077
    0.03368634      0.08307987      0.79078794      0.00017773
    0.07935938      0.03917640      0.64028319      0.00017474
    0.05259287      0.07521664      0.90702568      0.00015313
    0.03111828      0.08446654      0.81796346      0.00022930
    0.07485845      0.05311108      0.42998429      0.00017739
    0.02425386      0.08538451      0.72980226      0.00019634
    0.02993122      0.08358612      0.73969132      0.00019711
    0.08375154      0.02901735      0.60014337      0.00019969
    0.08506707      0.02833274      0.52102250      0.00018753
    0.08253172      0.03958871      0.43807637      0.00013766
    0.08370045      0.02892120      0.62024631      0.00018423
    0.01206803      0.08897528      0.73011391      0.00018839
    0.07819094      0.04786346      0.44000921      0.00013989
    0.03900356      0.07934998      0.68057715      0.00019467
    0.09053430      0.00567156      0.64119664      0.00017378
    0.08571253      0.02296914      0.61068291      0.00017649
    0.00567681      0.09052852      0.66111777      0.00017398
    0.08565276      0.02346517      0.59081963      0.00019319
    0.04126497      0.07885302      0.73922960      0.00017809
    0.02091330      0.08850654      0.87261152      0.00015532
    0.04180828      0.07889895      0.75923368      0.00017556
    0.02834587      0.08380017      0.66097221      0.00018031
    0.02373582      0.08575579      0.75091199      0.00021355
    0.07673477      0.04572314      0.57006748      0.00017920
    0.01171118      0.08901492      0.71030514      0.00017652
    0.02952856      0.08672825      0.40617167      0.00015743
    0.04476255      0.07647077      0.67026733      0.00018206
    0.07690844      0.05012838      0.90713265      0.00013574
    0.08287226      0.03752854      0.85737478      0.00016838
    0.02371694      0.08543608      0.71001433      0.00019017
    0.07216342      0.05679326      0.90314281      0.00012223
    0.09051944      0.00599062      0.58181819      0.00018307
    0.03682470      0.08380858      0.88647560      0.00011745
    0.08902112      0.01156095      0.63107092      0.00018263
    0.08383188      0.02832977      0.64065765      0.00017955
    0.01133598      0.08906651      0.67117788      0.00017511
    0.08909112      0.01124841      0.65115256      0.00017477
    0.01143859      0.08903732      0.65115515      0.00018037
    0.02229768      0.08593397      0.61127496      0.00017770
    0.02437275      0.08826458      0.39898308      0.00013481
    0.02843519      0.08379969      0.64077327      0.00017711
    0.03978817      0.07912874      0.70007098      0.00016810
    0.07686375      0.04411871      0.64977113      0.00016672
    0.08582990      0.02703980      0.81796903      0.00016402
    0.08640525      0.02168814      0.74923706      0.00017278
    0.08659070      0.02710166      0.85784890      0.00016832
    0.02810189      0.08410776      0.60105233      0.00018045
    0.04433080      0.07682761      0.63018134      0.00017582
    0.07953869      0.04046270      0.56039069      0.00018398
    0.08715239      0.02169462      0.80828345      0.00016411
    0.07926823      0.04050696      0.57978446      0.00016106
    0.02799580      0.08402313      0.62092687      0.00017917
    0.08601291      0.02207523      0.70984339      0.00017005
    0.02287694      0.08563157      0.65101687      0.00018415
    0.07706555      0.04371071      0.66946499      0.00017785
    0.08487719      0.02701450      0.75891764      0.00016874
    0.04363137      0.07822871      0.55111674      0.00017099
    0.08920271      0.01154606      0.57192930      0.00017441
    0.07975383      0.03827697      0.67988248      0.00016987
    0.02846898      0.08382189      0.70039761      0.00017387
    0.08912692      0.01152757      0.59170711      0.00017804
    0.08593307      0.02317552      0.57144762      0.00018137
    0.02249168      0.08598790      0.59131520      0.00018287
    0.07726188      0.04351208      0.68922991      0.00017864
    0.08460828      0.03114250      0.49806250      0.00017209
    0.08377564      0.02955768      0.58044902      0.00017066
    0.08561652      0.02304996      0.63074547      0.00018416
    0.07921550      0.03971900      0.61988438      0.00017985
    0.02369564      0.08653243      0.80714825      0.00019798
    0.05245839      0.07525099      0.43313805      0.00015375
    0.03897084      0.07954966      0.62047283      0.00017571
    0.07730528      0.04935307      0.41914452      0.00016276
    0.02797812      0.08699573      0.42459430      0.00015087
    0.03926250      0.07930887      0.64038599      0.00017712
    0.02252845      0.08579191      0.63102266      0.00017291
    0.00561892      0.09062016      0.58176002      0.00017165
    0.03853584      0.08046386      0.56109971      0.00016964
    0.02233941      0.08621232      0.57144258      0.00017286
    0.02226209      0.08670237      0.53199954      0.00017127
    0.08456805      0.02728768      0.73884860      0.00017120
    0.02224666      0.08806873      0.45323960      0.00016594
    0.01119105      0.09034876      0.45330885      0.00016610
    0.05708924      0.07176730      0.44258496      0.00016959
    0.02243614      0.08835060      0.43390884      0.00015932
    0.07074274      0.05699860      0.81720961      0.00016673
    0.02231203      0.08698955      0.51232569      0.00017064
    0.03824420      0.08319596      0.42446240      0.00014832
    0.02788816      0.08557948      0.50231148      0.00017148
    0.02811698      0.08428913      0.58110901      0.00017499
    0.06447644      0.06524500      0.87594103      0.00014886
    0.01117717      0.08930361      0.57175984      0.00017014
    0.04338511      0.07878414      0.79595121      0.00016664
    0.02234143      0.08732029      0.49255338      0.00017120
    0.08860444      0.02168495      0.43427404      0.00015170
    0.07665907      0.04469438      0.63000908      0.00017468
    0.03844223      0.08086130      0.54142525      0.00016869
    0.03042705      0.08365073      0.76072206      0.00019990
    0.08663370      0.02159395      0.76903403      0.00016449
    0.06065839      0.06867994      0.86674041      0.00015901
    0.06962142      0.05956214      0.45202477      0.00016399
    0.02773228      0.08677336      0.44344883      0.00016491
    0.02784138      0.08522565      0.52203456      0.00017074
    0.07958206      0.03857109      0.66008606      0.00018315
    0.07380587      0.05245507      0.80724785      0.00016826
    0.01135607      0.09052651      0.43385687      0.00016333
    0.08616224      0.02195956      0.72925232      0.00016706
    0.01115587      0.08922764      0.59164894      0.00017383
    0.03886031      0.08214547      0.84220647      0.00013027
    0.09126304      0.00598560      0.89859159      0.00017891
    0.09126222      0.00599002      0.42340746      0.00017905
    0.00575947      0.09129722      0.42394632      0.00017213
    0.02785409      0.08598249      0.48254245      0.00016955
    0.06540689      0.06429594      0.44221840      0.00017672
    0.07600478      0.05116351      0.45071603      0.00014177
    0.08830874      0.02267855      0.88820512      0.00016785
    0.06460352      0.06488938      0.85691676      0.00015658
    0.08513687      0.02705293      0.77841877      0.00016442
    0.09037038      0.01107784      0.86865142      0.00016953
    0.09026863      0.01151616      0.45383298      0.00018450
    0.02229990      0.08769368      0.47282115      0.00016920
    0.08308251      0.03788289      0.87701982      0.00015852
    0.07482180      0.05219077      0.84697855      0.00017130
    0.04710518      0.07843084      0.87499959      0.00015407
    0.09053526      0.01134778      0.43330475      0.00017627
    0.09048889      0.01160800      0.88876286      0.00017862
    0.08356813      0.03651549      0.45672898      0.00014629
    0.04318304      0.08073816      0.43372769      0.00015901
    0.02300832      0.08759162      0.84944139      0.00016305
    0.02777635      0.08464041      0.56142356      0.00017088
    0.06595891      0.06346568      0.46189699      0.00016952
    0.02256669      0.08574390      0.67117060      0.00017537
    0.00431948      0.09144612      0.87843000      0.00012919
    0.07431142      0.05233783      0.82702934      0.00016754
    0.03822848      0.08343426      0.40581164      0.00014341
    0.01217386      0.08993489      0.84956507      0.00020055
    0.00559445      0.09111946      0.46317608      0.00016801
    0.03821309      0.08296069      0.44339957      0.00016123
    0.05754984      0.07113929      0.46229221      0.00016430
    0.04368922      0.07945183      0.49202802      0.00016815
    0.03859850      0.08160472      0.50205367      0.00016963
    0.01087194      0.09037928      0.86921729      0.00014612
    0.09055682      0.00557685      0.66106703      0.00017090
    0.01119280      0.08991203      0.49276711      0.00016908
    0.00559660      0.09122929      0.44346610      0.00016760
    0.06036125      0.06864180      0.84713370      0.00016061
    0.08913139      0.01110540      0.67095592      0.00016842
    0.05289469      0.07470712      0.45278655      0.00016214
    0.02776196      0.08640503      0.46292705      0.00016588
    0.01118800      0.09012809      0.47300092      0.00016783
    0.07181258      0.05696644      0.87602142      0.00015339
    0.07923761      0.04528444      0.45959625      0.00017494
    0.06397307      0.06511061      0.83712068      0.00016189
    0.08068874      0.04269466      0.86713916      0.00016360
    0.08591150      0.02207596      0.67098191      0.00016751
    0.02774545      0.08493229      0.54171784      0.00017069
    0.05333636      0.07370699      0.49177730      0.00016772
    0.07025460      0.05704902      0.79743246      0.00016634
    0.04390918      0.07774062      0.57079440      0.00017104
    0.09127304      0.00535776      0.44345285      0.00016040
    0.09122586      0.00562240      0.87861571      0.00016837
    0.05919200      0.06916608      0.82710616      0.00017403
    0.05139243      0.07558619      0.86609155      0.00017806
    0.08432513      0.02749359      0.71925928      0.00016542
    0.00655246      0.09093316      0.85945396      0.00019695
    0.07122526      0.05332664      0.68885715      0.00017555
    0.07672884      0.04916762      0.47049306      0.00018756
    0.03892725      0.07999397      0.58078468      0.00017047
    0.04427052      0.07726925      0.59053589      0.00016946
    0.06681496      0.05910068      0.61966171      0.00017135
    0.08414274      0.02749669      0.68060598      0.00016457
    0.00557250      0.09081833      0.52246714      0.00016899
    0.07233192      0.05279816      0.74806229      0.00017031
    0.01117174      0.08972173      0.51252052      0.00016835
    0.07779835      0.04318741      0.72832797      0.00016752
    0.04931832      0.07613425      0.82823709      0.00020087
    0.07091242      0.05364812      0.66887504      0.00017048
    0.06790768      0.05777521      0.69889664      0.00017051
    0.04659441      0.07596015      0.72902165      0.00016807
    0.07194306      0.05290192      0.72830268      0.00016730
    0.08942455      0.01112456      0.55222180      0.00016940
    0.09074129      0.00556912      0.54233291      0.00016938
    0.08954043      0.01122021      0.53240284      0.00017144
    0.06917040      0.05732625      0.75804704      0.00016870
    0.03832839      0.08256232      0.46274824      0.00016347
    0.05370161      0.07174817      0.57053214      0.00017069
    0.05825550      0.06944749      0.80716803      0.00017654
    0.06293907      0.06554119      0.81713721      0.00017799
    0.05394272      0.07124886      0.59028136      0.00017040
    0.07036238      0.05479912      0.60962816      0.00017421
    0.07965982      0.04090608      0.54051122      0.00019090
    0.09060748      0.00553695      0.60166670      0.00016938
    0.08909430      0.01142634      0.61131876      0.00016880
    0.00553695      0.09060748      0.60166670      0.00016938
    0.01106855      0.08919395      0.61155559      0.00016938
    0.07699942      0.04655700      0.53043846      0.00018535
    0.00576178      0.09050880      0.64114849      0.00017656
    0.01129339      0.08909527      0.63125960      0.00017108
    0.08915812      0.01106980      0.69057430      0.00016715
    0.09058355      0.00554125      0.70046319      0.00016968
    0.07155144      0.05309702      0.70872453      0.00016771
    0.07281546      0.05263015      0.76781658      0.00016821
    0.09114452      0.00545544      0.85870238      0.00016382
    0.09099559      0.00615840      0.46371347      0.00018511
    0.09084726      0.00543038      0.79917652      0.00016469
    0.09068327      0.00555544      0.56211111      0.00016938
    0.09057457      0.00552855      0.68077778      0.00016938
    0.09065217      0.00549022      0.73985317      0.00016771
    0.09048682      0.00588939      0.62120762      0.00018039
    0.00526345      0.09088388      0.79898133      0.00015962
    0.09079914      0.00565109      0.52251438      0.00017139
    0.00565917      0.09053799      0.68094900      0.00017340
    0.00555825      0.09068345      0.56199983      0.00016946
    0.00553160      0.09058647      0.62144444      0.00016938
    0.00588001      0.09054914      0.74012692      0.00017967
    0.00559925      0.09090340      0.50272005      0.00016927
    0.00562140      0.09100173      0.83900000      0.00016938
    0.06973473      0.05712560      0.77773413      0.00016981
    0.06250789      0.06549886      0.79742504      0.00017392
    0.04778891      0.07590917      0.76871016      0.00016898
    0.05794959      0.06927861      0.78765493      0.00016647
    0.06208592      0.06547776      0.77791259      0.00016776
    0.05723019      0.06942036      0.76817169      0.00017061
    0.06123394      0.06576430      0.75822370      0.00017714
    0.05643517      0.06962507      0.74849037      0.00017628
    0.06830376      0.05756547      0.71853822      0.00016959
    0.06077065      0.06580541      0.73847907      0.00017657
    0.03037961      0.08325653      0.71960675      0.00018470
    0.04604293      0.07605166      0.70936881      0.00016521
    0.05611572      0.06955838      0.72874265      0.00017410
    0.04138641      0.07856526      0.71928786      0.00017047
    0.06043672      0.06583306      0.71872676      0.00017053
    0.06756408      0.05802894      0.67891977      0.00017020
    0.05557193      0.06972122      0.70908671      0.00017132
    0.05979522      0.06613183      0.69907029      0.00017743
    0.05509325      0.06990174      0.68941291      0.00017527
    0.06722967      0.05837632      0.65911819      0.00017156
    0.05954454      0.06624742      0.67930188      0.00017274
    0.07128882      0.05682494      0.83697146      0.00016949
    0.04472649      0.07654496      0.65023893      0.00017795
    0.05482548      0.07003468      0.66971066      0.00017101
    0.05916228      0.06654440      0.65957170      0.00017318
    0.05445773      0.07032107      0.64978575      0.00017669
    0.06873095      0.05741654      0.73822764      0.00016879
    0.05884783      0.06687721      0.63957805      0.00017177
    0.03907045      0.07968428      0.60059735      0.00017398
    0.05418488      0.07061985      0.62982658      0.00017139
    0.04424128      0.07703701      0.61036594      0.00017447
    0.05857080      0.06751515      0.60003117      0.00017009
    0.05865307      0.06719316      0.61980643      0.00017209
    0.07659000      0.04508397      0.60958459      0.00017725
    0.05406943      0.07088827      0.61005429      0.00017142
    0.05818108      0.06852629      0.56052852      0.00017158
    0.07650776      0.04573149      0.58941868      0.00016526
    0.05839188      0.06798114      0.58026789      0.00017018
    0.05348419      0.07228359      0.55080781      0.00017124
    0.07911396      0.04033439      0.59940698      0.00017678
    0.07334510      0.05247661      0.78748389      0.00016762
    0.06670186      0.05951847      0.59974976      0.00017053
    0.00559355      0.09100863      0.48293596      0.00016853
    0.07032328      0.05520043      0.58971789      0.00017212
    0.06664138      0.05992938      0.57998582      0.00017394
    0.07174832      0.05672401      0.85691084      0.00016470
    0.03849154      0.08208879      0.48227489      0.00016612
    0.07029241      0.05567662      0.56996963      0.00017355
    0.05809580      0.06901354      0.54081032      0.00017243
    0.07676274      0.04625041      0.55027518      0.00018607
    0.06652239      0.06050650      0.56024808      0.00017368
    0.06983350      0.05895022      0.47148505      0.00017127
    0.07946417      0.04402152      0.48020808      0.00019343
    0.07018880      0.05634072      0.55023041      0.00017306
    0.06645911      0.06109047      0.54051336      0.00017049
    0.00552316      0.09058878      0.70054037      0.00016912
    0.08118840      0.03758810      0.77791564      0.00016489
    0.06646247      0.06204079      0.50117772      0.00017881
    0.07859371      0.04282479      0.76795181      0.00016750
    0.07037264      0.05665108      0.53048537      0.00017510
    0.06664138      0.06132962      0.52080743      0.00017962
    0.08594618      0.02206737      0.69037651      0.00016816
    0.07048890      0.05704109      0.51082403      0.00017799
    0.07661315      0.04890366      0.49086155      0.00016123
    0.01118234      0.08912677      0.69082271      0.00016647
    0.07902053      0.04274447      0.78753017      0.00016704
    0.07010365      0.05811005      0.49119114      0.00017382
    0.04329390      0.08041334      0.45301152      0.00016098
    0.06605933      0.06301050      0.48152967      0.00016742
    0.07994308      0.04259690      0.82722584      0.00016610
    0.05812884      0.06945004      0.52114862      0.00016954
    0.05775934      0.07062714      0.48179312      0.00016612
    0.05312444      0.07424047      0.47214372      0.00016465
    0.08682795      0.02754893      0.87770133      0.00015946
    0.01113349      0.08956287      0.53223728      0.00016829
    0.08039634      0.04253665      0.84711821      0.00016988
    0.04350379      0.07995727      0.47237478      0.00016380
    0.01111924      0.08942800      0.55199219      0.00016949
    0.05958334      0.06971506      0.88566873      0.00016843
    0.04369604      0.07859720      0.53142952      0.00016769
    0.05349679      0.07269456      0.53112353      0.00017127
    0.07048615      0.05436092      0.62974283      0.00017749
    0.03857855      0.08119146      0.52175714      0.00016844
    0.08919785      0.01105097      0.71020548      0.00016770
    0.08926647      0.01099995      0.72981768      0.00016527
    0.04375952      0.07898060      0.51179045      0.00016801
    0.07513934      0.05223601      0.86681487      0.00016188
    0.00545674      0.09134963      0.89796103      0.00016303
    0.05350906      0.07314182      0.51148793      0.00016850
    0.08088404      0.04323342      0.92279605      0.00014084
    0.08067260      0.04362702      0.39924755      0.00014202
    0.08546383      0.02703214      0.79809863      0.00016724
    0.09019046      0.01085247      0.84865806      0.00016522
    0.00556099      0.09074454      0.54221458      0.00016913
    0.08201719      0.03751551      0.81755332      0.00016949
    0.07066449      0.05398653      0.64939321      0.00016348
    0.05799518      0.07002109      0.50150043      0.00016715
    0.05852261      0.07065342      0.92288180      0.00013855
    0.05866491      0.07053668      0.39962484      0.00015225
    0.07115572      0.05790641      0.92286091      0.00013911
    0.08249502      0.03742989      0.83730761      0.00016466
    0.08686002      0.02166674      0.78850598      0.00016532
    0.08938513      0.01085029      0.74967627      0.00017028
    0.02673909      0.08507484      0.77141621      0.00017245
    0.02217509      0.08647624      0.55173319      0.00017059
    0.08051600      0.04351065      0.88662992      0.00016928
    0.02660733      0.08771262      0.92279471      0.00014084
    0.08962388      0.01084768      0.78907593      0.00016333
    0.08977197      0.01091192      0.80879139      0.00016510
    0.09061431      0.00550973      0.72018673      0.00016855
    0.08815262      0.02193382      0.86829479      0.00016674
    0.08975054      0.01208630      0.48865820      0.00015402
    0.06545783      0.06433934      0.91774271      0.00013804
    0.08579330      0.02241761      0.65093901      0.00017569
    0.08785439      0.02164271      0.84816122      0.00016678
    0.07479547      0.05305285      0.88595580      0.00016334
    0.06698719      0.05871076      0.63963902      0.00017265
    0.09104594      0.00539704      0.83884457      0.00016259
    0.08042327      0.03789130      0.73840920      0.00017353
    0.08418666      0.02756308      0.69990331      0.00016642
    0.07652444      0.05068211      0.91765696      0.00013122
    0.07427740      0.05385658      0.41091397      0.00011661
    0.07095670      0.05822168      0.89386486      0.00013360
    0.08078568      0.03771017      0.75833855      0.00017031
    0.08403911      0.02771662      0.66087948      0.00017771
    0.01241382      0.09048541      0.41574421      0.00014990
    0.08967622      0.01180551      0.49812771      0.00015676
    0.08623464      0.02696283      0.83787650      0.00016484
    0.07749840      0.04336388      0.70893534      0.00016629
    0.04355906      0.08070953      0.92287488      0.00013871
    0.08749541      0.02165414      0.82821043      0.00016697
    0.00948909      0.08981037      0.77078842      0.00012776
    0.09073297      0.00536007      0.75982310      0.00016340
    0.08997064      0.01087857      0.82868166      0.00016702
    0.00977622      0.09079575      0.88794659      0.00014192
    0.05162395      0.07584764      0.91775668      0.00013980
    0.08950959      0.01077737      0.76950028      0.00016048
    0.09077662      0.00541730      0.77945496      0.00016476
    0.06737833      0.06235635      0.41129126      0.00011251
    0.03541051      0.08451403      0.91766959      0.00014836
    0.02782995      0.08402733      0.68108976      0.00017339
    0.09092471      0.00548154      0.81894820      0.00016572
    0.02212240      0.08593872      0.69097075      0.00016230
    0.08464236      0.03525934      0.91814167      0.00012914
    0.08444285      0.03560729      0.40408728      0.00014301
    0.08157281      0.03757471      0.79762595      0.00017009
    0.08766644      0.02678180      0.92334562      0.00012595
    0.08767837      0.02673616      0.39883973      0.00013096
    0.03980777      0.08196440      0.85359867      0.00012351
    0.07989127      0.03822750      0.69948021      0.00016695
    0.05147804      0.07599465      0.88537614      0.00013177
    0.08467608      0.03411981      0.44591591      0.00012013
    0.07816896      0.04298744      0.74821856      0.00017276
    0.02646832      0.08744152      0.90210229      0.00016053
    0.08757602      0.02519578      0.44423098      0.00011628
    0.09115934      0.00493970      0.48178931      0.00014865
    0.08010602      0.03811782      0.71877433      0.00016383
    0.00876211      0.09011535      0.78908294      0.00012571
    0.04412739      0.08039158      0.39862305      0.00012513
    0.09108502      0.00465892      0.50444400      0.00014085
    0.04668309      0.07797185      0.83845876      0.00014651
    0.04792126      0.07768869      0.85647505      0.00013752
    0.08726263      0.02118220      0.51339048      0.00013826
    0.04415503      0.07811558      0.77792578      0.00013284
    0.07944866      0.04271290      0.80739506      0.00017003
    0.03448644      0.08252947      0.77914346      0.00013858
    0.00430529      0.09159630      0.91697170      0.00012828
    0.01693953      0.08816720      0.78646795      0.00012773
    0.09160710      0.00423907      0.91715018      0.00012630
    0.09161146      0.00420917      0.40482233      0.00012540
    0.04945998      0.07542763      0.78712966      0.00013618
    0.08831420      0.02021361      0.47457510      0.00009507
    0.07606853      0.05136465      0.40276408      0.00011163
    0.06535566      0.06451154      0.40314137      0.00011436
    0.01028806      0.09100705      0.92356430      0.00012000
    0.08699323      0.02798493      0.42637880      0.00014091
    0.09101785      0.01022184      0.92374278      0.00011517
    0.09102221      0.01019194      0.39822974      0.00011443
    0.08705468      0.02267771      0.50381907      0.00014427
    0.08192651      0.04148139      0.41958927      0.00010523
    0.08677466      0.02863676      0.89598572      0.00013109
    0.05132265      0.07607866      0.41428454      0.00013288
    0.04251841      0.08126607      0.41584829      0.00012244
    0.01766651      0.08786223      0.77476602      0.00012880
    0.00976203      0.09094593      0.90671052      0.00012474
    0.08752603      0.02666552      0.41706406      0.00011265
    0.08754486      0.02662962      0.90507427      0.00011623
    0.09087014      0.01022467      0.90751956      0.00012162
    0.09087368      0.01019919      0.41445202      0.00012198
    0.01865097      0.08958217      0.90809782      0.00011869
    0.02355240      0.08835983      0.41634021      0.00011791
    0.09015493      0.01109810      0.47239167      0.00012181
    0.06308071      0.06660533      0.89365817      0.00013875
    0.08538908      0.02938581      0.48796198      0.00012305
    0.06608153      0.06377992      0.90854893      0.00010946
    0.05233458      0.07541295      0.40424789      0.00012545
    0.08129417      0.04252467      0.90363101      0.00011178
    0.08850244      0.02101700      0.45364183      0.00012425
    0.06011523      0.06946300      0.90295702      0.00012835
    0.03579753      0.08430405      0.90723836      0.00015123
    0.03833561      0.08298984      0.87579927      0.00013549
    0.08988417      0.01031000      0.51429171      0.00011194
    0.07091124      0.05819535      0.39751653      0.00009525
    0.05294495      0.07453487      0.84734084      0.00012310
    0.08375911      0.03497207      0.47969026      0.00013118
    0.00349866      0.09123146      0.77965717      0.00010627
    0.08946019      0.01928807      0.90945777      0.00011604
    0.08947566      0.01921695      0.41269915      0.00011441
    0.01917700      0.08964329      0.91835900      0.00009936
    0.08382045      0.03696466      0.42849620      0.00011121
    0.08272735      0.03913491      0.89509204      0.00013050
    0.08443904      0.03552940      0.41268192      0.00010175
    0.08466849      0.03510432      0.90950095      0.00009802
    0.08962419      0.01920970      0.40306947      0.00009847
    0.08960791      0.01928524      0.91908840      0.00009765
    0.08790981      0.02120181      0.48424904      0.00009143
   -0.08714658      0.02288839      0.49156516      0.00018664
   -0.04568606      0.07938606      0.90190461      0.00017498
   -0.04187770      0.07886963      0.76077051      0.00020362
   -0.08033454      0.04322686      0.45268516      0.00015708
   -0.01258458      0.09060978      0.39898169      0.00013483
   -0.08509030      0.02818157      0.51956044      0.00018489
   -0.02873175      0.08661084      0.89142072      0.00016715
   -0.08061341      0.04233583      0.46210692      0.00016029
   -0.04597027      0.07917936      0.89200362      0.00014024
   -0.00660181      0.09119903      0.40557428      0.00019729
   -0.07748041      0.04467620      0.54982388      0.00021295
   -0.08527889      0.02880566      0.50064626      0.00019912
   -0.00592962      0.09058801      0.76014675      0.00018083
   -0.01213656      0.08904733      0.75019995      0.00019429
   -0.08648626      0.02316594      0.52774316      0.00013065
   -0.06394705      0.06593097      0.42058815      0.00016055
   -0.02162590      0.08854210      0.88451167      0.00016380
   -0.04746024      0.07603436      0.77017604      0.00018149
   -0.00620694      0.09045932      0.74005319      0.00018973
   -0.06810951      0.06158369      0.43004896      0.00015693
   -0.05620665      0.07261475      0.42203439      0.00015811
   -0.02977766      0.08346302      0.71992679      0.00019040
   -0.07722754      0.04674143      0.51054624      0.00020031
   -0.08618728      0.02238384      0.57151063      0.00017826
   -0.03031984      0.08370172      0.76118792      0.00022519
   -0.01159837      0.08930724      0.77028862      0.00017682
   -0.08415672      0.02844415      0.58079528      0.00018160
   -0.08039127      0.03918298      0.53951252      0.00021018
   -0.00612990      0.09041790      0.70060915      0.00018781
   -0.08023182      0.03878662      0.55990687      0.00021376
   -0.07435748      0.05390045      0.42895992      0.00013877
   -0.08589934      0.02269753      0.59117362      0.00018947
   -0.08390963      0.02861720      0.60044521      0.00018656
   -0.08642538      0.02649449      0.48158735      0.00012863
   -0.08325773      0.03751747      0.87681875      0.00015335
   -0.05319975      0.07475422      0.90728312      0.00015908
   -0.01208052      0.08887275      0.69073076      0.00018628
   -0.01205419      0.08898124      0.73013988      0.00018346
   -0.08040800      0.04093479      0.50001806      0.00022070
   -0.08378928      0.02847964      0.64018079      0.00017259
   -0.08023406      0.04046098      0.51991848      0.00018861
   -0.02408504      0.08545610      0.72992936      0.00018721
   -0.01166830      0.08897176      0.67088920      0.00017937
   -0.00589710      0.09047025      0.64114886      0.00018074
   -0.03064494      0.08432947      0.80489049      0.00018083
   -0.08575727      0.02263165      0.63073724      0.00017171
   -0.00595062      0.09045485      0.68078828      0.00018239
   -0.04504807      0.07635823      0.66986768      0.00017394
   -0.02945001      0.08674905      0.40614628      0.00015796
   -0.02387672      0.08540606      0.71030201      0.00018272
   -0.08391118      0.02828728      0.62039781      0.00018739
   -0.09047677      0.00585838      0.66086133      0.00017958
   -0.08692093      0.02714331      0.87733848      0.00016436
   -0.07713259      0.04977330      0.90724251      0.00013828
   -0.08478856      0.02739743      0.56062925      0.00018178
   -0.03121566      0.08439459      0.81725892      0.00020608
   -0.08584340      0.02253306      0.61093835      0.00018518
   -0.02827276      0.08392118      0.62087615      0.00018005
   -0.02868025      0.08367031      0.66058206      0.00018380
   -0.07243219      0.05639104      0.90291922      0.00013383
   -0.08563766      0.02289709      0.67004397      0.00017138
   -0.02432021      0.08827542      0.39898169      0.00013477
   -0.08389467      0.02817170      0.67959009      0.00017269
   -0.02240010      0.08590539      0.61113257      0.00017870
   -0.04386190      0.07746966      0.59063204      0.00017327
   -0.01197715      0.08893982      0.71047361      0.00018122
   -0.08601078      0.02207586      0.70970863      0.00016629
   -0.02304816      0.08558362      0.65076343      0.00017764
   -0.07603878      0.05124758      0.44728402      0.00014392
   -0.08639102      0.02174431      0.74905338      0.00016714
   -0.01161478      0.08898716      0.65102756      0.00017966
   -0.01149875      0.08903729      0.63123100      0.00017502
   -0.03966521      0.07908392      0.66015841      0.00017694
   -0.08431997      0.02750465      0.71905069      0.00017013
   -0.04016632      0.07888490      0.68002046      0.00017112
   -0.08897230      0.01166727      0.65080576      0.00017959
   -0.08689365      0.02157148      0.78867687      0.00016617
   -0.03580581      0.08332839      0.84218100      0.00014619
   -0.08785615      0.02165647      0.84793309      0.00016173
   -0.08483172      0.02715796      0.75866426      0.00016575
   -0.04076645      0.08101473      0.83476686      0.00014705
   -0.08899927      0.01157057      0.67054253      0.00017533
   -0.02319749      0.08552870      0.67074559      0.00017910
   -0.08413145      0.02769575      0.69954891      0.00017181
   -0.08550940      0.02690532      0.79835893      0.00016457
   -0.02141618      0.08717650      0.80065186      0.00013396
   -0.02233095      0.08620865      0.57152538      0.00017612
   -0.03875757      0.07982838      0.60068271      0.00017207
   -0.02369680      0.08596568      0.77130618      0.00019688
   -0.02293421      0.08565396      0.63097409      0.00017696
   -0.07923715      0.03998866      0.59972887      0.00017808
   -0.04346694      0.07868278      0.53148386      0.00017560
   -0.03790861      0.08335946      0.88684962      0.00011289
   -0.06033596      0.06912224      0.88591802      0.00016221
   -0.02792146      0.08418043      0.60100008      0.00017492
   -0.03867511      0.08011067      0.58084803      0.00017157
   -0.08584275      0.02237679      0.68997754      0.00017729
   -0.08695467      0.02233289      0.51081640      0.00015923
   -0.08664065      0.02695880      0.85764894      0.00016311
   -0.07659374      0.04504908      0.60956638      0.00017845
   -0.05697580      0.07186460      0.44228578      0.00017286
   -0.02795634      0.08457678      0.56139302      0.00017365
   -0.07710198      0.04973995      0.41913382      0.00014475
   -0.05233194      0.07534924      0.43279204      0.00015136
   -0.03830110      0.08216305      0.48244075      0.00016874
   -0.08559079      0.02304687      0.65036043      0.00017442
   -0.02228556      0.08643580      0.55176143      0.00017319
   -0.05281562      0.07476228      0.45267158      0.00016390
   -0.08084818      0.04293869      0.88642067      0.00016186
   -0.02786963      0.08437423      0.58122509      0.00017653
   -0.08480772      0.02853341      0.53768121      0.00014837
   -0.02768799      0.08603664      0.48265952      0.00016953
   -0.02224088      0.08807052      0.45319408      0.00016574
   -0.02789427      0.08702382      0.42448875      0.00014960
   -0.06477478      0.06495092      0.87612012      0.00015209
   -0.01117841      0.08991382      0.49284388      0.00016985
   -0.07935215      0.03919614      0.63971226      0.00017174
   -0.01118526      0.09035054      0.45326333      0.00016573
   -0.08457739      0.02725756      0.73885112      0.00017063
   -0.00557568      0.09101206      0.48295499      0.00016799
   -0.02768692      0.08678931      0.44336745      0.00016630
   -0.05249437      0.07532212      0.88530177      0.00012957
   -0.03814731      0.08324126      0.42431202      0.00014709
   -0.08841152      0.02236480      0.43371415      0.00016029
   -0.02236819      0.08837089      0.43381006      0.00015870
   -0.06089502      0.06847085      0.86683508      0.00016057
   -0.02219515      0.08736727      0.49271479      0.00016827
   -0.07522332      0.05239788      0.88592754      0.00016768
   -0.07933400      0.03943184      0.61974218      0.00018070
   -0.06501298      0.06478283      0.44098895      0.00017000
   -0.01132338      0.09053300      0.43382222      0.00016284
   -0.09126304      0.00598560      0.42340841      0.00017891
   -0.00573689      0.09130155      0.42392891      0.00017145
   -0.07212353      0.05653986      0.87603856      0.00015963
   -0.06478162      0.06470468      0.85695016      0.00015712
   -0.09043620      0.01074416      0.45319894      0.00016181
   -0.06981366      0.05926430      0.45031346      0.00018712
   -0.02390141      0.08532993      0.69056081      0.00018262
   -0.04323745      0.08044792      0.45291197      0.00016176
   -0.09050104      0.01154444      0.43321263      0.00017692
   -0.04817285      0.07787470      0.87535863      0.00012791
   -0.04347573      0.07911565      0.51184360      0.00016856
   -0.08616553      0.02194650      0.72920717      0.00016892
   -0.07537134      0.05187285      0.86652275      0.00016571
   -0.09126901      0.00536424      0.87836841      0.00016061
   -0.02985036      0.08334132      0.70026760      0.00017966
   -0.03820481      0.08132952      0.52188607      0.00017290
   -0.00559877      0.09111910      0.46314780      0.00016814
   -0.01117445      0.09013116      0.47299167      0.00016883
   -0.02120334      0.08800688      0.84937430      0.00014255
   -0.05747563      0.07119396      0.46226989      0.00016564
   -0.07190919      0.05651774      0.85671938      0.00016302
   -0.03052958      0.08338944      0.73986628      0.00019296
   -0.03816205      0.08298479      0.44325159      0.00016285
   -0.00529376      0.09127129      0.87772304      0.00015853
   -0.01114949      0.09054841      0.88715586      0.00017793
   -0.01070573      0.09022256      0.84891351      0.00014532
   -0.00558650      0.09123144      0.44344886      0.00016729
   -0.01059361      0.09044187      0.86752537      0.00014618
   -0.07489938      0.05208371      0.84681376      0.00016455
   -0.02442835      0.08550260      0.75022355      0.00020378
   -0.07674883      0.04951097      0.47070912      0.00015569
   -0.06046016      0.06854874      0.84727780      0.00016077
   -0.02774996      0.08641021      0.46291217      0.00016583
   -0.02930070      0.08346897      0.68047472      0.00017890
   -0.08816410      0.02173526      0.45389551      0.00017462
   -0.03820648      0.08177002      0.50223345      0.00016962
   -0.07145150      0.05664792      0.83706465      0.00016409
   -0.06413985      0.06492602      0.83729791      0.00016447
   -0.00585573      0.09127712      0.89787726      0.00017504
   -0.06643649      0.06277774      0.46120860      0.00019706
   -0.02762397      0.08567001      0.50254088      0.00016722
   -0.03819428      0.08344892      0.40579308      0.00014327
   -0.07449019      0.05209760      0.82708729      0.00016525
   -0.08687638      0.02737030      0.44455787      0.00016835
   -0.05995043      0.06858374      0.82754533      0.00016272
   -0.09123800      0.00555884      0.44335978      0.00016645
   -0.07160704      0.05303152      0.70844767      0.00016880
   -0.07244751      0.05263756      0.74801779      0.00016830
   -0.05372996      0.07138369      0.59033467      0.00017351
   -0.07069373      0.05397402      0.64927982      0.00016947
   -0.05359107      0.07220417      0.55084295      0.00017176
   -0.00529985      0.09117058      0.85846900      0.00015914
   -0.06377595      0.06487196      0.81754555      0.00015902
   -0.03948941      0.08138256      0.82273870      0.00016169
   -0.02621322      0.08653933      0.84026607      0.00015294
   -0.08513538      0.02706029      0.77845302      0.00016947
   -0.07089432      0.05369043      0.66900960      0.00016670
   -0.05213468      0.07519474      0.86668984      0.00016302
   -0.07339756      0.05241392      0.78764318      0.00016859
   -0.04079645      0.07866755      0.69976767      0.00017452
   -0.03958258      0.07915278      0.64025900      0.00017528
   -0.06708566      0.05861534      0.63943980      0.00017016
   -0.04119497      0.07862995      0.71950344      0.00017665
   -0.04178177      0.07858347      0.73947345      0.00018466
   -0.08990339      0.01122465      0.49288798      0.00016942
   -0.01112566      0.08942535      0.55207205      0.00016899
   -0.00554134      0.09074886      0.54226655      0.00016853
   -0.07100406      0.05666392      0.81732077      0.00016685
   -0.06981332      0.05704727      0.77784968      0.00016685
   -0.04380082      0.07815138      0.55108708      0.00016878
   -0.05942286      0.06859741      0.80780848      0.00015994
   -0.06796480      0.05771800      0.69868096      0.00016882
   -0.08932242      0.01110029      0.57200008      0.00016938
   -0.09100163      0.00562192      0.48299909      0.00016939
   -0.05066335      0.07503171      0.80850741      0.00016344
   -0.09063915      0.00554485      0.58188897      0.00016938
   -0.08924664      0.01108178      0.59177786      0.00016938
   -0.08919395      0.01106854      0.61155557      0.00016938
   -0.09058647      0.00553161      0.62144446      0.00016938
   -0.08908200      0.01134051      0.63116666      0.00016941
   -0.00560165      0.09056704      0.62141547      0.00017153
   -0.07948791      0.03990399      0.58007703      0.00018149
   -0.01116444      0.08916792      0.61141498      0.00017301
   -0.09019983      0.01080724      0.47306048      0.00016380
   -0.00540588      0.09105197      0.83933340      0.00016282
   -0.00560273      0.09090176      0.50277778      0.00016938
   -0.00584725      0.09052192      0.72030891      0.00017892
   -0.00566875      0.09071922      0.77991964      0.00017241
   -0.00556279      0.09060089      0.60155506      0.00017017
   -0.09090176      0.00560273      0.50277778      0.00016938
   -0.00558433      0.09067649      0.56202772      0.00017026
   -0.00571768      0.09051691      0.66098981      0.00017524
   -0.09058647      0.00553160      0.70055556      0.00016938
   -0.09049553      0.00580890      0.64105554      0.00017802
   -0.09068327      0.00555544      0.56211111      0.00016938
   -0.09077493      0.00542264      0.77941776      0.00016493
   -0.09103505      0.00544340      0.83876458      0.00016401
   -0.09119820      0.00518532      0.46317250      0.00015566
   -0.09060748      0.00553693      0.60166667      0.00016938
   -0.09065675      0.00547301      0.73985350      0.00016718
   -0.07039051      0.05689004      0.79763510      0.00016597
   -0.06306549      0.06506864      0.79782106      0.00016153
   -0.05845887      0.06891408      0.78806228      0.00016563
   -0.07859545      0.04284547      0.76785835      0.00016629
   -0.06219965      0.06536882      0.77808282      0.00016791
   -0.06931591      0.05714672      0.75806980      0.00016982
   -0.04723839      0.07586453      0.74941331      0.00018171
   -0.07289313      0.05252873      0.76785346      0.00016870
   -0.05742360      0.06927917      0.76861796      0.00016437
   -0.04675453      0.07581705      0.72911318      0.00017882
   -0.06146004      0.06557560      0.75860116      0.00017709
   -0.05685738      0.06932569      0.74880203      0.00018070
   -0.06111364      0.06553838      0.73848674      0.00017010
   -0.05646741      0.06931081      0.72873775      0.00017024
   -0.06840461      0.05744924      0.71845694      0.00016896
   -0.04624011      0.07589922      0.70937874      0.00017657
   -0.06059421      0.06569433      0.71871491      0.00017037
   -0.06758247      0.05802058      0.67893194      0.00016851
   -0.05843985      0.06760329      0.60009379      0.00017328
   -0.04571313      0.07607209      0.68960663      0.00017146
   -0.05592648      0.06946985      0.70896564      0.00017061
   -0.06009463      0.06591124      0.69894096      0.00017064
   -0.06728313      0.05833522      0.65922411      0.00016792
   -0.05532495      0.06974515      0.68919301      0.00017221
   -0.05956342      0.06622096      0.67917064      0.00017406
   -0.05483335      0.07002123      0.66943148      0.00017356
   -0.05924122      0.06646565      0.65940729      0.00017374
   -0.05907434      0.06669624      0.63963283      0.00016928
   -0.03927505      0.07940668      0.62046546      0.00017547
   -0.04484976      0.07646662      0.64997096      0.00017549
   -0.05464049      0.07018535      0.64965604      0.00017192
   -0.04475314      0.07660885      0.63019458      0.00017343
   -0.03827140      0.08259213      0.46274592      0.00016268
   -0.05445416      0.07043358      0.62988333      0.00016963
   -0.05879029      0.06709230      0.61986265      0.00016973
   -0.07053751      0.05430964      0.62947435      0.00017105
   -0.04423849      0.07703885      0.61040451      0.00017397
   -0.06686231      0.05904926      0.61964670      0.00017111
   -0.07032750      0.05484958      0.60960963      0.00017182
   -0.06884790      0.05727913      0.73823386      0.00016792
   -0.07655805      0.04552883      0.58973903      0.00017757
   -0.06664262      0.05959617      0.59980642      0.00016913
   -0.05832595      0.06801201      0.58030590      0.00017388
   -0.07022976      0.05533584      0.58977334      0.00017081
   -0.07696174      0.04523287      0.57007000      0.00018866
   -0.06662298      0.05997128      0.58003193      0.00017134
   -0.05831932      0.06841328      0.56056190      0.00017124
   -0.05804551      0.06952123      0.52109846      0.00016947
   -0.07397599      0.05221077      0.80739775      0.00016455
   -0.07718190      0.04368762      0.68879645      0.00016905
   -0.05811894      0.06899382      0.54083829      0.00017277
   -0.07042510      0.05549316      0.56999060      0.00017483
   -0.05345479      0.07272966      0.53109633      0.00017187
   -0.07121416      0.05335154      0.68869432      0.00016830
   -0.07783068      0.04313156      0.72826602      0.00016825
   -0.06673823      0.06021837      0.56026512      0.00017927
   -0.07957762      0.04362324      0.48057714      0.00016502
   -0.05405271      0.07089974      0.61011295      0.00017112
   -0.07721357      0.04609492      0.52993251      0.00019551
   -0.07201208      0.05280645      0.72822690      0.00016845
   -0.07052346      0.05584767      0.55026154      0.00017843
   -0.06663242      0.06083223      0.54055366      0.00017908
   -0.08088068      0.04230965      0.86680980      0.00016480
   -0.03874630      0.08037317      0.56105079      0.00017028
   -0.06633442      0.06220308      0.50118328      0.00017517
   -0.07955240      0.04252603      0.80753188      0.00016485
   -0.07041167      0.05657270      0.53053599      0.00017839
   -0.06648891      0.06152586      0.52082276      0.00017623
   -0.02211410      0.08704995      0.51250096      0.00016662
   -0.04392639      0.07774147      0.57080611      0.00016878
   -0.05370916      0.07172879      0.57056134      0.00017279
   -0.05782211      0.07013966      0.50150405      0.00016997
   -0.07675477      0.04437175      0.64941355      0.00017002
   -0.07028429      0.05732853      0.51084705      0.00017509
   -0.05315354      0.07381850      0.49185928      0.00016834
   -0.05332858      0.07326048      0.51144352      0.00016849
   -0.01104819      0.08958226      0.53231976      0.00016756
   -0.07713737      0.04756184      0.49034774      0.00021082
   -0.03834085      0.08089415      0.54146995      0.00016743
   -0.08910896      0.01124380      0.69045898      0.00017754
   -0.07000704      0.05824303      0.49121216      0.00017240
   -0.06603114      0.06303644      0.48154944      0.00016783
   -0.07033269      0.05824297      0.47081700      0.00020181
   -0.05768994      0.07067532      0.48187579      0.00016696
   -0.04309636      0.08078380      0.43351746      0.00015870
   -0.01111883      0.08931881      0.57184947      0.00017007
   -0.01109729      0.08924321      0.59159903      0.00016849
   -0.05303063      0.07429808      0.47220463      0.00016776
   -0.09052249      0.00571220      0.68057009      0.00017504
   -0.01110959      0.08973515      0.51260877      0.00016671
   -0.08624582      0.02694262      0.83775594      0.00016411
   -0.04340457      0.08001062      0.47244028      0.00016500
   -0.01167718      0.08953859      0.80595581      0.00015199
   -0.02227003      0.08770229      0.47282530      0.00017010
   -0.09040582      0.01084516      0.86824063      0.00016377
   -0.02876594      0.08368339      0.64062782      0.00017314
   -0.00550686      0.09083339      0.52249766      0.00016700
   -0.04339075      0.07959369      0.49218859      0.00016785
   -0.01169888      0.08964235      0.81520786      0.00015377
   -0.00553450      0.09064232      0.58182175      0.00016906
   -0.02222030      0.08608528      0.59132646      0.00017246
   -0.09126892      0.00595175      0.89855981      0.00017790
   -0.08926987      0.01098611      0.72975400      0.00016667
   -0.08919959      0.01104470      0.71023384      0.00016360
   -0.08822538      0.02159090      0.86783217      0.00016434
   -0.08067401      0.04362443      0.39924711      0.00014201
   -0.08719348      0.02154066      0.80849296      0.00016572
   -0.07118563      0.05786815      0.92292391      0.00013741
   -0.07674296      0.04449272      0.62961308      0.00017633
   -0.08658168      0.02175644      0.76875979      0.00016849
   -0.05865843      0.07054210      0.39961239      0.00015191
   -0.08209951      0.03735653      0.81752951      0.00016311
   -0.04352149      0.08072981      0.92298494      0.00013574
   -0.08000923      0.04247495      0.82716189      0.00016540
   -0.08586425      0.02690988      0.81805535      0.00016368
   -0.09017187      0.01092432      0.84841458      0.00016425
   -0.08948423      0.01086978      0.76929541      0.00016507
   -0.08936604      0.01092016      0.74950892      0.00016720
   -0.08768004      0.02673243      0.92323243      0.00012901
   -0.08998213      0.01082973      0.82869171      0.00016219
   -0.07982447      0.03838170      0.69884258      0.00016812
   -0.08011514      0.03810197      0.71855555      0.00016756
   -0.02196251      0.08679790      0.53216591      0.00016641
   -0.08963065      0.01082049      0.78910599      0.00016548
   -0.02761555      0.08497496      0.54180208      0.00016632
   -0.09061312      0.00551310      0.72012273      0.00016865
   -0.08079910      0.03770452      0.75820682      0.00016605
   -0.08044737      0.03784530      0.73840511      0.00017167
   -0.08750862      0.02159680      0.82816455      0.00016340
   -0.02742568      0.08536383      0.52223600      0.00016715
   -0.07430911      0.05381854      0.41138326      0.00012342
   -0.08163306      0.03744404      0.79792369      0.00016810
   -0.07130375      0.05773751      0.89369552      0.00013125
   -0.08088400      0.04323340      0.92290291      0.00013796
   -0.08118178      0.03760276      0.77800903      0.00017050
   -0.09053793      0.01131598      0.88848378      0.00017983
   -0.07655432      0.05064383      0.91782682      0.00012799
   -0.01233870      0.09050059      0.41572542      0.00014839
   -0.02750619      0.08501558      0.78222584      0.00017967
   -0.08373365      0.02856449      0.65991744      0.00017051
   -0.09070929      0.00544714      0.75965542      0.00016607
   -0.09113682      0.00548092      0.85853889      0.00016460
   -0.08389486      0.03466583      0.47778205      0.00012296
   -0.09094708      0.00538633      0.81903824      0.00016282
   -0.08251117      0.03737412      0.83727912      0.00016782
   -0.08465592      0.03520994      0.91813534      0.00013048
   -0.06560053      0.06420552      0.91789746      0.00013363
   -0.07749897      0.04335914      0.70850716      0.00016885
   -0.08980279      0.01078418      0.80894869      0.00016365
   -0.06740214      0.06232632      0.41174854      0.00012018
   -0.08295916      0.03730339      0.85714630      0.00016738
   -0.05169917      0.07577237      0.91795849      0.00014130
   -0.08443113      0.03565143      0.40401268      0.00014065
   -0.09085572      0.00539785      0.79924379      0.00016369
   -0.02681599      0.08765476      0.92314743      0.00013131
   -0.08766524      0.02678288      0.39876557      0.00012895
   -0.03971263      0.08199152      0.85405355      0.00014378
   -0.03558160      0.08447645      0.91813237      0.00013572
   -0.07954081      0.03879658      0.67911533      0.00016918
   -0.05863540      0.07055787      0.92297355      0.00013607
   -0.08944887      0.01171453      0.52888801      0.00014920
   -0.02200861      0.08734539      0.82227234      0.00014159
   -0.07822838      0.04287862      0.74814992      0.00017049
   -0.08837030      0.02234931      0.88786230      0.00017710
   -0.08710665      0.02538526      0.46378014      0.00013541
   -0.07688491      0.04413034      0.66909085      0.00016627
   -0.08950801      0.01104856      0.53839378      0.00013920
   -0.09091897      0.00519097      0.52151399      0.00015730
   -0.08437957      0.03399319      0.46661625      0.00012447
   -0.07933476      0.03917286      0.65943909      0.00016812
   -0.08748362      0.02674913      0.90489057      0.00011983
   -0.02022999      0.08791466      0.83174259      0.00012939
   -0.07906371      0.04265267      0.78779764      0.00017084
   -0.04780058      0.07705387      0.81848548      0.00013334
   -0.08044001      0.04243256      0.84695363      0.00016571
   -0.04411920      0.08039628      0.39862849      0.00012527
   -0.09097811      0.00452500      0.54420495      0.00013762
   -0.00451438      0.09115965      0.82104841      0.00013623
   -0.04658947      0.07732351      0.79908932      0.00014500
   -0.09161278      0.00420014      0.91718659      0.00012513
   -0.00449268      0.09105589      0.79861118      0.00013619
   -0.08671234      0.02876843      0.89585147      0.00013642
   -0.04820944      0.07755297      0.85637830      0.00016040
   -0.09160698      0.00423886      0.40486621      0.00012629
   -0.00429140      0.09159835      0.91698378      0.00012787
   -0.04451978      0.07794458      0.78021023      0.00014202
   -0.07607719      0.05135416      0.40285510      0.00011247
   -0.06535643      0.06450905      0.40322039      0.00011559
   -0.03800745      0.08151292      0.79753160      0.00015143
   -0.09102353      0.01018291      0.92377918      0.00011419
   -0.09101773      0.01022163      0.39827361      0.00011561
   -0.08690181      0.02063888      0.55310143      0.00013130
   -0.08688568      0.02833325      0.42600526      0.00012633
   -0.01027417      0.09100910      0.92357637      0.00011967
   -0.08175049      0.04176537      0.41929359      0.00011028
   -0.01016143      0.08977512      0.78897526      0.00012729
   -0.01975529      0.08875474      0.86667059      0.00010840
   -0.08674844      0.02160700      0.54399397      0.00012796
   -0.05127235      0.07611032      0.41421528      0.00013141
   -0.09088170      0.01015189      0.90752417      0.00012230
   -0.04244858      0.08130227      0.41576748      0.00012099
   -0.02735294      0.08719553      0.90239752      0.00016974
   -0.03387583      0.08446335      0.86083934      0.00012872
   -0.06626882      0.06359894      0.90847709      0.00011564
   -0.01990043      0.08741303      0.79026390      0.00012820
   -0.08756405      0.02657738      0.41708412      0.00011273
   -0.09087002      0.01022446      0.41449683      0.00012117
   -0.01014713      0.09087547      0.90663882      0.00013040
   -0.08948535      0.01916592      0.90934920      0.00011605
   -0.08982073      0.01079370      0.51162510      0.00013659
   -0.06376514      0.06605080      0.89360445      0.00011665
   -0.02345127      0.08838496      0.41629742      0.00011778
   -0.06080427      0.06893315      0.90287780      0.00012000
   -0.05231991      0.07542307      0.40424088      0.00012549
   -0.03624559      0.08415084      0.90772742      0.00015033
   -0.03638445      0.08196250      0.78525492      0.00014553
   -0.08383062      0.03649575      0.44459975      0.00012633
   -0.03972554      0.08238559      0.87663605      0.00012372
   -0.05074236      0.07473464      0.78863161      0.00012399
   -0.02495913      0.08726777      0.85807500      0.00011161
   -0.02493185      0.08757784      0.87422407      0.00010633
   -0.07091849      0.05818744      0.39760800      0.00009772
   -0.05264832      0.07467314      0.84685118      0.00013285
   -0.04911215      0.07679803      0.83711229      0.00010839
   -0.08966138      0.01008044      0.55409384      0.00010542
   -0.08838039      0.02001608      0.47297156      0.00011714
   -0.05273457      0.07433135      0.82778633      0.00011219
   -0.00992026      0.09021163      0.83127070      0.00011132
   -0.08945887      0.01928895      0.41266981      0.00011495
   -0.01924472      0.08945384      0.90837885      0.00012784
   -0.08962718      0.01919694      0.91901161      0.00009789
   -0.08348434      0.03773441      0.42773319      0.00010501
   -0.08140768      0.04241060      0.90363915      0.00010432
   -0.08447766      0.03544310      0.41270060      0.00010508
   -0.08460133      0.03525767      0.90945589      0.00009921
   -0.01937177      0.08958747      0.91872380      0.00010114
   -0.08960659      0.01928612      0.40303919      0.00009878
   -0.08285342      0.03898365      0.89492958      0.00011982
   -0.08196442      0.04089141      0.43548398      0.00010628
   -0.07748607      0.04908287      0.43687047      0.00011263
   -0.03385463      0.08467272      0.87091955      0.00011707
   -0.08698538     -0.02356255      0.49124600      0.00017623
   -0.02871338     -0.08662455      0.89119841      0.00016339
   -0.08033191     -0.04323226      0.45268181      0.00015702
   -0.01258458     -0.09060978      0.39898169      0.00013483
   -0.04546143     -0.07954324      0.90148117      0.00017037
   -0.08060383     -0.04235652      0.46209422      0.00015993
   -0.00660181     -0.09119903      0.40557428      0.00019729
   -0.08490995     -0.03000887      0.50052232      0.00019853
   -0.04675950     -0.07668739      0.78844576      0.00020739
   -0.02341015     -0.08603218      0.76946096      0.00019575
   -0.06394697     -0.06593105      0.42058808      0.00016055
   -0.04569283     -0.07936404      0.89161158      0.00013434
   -0.08606289     -0.02280166      0.57080683      0.00017978
   -0.02164920     -0.08853436      0.88435883      0.00016425
   -0.07710328     -0.04443171      0.58976506      0.00018753
   -0.02894344     -0.08445786      0.77919480      0.00018937
   -0.08612330     -0.02416375      0.53120548      0.00018643
   -0.06810918     -0.06158410      0.43004864      0.00015692
   -0.05620660     -0.07261480      0.42203435      0.00015810
   -0.04645517     -0.07625074      0.74890247      0.00018408
   -0.08422856     -0.02980427      0.54084960      0.00018273
   -0.08030973     -0.04392375      0.88708456      0.00017250
   -0.07702006     -0.04727008      0.51074185      0.00018346
   -0.02357487     -0.08563133      0.72979735      0.00018374
   -0.08430814     -0.02809491      0.58039821      0.00017398
   -0.05294751     -0.07496141      0.90687385      0.00015625
   -0.04095055     -0.07954093      0.77877099      0.00019604
   -0.04236976     -0.07931048      0.79876077      0.00019280
   -0.07435718     -0.05390086      0.42895961      0.00013877
   -0.02950783     -0.08376754      0.73955722      0.00018278
   -0.04564592     -0.07621764      0.70933972      0.00017967
   -0.09070741     -0.00604825      0.52225655      0.00018348
   -0.02332356     -0.08551088      0.69020179      0.00018446
   -0.07978341     -0.03927159      0.57998933      0.00018514
   -0.08637199     -0.02665765      0.48150314      0.00013107
   -0.08425908     -0.02885404      0.56066380      0.00018000
   -0.07687063     -0.04608899      0.55027758      0.00018236
   -0.08598974     -0.02215698      0.61071658      0.00018174
   -0.07980018     -0.03872881      0.59979552      0.00018446
   -0.04079566     -0.07904023      0.73920670      0.00018265
   -0.04117418     -0.07914237      0.75897849      0.00018523
   -0.02964274     -0.08394272      0.75934230      0.00018650
   -0.08016903     -0.04154889      0.50016774      0.00021651
   -0.08398953     -0.02808879      0.62013987      0.00017535
   -0.02915186     -0.08359142      0.69996186      0.00018222
   -0.07978509     -0.04158841      0.52061412      0.00017990
   -0.02265104     -0.08571474      0.65071112      0.00017390
   -0.08678985     -0.02756107      0.87758785      0.00017025
   -0.08299038     -0.03811204      0.87717102      0.00016006
   -0.04494765     -0.07639684      0.66977017      0.00017760
   -0.02840680     -0.08379824      0.64062767      0.00017994
   -0.08577545     -0.02250718      0.63058570      0.00018498
   -0.02945001     -0.08674905      0.40614628      0.00015796
   -0.08932737     -0.01211358      0.53185034      0.00018418
   -0.03050680     -0.08468507      0.81731664      0.00019141
   -0.08383015     -0.02830021      0.63969529      0.00018180
   -0.04023377     -0.07893143      0.69962156      0.00017687
   -0.04047305     -0.07896598      0.71940296      0.00018026
   -0.08481766     -0.02722091      0.75921917      0.00016980
   -0.07469482     -0.05323996      0.88660418      0.00016268
   -0.08607756     -0.02346702      0.55109101      0.00018003
   -0.02924538     -0.08368227      0.71974172      0.00018172
   -0.08080514     -0.03772231      0.75869623      0.00016859
   -0.02842498     -0.08377428      0.66040313      0.00017622
   -0.08583660     -0.02223671      0.67021339      0.00017862
   -0.08947922     -0.01224006      0.51209400      0.00018451
   -0.08389091     -0.02807661      0.65954517      0.00018215
   -0.07963840     -0.04104087      0.54045689      0.00018365
   -0.02432021     -0.08827542      0.39898169      0.00013477
   -0.08578647     -0.02238076      0.65033178      0.00018126
   -0.07964231     -0.04023942      0.56024308      0.00018157
   -0.07603684     -0.05125058      0.44728189      0.00014390
   -0.08616799     -0.02193812      0.72918686      0.00017205
   -0.08401679     -0.02779472      0.67925957      0.00017213
   -0.00587160     -0.09049127      0.62141027      0.00017985
   -0.02300048     -0.08563054      0.63096080      0.00017836
   -0.03940124     -0.07919017      0.66006328      0.00017822
   -0.00588864     -0.09059582      0.75980873      0.00017959
   -0.03992851     -0.07897986      0.67982209      0.00017530
   -0.03576607     -0.08333823      0.84217360      0.00014727
   -0.08454772     -0.02734405      0.73898999      0.00017503
   -0.00586852     -0.09051568      0.72023257      0.00017958
   -0.04059710     -0.08109363      0.83479135      0.00014516
   -0.00578800     -0.09050110      0.68066660      0.00017738
   -0.05838978     -0.06763601      0.60007393      0.00017511
   -0.08782725     -0.02178880      0.84811609      0.00016016
   -0.02889218     -0.08361531      0.68014910      0.00018010
   -0.08157852     -0.03762288      0.79852676      0.00016741
   -0.02230782     -0.08622165      0.57150170      0.00017202
   -0.08429345     -0.02763153      0.60023788      0.00017371
   -0.08592689     -0.02208952      0.68951121      0.00016621
   -0.03853221     -0.08016857      0.58086684      0.00017187
   -0.04373578     -0.07753188      0.59060779      0.00017396
   -0.08417613     -0.02756559      0.69855585      0.00017137
   -0.03786147     -0.08337590      0.88657866      0.00011212
   -0.04346218     -0.07868586      0.53149377      0.00017553
   -0.01146832     -0.08908279      0.61142524      0.00017727
   -0.01183442     -0.08912653      0.74984658      0.00018044
   -0.05697575     -0.07186464      0.44228574      0.00017286
   -0.01151780     -0.08903276      0.63124734      0.00017591
   -0.08658431     -0.02714579      0.85778540      0.00016321
   -0.07710193     -0.04974003      0.41913376      0.00014475
   -0.02788962     -0.08460132      0.56143792      0.00017314
   -0.05233189     -0.07534929      0.43279199      0.00015136
   -0.07949198     -0.04267209      0.80820560      0.00016559
   -0.08434943     -0.02741670      0.71864803      0.00017707
   -0.03830110     -0.08216305      0.48244075      0.00016874
   -0.01172004     -0.08901228      0.71025879      0.00017898
   -0.08251510     -0.03958426      0.89552507      0.00013118
   -0.01145752     -0.08933716      0.76969762      0.00017655
   -0.08442954     -0.03016665      0.52099821      0.00018573
   -0.05281562     -0.07476228      0.45267158      0.00016390
   -0.01163952     -0.08899770      0.69047059      0.00017904
   -0.05427840     -0.07054677      0.62980927      0.00017231
   -0.02227992     -0.08643751      0.55177720      0.00017311
   -0.01181430     -0.08904638      0.73004820      0.00018142
   -0.02778286     -0.08441195      0.58118636      0.00017219
   -0.05386832     -0.07101381      0.61008439      0.00017395
   -0.01151492     -0.08901538      0.67068573      0.00017596
   -0.02768799     -0.08603664      0.48265952      0.00016953
   -0.02224088     -0.08807052      0.45319408      0.00016574
   -0.02789427     -0.08702382      0.42448875      0.00014960
   -0.06476264     -0.06496955      0.87623639      0.00015500
   -0.01117841     -0.08991382      0.49284388      0.00016985
   -0.01118526     -0.09035054      0.45326333      0.00016573
   -0.01233119     -0.08939492      0.80615001      0.00015632
   -0.00557568     -0.09101206      0.48295499      0.00016799
   -0.08604227     -0.02197787      0.70902107      0.00017116
   -0.02768692     -0.08678931      0.44336745      0.00016630
   -0.02363590     -0.08577841      0.74961681      0.00018331
   -0.03814731     -0.08324126      0.42431202      0.00014709
   -0.08827327     -0.02267729      0.88808976      0.00018103
   -0.05366386     -0.07142588      0.59031039      0.00017406
   -0.08841152     -0.02236480      0.43371415      0.00016029
   -0.05864124     -0.06718872      0.61980962      0.00017330
   -0.08640542     -0.02430829      0.51148052      0.00018362
   -0.02236819     -0.08837089      0.43381006      0.00015870
   -0.09051961     -0.01142277      0.88855420      0.00018018
   -0.02782345     -0.08422250      0.60098307      0.00017158
   -0.06099173     -0.06838040      0.86678848      0.00015971
   -0.02219515     -0.08736727      0.49271479      0.00016827
   -0.04463382     -0.07669360      0.63012701      0.00016921
   -0.06501267     -0.06478321      0.44098865      0.00016999
   -0.01132338     -0.09053300      0.43382222      0.00016284
   -0.07194501     -0.05683393      0.87637751      0.00015612
   -0.09126304     -0.00598560      0.42340841      0.00017891
   -0.00573689     -0.09130155      0.42392891      0.00017145
   -0.02263696     -0.08584668      0.61112218      0.00017154
   -0.02224595     -0.08664444      0.78850341      0.00016325
   -0.02333634     -0.08559391      0.71001879      0.00017964
   -0.09043620     -0.01074416      0.45319894      0.00016181
   -0.06981200     -0.05926675      0.45031168      0.00018704
   -0.06489238     -0.06459317      0.85696479      0.00015734
   -0.04823124     -0.07783965      0.87520211      0.00012572
   -0.04323745     -0.08044792      0.45291197      0.00016176
   -0.09050104     -0.01154444      0.43321263      0.00017692
   -0.04347371     -0.07911686      0.51184451      0.00016851
   -0.02121730     -0.08800268      0.84936947      0.00014252
   -0.00527632     -0.09127362      0.87767309      0.00015801
   -0.03820510     -0.08132972      0.52189236      0.00017294
   -0.07527796     -0.05205957      0.86667607      0.00016418
   -0.01070958     -0.09022170      0.84890651      0.00014511
   -0.00559877     -0.09111910      0.46314780      0.00016814
   -0.01117445     -0.09013116      0.47299167      0.00016883
   -0.05747563     -0.07119396      0.46226989      0.00016564
   -0.09126521     -0.00597239      0.89857030      0.00017852
   -0.03816205     -0.08298479      0.44325159      0.00016285
   -0.06005821     -0.06935326      0.88585213      0.00016048
   -0.09125439     -0.00545037      0.87842834      0.00016320
   -0.01057983     -0.09044335      0.86746653      0.00014494
   -0.07199625     -0.05640796      0.85671125      0.00016258
   -0.00558650     -0.09123144      0.44344886      0.00016729
   -0.03858107     -0.07990701      0.60063859      0.00017238
   -0.06056363     -0.06845918      0.84729225      0.00016075
   -0.02293507     -0.08561641      0.67043703      0.00017678
   -0.07674020     -0.04952893      0.47069789      0.00015516
   -0.02774996     -0.08641021      0.46291217      0.00016583
   -0.08816316     -0.02173800      0.45389403      0.00017470
   -0.07494005     -0.05203463      0.84692089      0.00016007
   -0.03820628     -0.08177015      0.50223432      0.00016963
   -0.06418135     -0.06489209      0.83730821      0.00016341
   -0.06643508     -0.06277986      0.46120708      0.00019699
   -0.03876949     -0.08170812      0.82265262      0.00016453
   -0.08978457     -0.01088156      0.80923224      0.00016432
   -0.02762411     -0.08566994      0.50254160      0.00016724
   -0.07145390     -0.05665275      0.83719038      0.00016342
   -0.03819428     -0.08344892      0.40579308      0.00014327
   -0.05987013     -0.06865168      0.82755901      0.00016295
   -0.07441537     -0.05222869      0.82744138      0.00016173
   -0.05222698     -0.07513324      0.86663704      0.00016119
   -0.08687544     -0.02737303      0.44455639      0.00016835
   -0.09123800     -0.00555884      0.44335978      0.00016645
   -0.09084880     -0.00543579      0.79940216      0.00016484
   -0.07245536     -0.05261757      0.74816397      0.00017212
   -0.07822506     -0.04291980      0.74839527      0.00016969
   -0.00530350     -0.09116974      0.85846011      0.00015925
   -0.07097037     -0.05357066      0.66887062      0.00017028
   -0.04379158     -0.07815564      0.55110425      0.00016878
   -0.05356679     -0.07222530      0.55085178      0.00017103
   -0.06352934     -0.06511211      0.81755478      0.00015911
   -0.02615829     -0.08655719      0.84025673      0.00015239
   -0.06882891     -0.05729475      0.73826297      0.00016907
   -0.07755612     -0.04323479      0.70817278      0.00017026
   -0.07726242     -0.04353496      0.68839654      0.00016960
   -0.07201025     -0.05280323      0.72824336      0.00016999
   -0.02852292     -0.08385293      0.62082068      0.00017133
   -0.07128819     -0.05323526      0.68865849      0.00017031
   -0.06733528     -0.05825961      0.65911190      0.00016987
   -0.06838682     -0.05746793      0.71845428      0.00016929
   -0.07681131     -0.04426256      0.64888174      0.00017052
   -0.07942810     -0.03920914      0.61941838      0.00017306
   -0.08977344     -0.01181373      0.49261432      0.00017135
   -0.01112412     -0.08942570      0.55207755      0.00016899
   -0.03911602     -0.07950055      0.62039462      0.00017078
   -0.00554107     -0.09074891      0.54226882      0.00016852
   -0.05863870     -0.06920576      0.80781410      0.00016633
   -0.06970859     -0.05718491      0.77799217      0.00016777
   -0.07989862     -0.03821033      0.69815534      0.00016940
   -0.09064492     -0.00571292      0.56181877      0.00017419
   -0.08926488     -0.01177825      0.55163479      0.00017898
   -0.07080202     -0.05692846      0.81755497      0.00016699
   -0.04947649     -0.07573161      0.80840457      0.00017009
   -0.09100163     -0.00562192      0.48299909      0.00016939
   -0.09093577     -0.00544577      0.81916341      0.00016461
   -0.08916104     -0.01106017      0.63133330      0.00016938
   -0.08656466     -0.02187624      0.76946232      0.00016672
   -0.09058647     -0.00553162      0.62144441      0.00016938
   -0.08944918     -0.01102715      0.76973031      0.00016922
   -0.08920109     -0.01104682      0.61127353      0.00017628
   -0.08914530     -0.01105611      0.65111111      0.00016938
   -0.09057457     -0.00552855      0.64122222      0.00016938
   -0.00564620     -0.09054150      0.64117040      0.00017300
   -0.01137312     -0.08905578      0.65096732      0.00017323
   -0.08508049     -0.02728464      0.77913075      0.00016410
   -0.09019983     -0.01080724      0.47306048      0.00016380
   -0.09070539     -0.00546806      0.75983929      0.00016670
   -0.08996051     -0.01094495      0.82889584      0.00016273
   -0.00594579     -0.09053070      0.74003784      0.00018170
   -0.00572692     -0.09051428      0.66090802      0.00017552
   -0.00540608     -0.09105196      0.83933528      0.00016283
   -0.00556889     -0.09074134      0.77966667      0.00016938
   -0.00560273     -0.09090176      0.50277778      0.00016938
   -0.00559672     -0.09059153      0.60157052      0.00017121
   -0.00585152     -0.09049660      0.70047066      0.00017923
   -0.09077181     -0.00619181      0.50250412      0.00018727
   -0.00558305     -0.09067679      0.56203095      0.00017022
   -0.09061462     -0.00551519      0.60138467      0.00016870
   -0.09074379     -0.00555910      0.77966879      0.00016908
   -0.09061706     -0.00549784      0.72006696      0.00016818
   -0.09057073     -0.00552756      0.66100000      0.00016938
   -0.09061996     -0.00606533      0.54203824      0.00018454
   -0.09102474     -0.00549918      0.83884353      0.00016569
   -0.09119820     -0.00518532      0.46317250      0.00015566
   -0.06228955     -0.06570081      0.79781792      0.00017703
   -0.05751708     -0.06960357      0.78809338      0.00017621
   -0.06932104     -0.05713331      0.75814572      0.00016954
   -0.04694869     -0.07631488      0.76867334      0.00018615
   -0.06182324     -0.06565775      0.77806807      0.00017793
   -0.07288862     -0.05255001      0.76811833      0.00016981
   -0.05706381     -0.06951552      0.76832279      0.00017915
   -0.06138158     -0.06562599      0.75827428      0.00017766
   -0.05654744     -0.06953373      0.74854881      0.00017707
   -0.04609036     -0.07618773      0.72910806      0.00018088
   -0.06086046     -0.06571823      0.73851925      0.00017757
   -0.05606288     -0.06958275      0.72877427      0.00017720
   -0.06800026     -0.05766108      0.69868127      0.00017063
   -0.06040791     -0.06582396      0.71872891      0.00017583
   -0.06763190     -0.05795023      0.67890244      0.00017002
   -0.07163199     -0.05298523      0.70843676      0.00016998
   -0.04544180     -0.07621544      0.68953447      0.00017359
   -0.05560825     -0.06968060      0.70899946      0.00017541
   -0.05995543     -0.06600041      0.69896934      0.00017576
   -0.03944704     -0.07921368      0.64021993      0.00017688
   -0.05520112     -0.06982146      0.68922251      0.00017533
   -0.05958966     -0.06619709      0.67917839      0.00017426
   -0.05484947     -0.07000806      0.66943843      0.00017382
   -0.04466753     -0.07654608      0.64996353      0.00018054
   -0.05904518     -0.06671561      0.63957441      0.00017102
   -0.05925663     -0.06645015      0.65940376      0.00017415
   -0.05462110     -0.07019484      0.64963575      0.00017322
   -0.03827140     -0.08259213      0.46274592      0.00016268
   -0.07669443     -0.04463058      0.62913786      0.00017056
   -0.07073496     -0.05391230      0.64907709      0.00016978
   -0.07931056     -0.03930326      0.63896894      0.00016988
   -0.06708039     -0.05862361      0.63930762      0.00017086
   -0.07054061     -0.05430119      0.62928118      0.00017112
   -0.06686824     -0.05903514      0.61954833      0.00017116
   -0.07693504     -0.04437461      0.60955273      0.00018270
   -0.07052901     -0.05453001      0.60953936      0.00017575
   -0.06682347     -0.05930578      0.59979020      0.00017997
   -0.05804295     -0.06952296      0.52109981      0.00016955
   -0.07692139     -0.04536371      0.56997723      0.00018269
   -0.05827895     -0.06805155      0.58029792      0.00017341
   -0.03868062     -0.08039750      0.56109502      0.00017183
   -0.07053260     -0.05485329      0.58977311      0.00017883
   -0.06671401     -0.05980918      0.58004438      0.00017820
   -0.05344765     -0.07273391      0.53110187      0.00017208
   -0.07042266     -0.05547972      0.57002423      0.00017708
   -0.05827450     -0.06845614      0.56057103      0.00017040
   -0.05809450     -0.06901521      0.54084572      0.00017254
   -0.06659526     -0.06041480      0.56028103      0.00017487
   -0.04384818     -0.07777445      0.57083929      0.00017033
   -0.07953914     -0.04372417      0.48052194      0.00016279
   -0.07032230     -0.05614836      0.55026853      0.00017462
   -0.07688869     -0.04682211      0.53042868      0.00017795
   -0.06652925     -0.06097960      0.54055247      0.00017497
   -0.08959259     -0.01099489      0.78951540      0.00016583
   -0.06633411     -0.06220336      0.50118341      0.00017518
   -0.05366684     -0.07176343      0.57056777      0.00017194
   -0.02211476     -0.08704974      0.51250316      0.00016666
   -0.07032786     -0.05670147      0.53053331      0.00017592
   -0.05782146     -0.07014015      0.50150437      0.00016998
   -0.06648843     -0.06152614      0.52082450      0.00017628
   -0.05315321     -0.07381870      0.49185943      0.00016835
   -0.07028422     -0.05732843      0.51084761      0.00017512
   -0.03833382     -0.08089751      0.54149011      0.00016743
   -0.05332610     -0.07326206      0.51144388      0.00016851
   -0.01104846     -0.08958216      0.53232351      0.00016758
   -0.07710614     -0.04764691      0.49030220      0.00020827
   -0.07000706     -0.05824301      0.49121212      0.00017240
   -0.08681381     -0.02187135      0.78924534      0.00016500
   -0.08915759     -0.01101231      0.67088889      0.00016870
   -0.06603114     -0.06303644      0.48154944      0.00016783
   -0.07033128     -0.05824509      0.47081547      0.00020181
   -0.01115706     -0.08930893      0.57179438      0.00016908
   -0.01117073     -0.08922366      0.59155618      0.00017152
   -0.05768994     -0.07067532      0.48187579      0.00016696
   -0.04309636     -0.08078380      0.43351746      0.00015870
   -0.05303063     -0.07429808      0.47220463      0.00016776
   -0.01156826     -0.08967818      0.81543722      0.00014927
   -0.01111012     -0.08973501      0.51261025      0.00016675
   -0.08635684     -0.02185407      0.74940397      0.00017229
   -0.04340457     -0.08001062      0.47244028      0.00016500
   -0.09058686     -0.00548476      0.68077778      0.00016803
   -0.02227003     -0.08770229      0.47282530      0.00017010
   -0.08070842     -0.04265388      0.86698920      0.00017023
   -0.00550739     -0.09083325      0.52249914      0.00016701
   -0.04339042     -0.07959389      0.49218874      0.00016785
   -0.08920616     -0.01101704      0.70986531      0.00016974
   -0.00557401     -0.09063214      0.58176344      0.00017027
   -0.07943534     -0.03895535      0.65882148      0.00017261
   -0.04398768     -0.07717881      0.61035165      0.00017259
   -0.07962983     -0.03859541      0.67854542      0.00016524
   -0.00589066     -0.09126998      0.89782912      0.00017609
   -0.09038427     -0.01096897      0.86832468      0.00016660
   -0.08067401     -0.04362443      0.39924711      0.00014201
   -0.08917597     -0.01100396      0.69035391      0.00016054
   -0.07899115     -0.04284728      0.78838013      0.00016896
   -0.05854868     -0.07063165      0.92286830      0.00013892
   -0.05865843     -0.07054210      0.39961239      0.00015191
   -0.08091314     -0.04317776      0.92319430      0.00013008
   -0.02222882     -0.08609075      0.59127178      0.00017119
   -0.08936006     -0.01095030      0.74975611      0.00017074
   -0.08927173     -0.01098008      0.72976155      0.00016964
   -0.09058911     -0.00551920      0.70024280      0.00016900
   -0.02660733     -0.08771262      0.92279471      0.00014084
   -0.09015461     -0.01101778      0.84851766      0.00016427
   -0.04358047     -0.08069790      0.92285675      0.00013920
   -0.02196475     -0.08679698      0.53217519      0.00016649
   -0.07104700     -0.05804058      0.92312272      0.00013204
   -0.08816606     -0.02182515      0.86794864      0.00016688
   -0.02761317     -0.08497554      0.54182016      0.00016640
   -0.08014079     -0.03802889      0.71820025      0.00017623
   -0.08545206     -0.02710609      0.79889014      0.00016725
   -0.08042846     -0.03790838      0.73850422      0.00017336
   -0.05167143     -0.07581424      0.91772506      0.00014046
   -0.08926140     -0.01134930      0.57141803      0.00017317
   -0.08923111     -0.01115157      0.59120615      0.00017049
   -0.07699407     -0.04391615      0.66877555      0.00016957
   -0.08612128     -0.02215775      0.59061631      0.00016908
   -0.02742832     -0.08536281      0.52224373      0.00016729
   -0.07430909     -0.05381857      0.41138323      0.00012342
   -0.06537518     -0.06445174      0.91799103      0.00013047
   -0.07995284     -0.04260610      0.82774777      0.00016362
   -0.07644482     -0.05076062      0.91831702      0.00012806
   -0.09065467     -0.00548224      0.73991681      0.00016747
   -0.07328277     -0.05257518      0.78806260      0.00017201
   -0.01116699     -0.09054360      0.88705776      0.00017854
   -0.07379173     -0.05246655      0.80785941      0.00016843
   -0.01233870     -0.09050059      0.41572542      0.00014839
   -0.07860302     -0.04283678      0.76843755      0.00016995
   -0.08383424     -0.03484483      0.47768815      0.00012096
   -0.03543192     -0.08450240      0.91765146      0.00014917
   -0.08748353     -0.02173684      0.82860324      0.00016124
   -0.03977484     -0.08196202      0.85405970      0.00014407
   -0.06740212     -0.06232635      0.41174851      0.00012018
   -0.09112988     -0.00551860      0.85856301      0.00016574
   -0.08113137     -0.03774378      0.77862892      0.00016833
   -0.08443113     -0.03565143      0.40401268      0.00014065
   -0.08716662     -0.02167539      0.80899027      0.00016460
   -0.08766524     -0.02678288      0.39876557      0.00012895
   -0.08766864     -0.02677601      0.92340874      0.00012424
   -0.08467366     -0.03519789      0.91860304      0.00012207
   -0.08292613     -0.03742356      0.85724279      0.00016298
   -0.09061649     -0.00563638      0.58159926      0.00017218
   -0.05229155     -0.07547052      0.88496929      0.00012469
   -0.00525513     -0.09088159      0.79862750      0.00015939
   -0.07784009     -0.04311463      0.72825332      0.00016889
   -0.02181275     -0.08740242      0.82248829      0.00013576
   -0.08203974     -0.03751140      0.81820756      0.00016577
   -0.08708357     -0.02546607      0.46373996      0.00013536
   -0.02712011     -0.08727002      0.90187723      0.00015898
   -0.08434925     -0.03408984      0.46656637      0.00012238
   -0.08622040     -0.02706210      0.83814937      0.00015963
   -0.02014277     -0.08794105      0.83178254      0.00012708
   -0.04705366     -0.07742652      0.81841755      0.00014358
   -0.07016989     -0.05714525      0.79786303      0.00017028
   -0.04411920     -0.08039628      0.39862849      0.00012527
   -0.00449220     -0.09116484      0.82109989      0.00013555
   -0.08584084     -0.02703150      0.81862885      0.00016335
   -0.08043947     -0.04245592      0.84713930      0.00016073
   -0.00430529     -0.09159630      0.91697170      0.00012828
   -0.04830162     -0.07749595      0.85638919      0.00016094
   -0.09160698     -0.00423886      0.40486621      0.00012629
   -0.09160750     -0.00423660      0.91715674      0.00012622
   -0.02615803     -0.08567322      0.79577231      0.00009675
   -0.07607719     -0.05135416      0.40285510      0.00011247
   -0.06535643     -0.06450905      0.40322039      0.00011559
   -0.01028806     -0.09100705      0.92356430      0.00012000
   -0.09101773     -0.01022163      0.39827361      0.00011561
   -0.08688568     -0.02833326      0.42600526      0.00012633
   -0.09101825     -0.01021937      0.92374933      0.00011499
   -0.08175047     -0.04176542      0.41929355      0.00011028
   -0.01996014     -0.08868749      0.86638805      0.00011398
   -0.08667917     -0.02888876      0.89611343      0.00013272
   -0.07671423     -0.05039102      0.90807675      0.00014286
   -0.08249080     -0.03745145      0.83771519      0.00016339
   -0.01082402     -0.08962293      0.78873861      0.00014340
   -0.05127235     -0.07611032      0.41421528      0.00013141
   -0.01019595     -0.09086628      0.90657860      0.00013160
   -0.03414128     -0.08437315      0.86061795      0.00012016
   -0.04244858     -0.08130227      0.41576748      0.00012099
   -0.08751776     -0.02669185      0.90517180      0.00011960
   -0.08756405     -0.02657738      0.41708412      0.00011274
   -0.09087002     -0.01022446      0.41449683      0.00012117
   -0.06343858     -0.06632937      0.89396546      0.00012789
   -0.01908489     -0.08950252      0.90796590      0.00011994
   -0.09087271     -0.01020900      0.90750482      0.00012203
   -0.08117721     -0.04273438      0.90436900      0.00011809
   -0.02345127     -0.08838496      0.41629742      0.00011778
   -0.03408914     -0.08323912      0.79988787      0.00009904
   -0.06601018     -0.06388019      0.90893770      0.00010591
   -0.02974327     -0.08473095      0.80764559      0.00009255
   -0.05231991     -0.07542307      0.40424088      0.00012549
   -0.06045976     -0.06920728      0.90296377      0.00012191
   -0.02513884     -0.08750851      0.87389567      0.00011244
   -0.08382940     -0.03649903      0.44459793      0.00012629
   -0.03603680     -0.08420057      0.90712708      0.00015427
   -0.03977422     -0.08236012      0.87648465      0.00012188
   -0.02519153     -0.08719485      0.85784459      0.00010883
   -0.05273761     -0.07460913      0.84686809      0.00013370
   -0.07091849     -0.05818744      0.39760800      0.00009772
   -0.04904186     -0.07683059      0.83715635      0.00011034
   -0.05255666     -0.07444024      0.82783131      0.00011528
   -0.08835825     -0.02009415      0.47293285      0.00011965
   -0.00989828     -0.09021681      0.83132407      0.00010971
   -0.08945887     -0.01928895      0.41266981      0.00011495
   -0.08946497     -0.01926661      0.90950616      0.00011704
   -0.01917700     -0.08964329      0.91835900      0.00009936
   -0.08348431     -0.03773446      0.42773316      0.00010501
   -0.07195141     -0.05709943      0.90382912      0.00011839
   -0.08447766     -0.03544310      0.41270060      0.00010508
   -0.08960659     -0.01928612      0.40303919      0.00009878
   -0.07089283     -0.05835168      0.89457638      0.00012465
   -0.08466831     -0.03512411      0.91001802      0.00010113
   -0.08961050     -0.01927699      0.91915807      0.00009699
   -0.08196411     -0.04089200      0.43548359      0.00010628
   -0.07748551     -0.04908380      0.43686983      0.00011262
   -0.02181215     -0.08716504      0.80353003      0.00008673
   -0.03411578     -0.08458293      0.87064123      0.00011586
    0.01002589     -0.08170174      0.92800000      0.00010807
    0.08170206     -0.01002598      0.92800000      0.00010806
    0.01998899     -0.07908812      0.92800000      0.00014429
    0.07908844     -0.01998908      0.92800000      0.00014428
    0.04306789     -0.07014155      0.92800000      0.00014994
    0.07012735     -0.04309718      0.92800000      0.00015059
    0.01987279     -0.07090502      0.92800000      0.00007418
    0.07090534     -0.01987288      0.92800000      0.00007419
    0.03873621     -0.07788376      0.92800000      0.00012470
    0.08246277     -0.02768150      0.92800000      0.00012470
    0.07788376     -0.03873621      0.92800000      0.00012470
    0.02768150     -0.08246277      0.92800000      0.00012470
    0.00990969     -0.06951864      0.92800000      0.00007453
    0.06951896     -0.00990978      0.92800000      0.00007454
    0.05832781     -0.05837129      0.92800000      0.00013579
    0.05267096     -0.05271444      0.92800000      0.00009336
    0.06425886     -0.03739302      0.92800000      0.00010064
    0.03736374     -0.06427306      0.92800000      0.00010015
    0.05478940     -0.06777310      0.92800000      0.00011929
    0.06775891     -0.05481868      0.92800000      0.00011909
    0.07429131     -0.00404321      0.92800000      0.00007278
    0.00404312     -0.07429099      0.92800000      0.00007278
    0.05623356     -0.04345768      0.92800000      0.00009719
    0.04342839     -0.05624776      0.92800000      0.00009702
    0.02716300     -0.06557728      0.92800000      0.00009485
    0.06557728     -0.02716300      0.92800000      0.00009485
    0.00598277     -0.08741075      0.92800000      0.00010769
    0.08741075     -0.00598277      0.92800000      0.00010769
    0.08170206      0.01002598      0.92800000      0.00010806
    0.01002598      0.08170206      0.92800000      0.00010806
    0.01998908      0.07908844      0.92800000      0.00014428
    0.07908844      0.01998908      0.92800000      0.00014428
    0.04306789      0.07014155      0.92800000      0.00014994
    0.07012735      0.04309718      0.92800000      0.00015059
    0.01987288      0.07090534      0.92800000      0.00007419
    0.07090534      0.01987288      0.92800000      0.00007419
    0.08246277      0.02768150      0.92800000      0.00012470
    0.03873621      0.07788376      0.92800000      0.00012470
    0.02768150      0.08246277      0.92800000      0.00012470
    0.07788376      0.03873621      0.92800000      0.00012470
    0.06951896      0.00990978      0.92800000      0.00007454
    0.00990978      0.06951896      0.92800000      0.00007454
    0.05832781      0.05837129      0.92800000      0.00013579
    0.05267096      0.05271444      0.92800000      0.00009336
    0.06425886      0.03739302      0.92800000      0.00010064
    0.03736374      0.06427306      0.92800000      0.00010015
    0.05478940      0.06777310      0.92800000      0.00011929
    0.06775891      0.05481868      0.92800000      0.00011909
    0.07429131      0.00404321      0.92800000      0.00007278
    0.00404321      0.07429131      0.92800000      0.00007278
    0.05623356      0.04345768      0.92800000      0.00009719
    0.04342839      0.05624776      0.92800000      0.00009702
    0.06557728      0.02716300      0.92800000      0.00009485
    0.02716300      0.06557728      0.92800000      0.00009485
    0.00598277      0.08741075      0.92800000      0.00010769
    0.08741075      0.00598277      0.92800000      0.00010769
   -0.08170174      0.01002589      0.92800000      0.00010807
   -0.01002589      0.08170174      0.92800000      0.00010807
   -0.01998899      0.07908812      0.92800000      0.00014429
   -0.07908812      0.01998899      0.92800000      0.00014429
   -0.07014155      0.04306789      0.92800000      0.00014994
   -0.04309718      0.07012735      0.92800000      0.00015059
   -0.01987279      0.07090502      0.92800000      0.00007418
   -0.07090502      0.01987279      0.92800000      0.00007418
   -0.02768150      0.08246277      0.92800000      0.00012470
   -0.07788376      0.03873621      0.92800000      0.00012470
   -0.03873621      0.07788376      0.92800000      0.00012470
   -0.08246277      0.02768150      0.92800000      0.00012470
   -0.06951864      0.00990969      0.92800000      0.00007453
   -0.00990969      0.06951864      0.92800000      0.00007453
   -0.05837129      0.05832781      0.92800000      0.00013579
   -0.05271444      0.05267096      0.92800000      0.00009336
   -0.03739302      0.06425886      0.92800000      0.00010064
   -0.06427306      0.03736374      0.92800000      0.00010015
   -0.06777310      0.05478940      0.92800000      0.00011929
   -0.05481868      0.06775891      0.92800000      0.00011909
   -0.00404312      0.07429099      0.92800000      0.00007278
   -0.07429099      0.00404312      0.92800000      0.00007278
   -0.04345768      0.05623356      0.92800000      0.00009719
   -0.05624776      0.04342839      0.92800000      0.00009702
   -0.02716300      0.06557728      0.92800000      0.00009485
   -0.06557728      0.02716300      0.92800000      0.00009485
   -0.00598277      0.08741075      0.92800000      0.00010769
   -0.08741075      0.00598277      0.92800000      0.00010769
   -0.08170174     -0.01002589      0.92800000      0.00010807
   -0.01002598     -0.08170206      0.92800000      0.00010806
   -0.07908812     -0.01998899      0.92800000      0.00014429
   -0.01998908     -0.07908844      0.92800000      0.00014428
   -0.07014155     -0.04306789      0.92800000      0.00014994
   -0.04309718     -0.07012735      0.92800000      0.00015059
   -0.07090502     -0.01987279      0.92800000      0.00007418
   -0.01987288     -0.07090534      0.92800000      0.00007419
   -0.07788376     -0.03873621      0.92800000      0.00012470
   -0.02768150     -0.08246277      0.92800000      0.00012470
   -0.03873621     -0.07788376      0.92800000      0.00012470
   -0.08246277     -0.02768150      0.92800000      0.00012470
   -0.06951864     -0.00990969      0.92800000      0.00007453
   -0.00990978     -0.06951896      0.92800000      0.00007454
   -0.05837129     -0.05832781      0.92800000      0.00013579
   -0.05271444     -0.05267096      0.92800000      0.00009336
   -0.03739302     -0.06425886      0.92800000      0.00010064
   -0.06427306     -0.03736374      0.92800000      0.00010015
   -0.06777310     -0.05478940      0.92800000      0.00011929
   -0.05481868     -0.06775891      0.92800000      0.00011909
   -0.00404321     -0.07429131      0.92800000      0.00007278
   -0.07429099     -0.00404312      0.92800000      0.00007278
   -0.04345768     -0.05623356      0.92800000      0.00009719
   -0.05624776     -0.04342839      0.92800000      0.00009702
   -0.02716300     -0.06557728      0.92800000      0.00009485
   -0.06557728     -0.02716300      0.92800000      0.00009485
   -0.00598277     -0.08741075      0.92800000      0.00010769
   -0.08741075     -0.00598277      0.92800000      0.00010769
    0.01249951     -0.06618512      0.93302524      0.00013388
    0.00663294     -0.06695747      0.93969190      0.00020143
    0.06272499     -0.02358252      0.96799872      0.00017869
    0.06023401     -0.02930563      0.97798004      0.00016544
    0.02310449     -0.06290208      1.24774845      0.00017555
    0.06673232     -0.00609024      0.99789679      0.00018662
    0.02862974     -0.06054236      1.23779092      0.00016229
    0.02296964     -0.06249236      1.22818098      0.00018279
    0.02897280     -0.06106946      0.93984884      0.00014835
    0.06560916     -0.01219779      0.98780594      0.00018615
    0.05984888     -0.02824966      1.01766463      0.00017407
    0.06540613     -0.01191277      1.00781161      0.00018329
    0.02835867     -0.06019303      1.21834214      0.00018058
    0.06217782     -0.02388182      0.98761741      0.00018020
    0.02800170     -0.05994116      1.19839214      0.00017956
    0.02383284     -0.06314837      0.93302524      0.00013381
    0.05427065     -0.03835473      1.01754402      0.00017666
    0.02260119     -0.06219580      1.20828134      0.00017868
    0.03824581     -0.05433984      1.19849195      0.00017931
    0.02768945     -0.05937784      1.05782490      0.00017662
    0.02225750     -0.06166007      1.04783978      0.00017565
    0.06164891     -0.02228809      1.16813539      0.00017528
    0.05938019     -0.02768470      1.15816007      0.00017622
    0.05073263     -0.04226915      1.04765572      0.00017751
    0.06201021     -0.02324404      1.00767377      0.00017357
    0.05109069     -0.04398432      0.96787230      0.00018313
    0.03799038     -0.05565964      0.95787731      0.00018222
    0.02772074     -0.05968845      1.03769154      0.00017478
    0.02774331     -0.06133812      0.95839238      0.00016288
    0.06078831     -0.02883680      0.95993914      0.00013373
    0.05079728     -0.04274180      1.02747487      0.00017561
    0.04226972     -0.05073184      1.16830406      0.00017716
    0.02857774     -0.06090745      1.25577878      0.00013567
    0.05965588     -0.02779087      1.17825317      0.00017443
    0.04268044     -0.05083934      1.18846600      0.00017608
    0.02225194     -0.06142684      1.06792257      0.00017753
    0.06671533     -0.00566955      1.19804097      0.00017440
    0.06143376     -0.02223896      1.14807565      0.00017709
    0.03761013     -0.05573282      0.97775211      0.00016860
    0.04260328     -0.05222726      0.96758885      0.00018278
    0.02231193     -0.06194567      1.02774203      0.00017405
    0.02761568     -0.05920145      1.07788066      0.00017666
    0.05557234     -0.03782322      1.23785652      0.00016161
    0.03902761     -0.05465893      1.23781763      0.00017138
    0.02228655     -0.06277450      0.98789733      0.00017204
    0.00576903     -0.06709906      0.95825947      0.00017517
    0.04232648     -0.05215378      0.98754009      0.00016818
    0.05430992     -0.03958111      0.97793936      0.00016990
    0.06532980     -0.01133811      1.18809208      0.00017448
    0.04384658     -0.05082323      1.22842655      0.00017716
    0.05918728     -0.02742860      1.11811822      0.00017705
    0.06652327     -0.00558214      1.07799657      0.00017323
    0.01126360     -0.06584836      0.98798967      0.00017154
    0.06707381     -0.00591336      1.25828130      0.00017956
    0.02235679     -0.06318840      0.96824013      0.00016228
    0.06593649     -0.01206847      0.96773930      0.00018598
    0.06687684     -0.00610755      0.97790915      0.00018630
    0.06583925     -0.01130582      1.22807607      0.00017467
    0.02761071     -0.06101547      0.97788832      0.00017027
    0.05203160     -0.04244249      1.22838910      0.00017070
    0.05421379     -0.03775951      1.03763356      0.00017585
    0.04257287     -0.05046497      1.04760516      0.00017996
    0.01138902     -0.06609807      0.96826416      0.00016669
    0.06277677     -0.02230699      1.22817074      0.00017312
    0.05359715     -0.03748312      1.11813025      0.00017626
    0.05921135     -0.02759786      1.13818137      0.00017462
    0.06556091     -0.01132647      1.20804097      0.00017276
    0.06307816     -0.02266936      1.24804252      0.00017672
    0.02770421     -0.06008347      1.01767791      0.00017389
    0.03772138     -0.05423387      1.17833434      0.00017656
    0.06606748     -0.01156227      1.24835737      0.00018108
    0.05053886     -0.04424501      0.98744389      0.00017212
    0.02743608     -0.05918448      1.09796895      0.00017550
    0.06190132     -0.02243318      1.18820973      0.00017424
    0.06508785     -0.01117436      1.06799657      0.00017313
    0.06094186     -0.02775717      1.23785589      0.00016256
    0.02229229     -0.06233989      1.00781100      0.00017261
    0.06502736     -0.01115848      1.08799657      0.00017330
    0.03748167     -0.05359819      1.09795929      0.00017487
    0.03702816     -0.05675290      0.93908588      0.00013247
    0.04210922     -0.05028727      1.12807160      0.00017321
    0.04222115     -0.05018670      1.08790838      0.00017439
    0.06705965     -0.00596092      0.95783014      0.00018104
    0.03774554     -0.05519629      0.99754480      0.00017089
    0.05018593     -0.04222020      1.12817507      0.00017452
    0.05045956     -0.04258120      1.16834901      0.00017939
    0.02209610     -0.06137225      1.08795556      0.00017421
    0.05027529     -0.04212841      1.08793392      0.00017290
    0.05918079     -0.02745004      1.09798377      0.00017387
    0.06137753     -0.02208393      1.12811822      0.00017389
    0.05212771     -0.04276140      1.24753292      0.00016711
    0.00562000     -0.06699902      0.97800468      0.00017125
    0.04211412     -0.05019811      1.10802573      0.00017446
    0.02770504     -0.06053435      0.99776583      0.00017165
    0.05361419     -0.03746371      1.09797144      0.00017333
    0.03745641     -0.05376178      1.13805937      0.00017296
    0.06699367     -0.00564891      1.23807607      0.00017214
    0.03883774     -0.05440733      1.21856100      0.00017782
    0.03744205     -0.05362638      1.11804017      0.00017288
    0.05971718     -0.02764028      1.03781697      0.00017604
    0.02744927     -0.05928864      1.13801453      0.00017321
    0.01125640     -0.06535274      1.02789014      0.00017308
    0.02761401     -0.05973287      1.17814984      0.00017524
    0.00561020     -0.06673167      1.01795283      0.00017255
    0.05019250     -0.04212193      1.10801234      0.00017436
    0.01155048     -0.06577712      1.22804885      0.00017780
    0.06171077     -0.02213663      1.04792932      0.00017289
    0.01125381     -0.06558102      1.00793782      0.00017186
    0.02210940     -0.06150161      1.14801242      0.00017273
    0.05948216     -0.02748849      1.05794323      0.00017364
    0.05400740     -0.03750179      1.05785303      0.00017344
    0.00565754     -0.06684540      1.21799886      0.00017322
    0.02214817     -0.06170669      1.16804017      0.00017219
    0.01131921     -0.06556341      1.20807019      0.00017182
    0.06519867     -0.01119133      1.04797643      0.00017367
    0.01120146     -0.06519547      1.16800070      0.00017324
    0.01123849     -0.06518562      1.04793745      0.00017542
    0.02747460     -0.05948938      1.15805191      0.00017314
    0.03748878     -0.05401353      1.15813130      0.00017344
    0.00559229     -0.06656455      1.05800014      0.00017321
    0.06187889     -0.02251751      1.02777890      0.00017479
    0.01117379     -0.06508801      1.06800014      0.00017321
    0.06517902     -0.01126085      1.16805097      0.00017547
    0.06663410     -0.00559912      1.03797643      0.00017290
    0.00560924     -0.06663090      1.17800070      0.00017322
    0.06134923     -0.02205374      1.10801264      0.00017393
    0.01117373     -0.06508803      1.14799997      0.00017321
    0.06656455     -0.00559229      1.15799986      0.00017321
    0.00558152     -0.06652345      1.13799997      0.00017321
    0.01115786     -0.06502754      1.12799997      0.00017321
    0.02208995     -0.06137914      1.12800208      0.00017320
    0.06508801     -0.01117379      1.14799986      0.00017321
    0.01113491     -0.06501372      1.10799733      0.00017300
    0.06501603     -0.01112757      1.10801264      0.00017314
    0.00555857     -0.06650964      1.09799733      0.00017265
    0.06651194     -0.00555123      1.11801264      0.00017242
    0.06530791     -0.01142164      1.02789125      0.00017761
    0.01127091     -0.06534891      1.18807203      0.00017553
    0.01114007     -0.06503309      1.08799733      0.00017286
    0.06503540     -0.01113273      1.12801264      0.00017248
    0.06684558     -0.00565691      1.21800000      0.00017321
    0.06667381     -0.00582252      1.01791482      0.00017915
    0.06661447     -0.00566856      1.17805111      0.00017506
    0.06656458     -0.00559222      1.05800000      0.00017321
    0.06652346     -0.00558150      1.13800000      0.00017321
    0.06650409     -0.00557634      1.09800000      0.00017321
    0.00557634     -0.06650409      1.11800000      0.00017321
    0.00558150     -0.06652346      1.07800000      0.00017321
    0.00559222     -0.06656458      1.15800000      0.00017321
    0.00564620     -0.06662107      1.03793731      0.00017436
    0.00566167     -0.06671802      1.19807132      0.00017415
    0.00564361     -0.06684935      0.99798498      0.00017279
    0.00589294     -0.06693172      1.23804999      0.00017967
    0.04213072     -0.05049889      1.14813666      0.00017351
    0.05514572     -0.03780428      1.21841174      0.00017316
    0.05048960     -0.04214736      1.06786262      0.00017348
    0.02232896     -0.06193967      1.18818170      0.00017613
    0.06052136     -0.02773483      1.21819401      0.00017232
    0.05419019     -0.03919325      0.99743758      0.00017765
    0.02205639     -0.06134941      1.10801072      0.00017339
    0.05454891     -0.03795518      1.19838812      0.00017383
    0.04332437     -0.05080878      1.20860001      0.00017881
    0.05374329     -0.03748938      1.07793659      0.00017210
    0.05086058     -0.04267699      1.18847398      0.00017411
    0.05144733     -0.04258647      1.20848820      0.00017454
    0.04248484     -0.05153108      1.00743134      0.00017410
    0.03769514     -0.05360219      1.07784314      0.00017388
    0.02742991     -0.05919138      1.11801550      0.00017281
    0.05071711     -0.04343682      1.00742032      0.00017790
    0.04261516     -0.05090553      1.02743911      0.00017531
    0.03785364     -0.05375213      1.05773457      0.00017596
    0.03785627     -0.05461272      1.01751928      0.00017417
    0.06137086     -0.02210601      1.08798034      0.00017380
    0.06149334     -0.02212534      1.06798690      0.00017315
    0.06229918     -0.02240322      1.20814032      0.00017256
    0.05375537     -0.03784780      1.15823960      0.00017569
    0.03787191     -0.05411906      1.03754724      0.00017831
    0.05409135     -0.03792087      1.17838726      0.00017709
    0.05360988     -0.03767962      1.13822619      0.00017258
    0.00589390     -0.06707497      1.25808966      0.00017898
    0.04249560     -0.05020188      1.06779472      0.00017385
    0.05020747     -0.04248381      1.14820000      0.00017385
    0.05927226     -0.02748065      1.07797067      0.00017328
    0.06002512     -0.02784137      1.19825796      0.00017344
    0.05371823     -0.04110597      0.93272084      0.00012584
    0.05371031     -0.04111709      1.28312947      0.00012983
    0.01240197     -0.06605653      0.94995138      0.00015168
    0.05990506     -0.02910554      0.99757042      0.00017606
    0.02599948     -0.06239858      1.28326683      0.00012612
    0.05507810     -0.03896313      0.95985340      0.00013440
    0.04122255     -0.05363010      1.28322743      0.00012722
    0.06238170     -0.02604308      0.93259334      0.00012240
    0.04807366     -0.04766779      1.26812797      0.00014472
    0.06239169     -0.02601813      1.28336928      0.00012340
    0.01178684     -0.06600669      1.24813965      0.00018043
    0.05368349     -0.04119395      0.95098148      0.00011716
    0.04794186     -0.04775619      1.27835690      0.00012904
    0.05854795     -0.03392139      0.93731418      0.00011832
    0.04376801     -0.05121637      1.24745657      0.00017689
    0.03399438     -0.05847670      1.27849427      0.00012486
    0.05855002     -0.03390757      1.27849875      0.00012154
    0.00422504     -0.06752176      1.27696165      0.00012756
    0.06753282     -0.00417299      0.93888842      0.00012597
    0.04204939     -0.05296525      0.93226228      0.00011362
    0.06753522     -0.00415972      1.27711725      0.00012557
    0.06676287     -0.01002629      1.28378392      0.00011228
    0.04138721     -0.05351555      1.26441214      0.00012568
    0.02605968     -0.06221974      1.26477014      0.00011906
    0.04171092     -0.05321023      0.94883028      0.00013060
    0.01009161     -0.06674941      1.28362831      0.00011642
    0.05551403     -0.03828007      1.25549007      0.00013334
    0.06676047     -0.01003956      0.93222176      0.00011244
    0.01011895     -0.06659672      1.26705131      0.00012375
    0.06109495     -0.02825408      1.25600030      0.00012822
    0.04876496     -0.04713971      0.94672752      0.00011734
    0.01891853     -0.06480441      1.26898481      0.00011582
    0.06659246     -0.01013391      0.94871857      0.00012624
    0.03884339     -0.05510517      1.25546018      0.00013962
    0.02340849     -0.06320527      0.95010831      0.00011846
    0.06660902     -0.01007308      1.26739855      0.00012356
    0.05388933     -0.04092898      1.26426772      0.00012110
    0.06219062     -0.02616592      0.95093972      0.00011916
    0.06228507     -0.02596522      1.26501777      0.00011604
    0.04877662     -0.04708022      0.93698312      0.00009793
    0.06478327     -0.01897708      0.94664524      0.00011955
    0.06480982     -0.01889132      1.26943450      0.00011661
    0.01889119     -0.06495709      1.27889515      0.00009640
    0.06496366     -0.01884452      1.27915320      0.00009523
    0.06495128     -0.01888273      0.93681510      0.00009525
    0.05859724     -0.03380786      1.26986594      0.00009955
    0.05852487     -0.03394989      0.94583042      0.00009810
    0.03402724     -0.05845055      1.26990791      0.00010077
    0.01249951      0.06618512      0.93302524      0.00013388
    0.00663294      0.06695747      0.93969190      0.00020143
    0.06272499      0.02358252      0.96799872      0.00017869
    0.06023401      0.02930563      0.97798004      0.00016544
    0.06289577      0.02304283      1.24741536      0.00017267
    0.06673232      0.00609024      0.99789679      0.00018662
    0.06041513      0.02890125      1.23766907      0.00016221
    0.02897280      0.06106946      0.93984884      0.00014835
    0.06560916      0.01219779      0.98780594      0.00018615
    0.05984888      0.02824965      1.01766464      0.00017407
    0.06540613      0.01191277      1.00781161      0.00018329
    0.06231946      0.02346901      1.22812872      0.00018066
    0.06217782      0.02388182      0.98761741      0.00018020
    0.05980843      0.02822951      1.19825394      0.00018542
    0.06138715      0.02238843      1.14797126      0.00017552
    0.02383284      0.06314837      0.93302524      0.00013381
    0.05427066      0.03835472      1.01754402      0.00017666
    0.04179965      0.05075953      1.14800674      0.00017933
    0.05412702      0.03857508      1.19838459      0.00017844
    0.05929578      0.02787911      1.15804721      0.00017787
    0.06677342      0.00593158      1.21801609      0.00018171
    0.05920578      0.02762851      1.13781336      0.00017554
    0.05001243      0.04267276      1.14798604      0.00018317
    0.06205027      0.02299256      1.20820341      0.00018211
    0.02772271      0.05936018      1.05781679      0.00017704
    0.02226256      0.06165743      1.04783861      0.00017582
    0.05056985      0.04299569      1.18826785      0.00017872
    0.04179469      0.05049359      1.12777072      0.00017763
    0.06157975      0.02243249      1.16809915      0.00017675
    0.06093209      0.02841493      1.25541976      0.00014002
    0.03705718      0.05384297      1.11781497      0.00017834
    0.05073494      0.04226680      1.04765515      0.00017744
    0.05996229      0.02892027      1.21830109      0.00017680
    0.03775836      0.05560767      1.23761512      0.00016358
    0.06201021      0.02324404      1.00767377      0.00017357
    0.06568226      0.01191030      1.22803105      0.00018201
    0.05109069      0.04398432      0.96787230      0.00018313
    0.03799038      0.05565964      0.95787731      0.00018222
    0.02772580      0.05968581      1.03769040      0.00017483
    0.02774331      0.06133812      0.95839238      0.00016288
    0.06078831      0.02883680      0.95993914      0.00013373
    0.05079731      0.04274177      1.02747489      0.00017561
    0.06549860      0.01156258      1.20801609      0.00017789
    0.05360232      0.03745252      1.09782772      0.00017344
    0.02228014      0.06141182      1.06791567      0.00017848
    0.03751844      0.05436179      1.17818523      0.00017636
    0.03761013      0.05573282      0.97775211      0.00016860
    0.05957298      0.02792082      1.17814508      0.00017817
    0.01153570      0.06607312      1.24831937      0.00018242
    0.02759671      0.05921150      1.07786151      0.00017617
    0.02767439      0.06097184      1.23765412      0.00016448
    0.04260328      0.05222726      0.96758885      0.00018278
    0.02262583      0.06309213      1.24796361      0.00017838
    0.04233267      0.05211659      1.22811308      0.00016979
    0.02231193      0.06194567      1.02774212      0.00017405
    0.05454013      0.03922552      1.23763869      0.00016851
    0.02228655      0.06277450      0.98789733      0.00017204
    0.00576903      0.06709906      0.95825947      0.00017517
    0.02742371      0.05982121      1.17812901      0.00017368
    0.04232648      0.05215378      0.98754009      0.00016818
    0.05356153      0.03770762      1.13771737      0.00017894
    0.05430992      0.03958111      0.97793936      0.00016990
    0.05013959      0.04215868      1.10774175      0.00017623
    0.01126360      0.06584836      0.98798967      0.00017154
    0.02235679      0.06318840      0.96824013      0.00016228
    0.02220995      0.06237530      1.20813953      0.00017277
    0.06593649      0.01206847      0.96773930      0.00018598
    0.05393897      0.03815339      1.17820449      0.00017539
    0.06138299      0.02208340      1.12783379      0.00017310
    0.06687684      0.00610755      0.97790915      0.00018630
    0.05066883      0.04405628      1.22822446      0.00017359
    0.02761071      0.06101547      0.97788832      0.00017027
    0.05421384      0.03775943      1.03763359      0.00017585
    0.00556643      0.06664334      1.17801437      0.00017188
    0.04258022      0.05046003      1.04760338      0.00017982
    0.00561654      0.06700049      1.23802357      0.00017114
    0.01138902      0.06609807      0.96826416      0.00016669
    0.01096824      0.06508626      1.12803703      0.00017065
    0.02770421      0.06008347      1.01767796      0.00017389
    0.01123078      0.06558693      1.20806182      0.00017329
    0.01122579      0.06585943      1.22807274      0.00017080
    0.01115865      0.06520792      1.16801437      0.00017292
    0.02219351      0.06281178      1.22805904      0.00017062
    0.05053886      0.04424501      0.98744389      0.00017212
    0.02755614      0.06059966      1.21811317      0.00016931
    0.03761134      0.05526864      1.21820622      0.00017051
    0.00591916      0.06707263      1.25829579      0.00017974
    0.02229229      0.06233989      1.00781101      0.00017261
    0.03702816      0.05675290      0.93908588      0.00013247
    0.03766244      0.05362620      1.07781054      0.00017348
    0.06705965      0.00596092      0.95783014      0.00018104
    0.03774554      0.05519629      0.99754480      0.00017089
    0.01118796      0.06537133      1.18802703      0.00017236
    0.05010607      0.04228083      1.12767005      0.00017648
    0.02202734      0.06175942      1.16804457      0.00017059
    0.05021527      0.04287028      1.16826933      0.00017526
    0.05374634      0.03747150      1.07793326      0.00017369
    0.00562000      0.06699902      0.97800468      0.00017125
    0.02770504      0.06053435      0.99776583      0.00017165
    0.02758928      0.06014272      1.19817481      0.00017180
    0.03767819      0.05472464      1.19829280      0.00017451
    0.00560925      0.06685894      1.21804916      0.00017172
    0.06188528      0.02241755      1.18807779      0.00017806
    0.05930095      0.02741010      1.07798019      0.00017442
    0.05971721      0.02764022      1.03781698      0.00017604
    0.06535369      0.01124902      1.18801118      0.00017307
    0.02725933      0.05960083      1.15801015      0.00017009
    0.06672518      0.00563100      1.19800000      0.00017321
    0.04271163      0.05216586      1.24734803      0.00016812
    0.01125640      0.06535274      1.02789019      0.00017308
    0.00561020      0.06673167      1.01795284      0.00017255
    0.06151371      0.02207062      1.06798229      0.00017319
    0.06504261      0.01132378      1.14801202      0.00017633
    0.06171079      0.02213658      1.04792933      0.00017289
    0.01125381      0.06558102      1.00793782      0.00017186
    0.06653835      0.00568020      1.15802068      0.00017596
    0.06516686      0.01129822      1.16803185      0.00017449
    0.02722054      0.05929049      1.09788614      0.00017197
    0.05949066      0.02747244      1.05793924      0.00017327
    0.05401817      0.03748345      1.05784845      0.00017351
    0.04235405      0.05162620      1.20835056      0.00017408
    0.06141466      0.02197575      1.08798925      0.00017495
    0.06519867      0.01119133      1.04797643      0.00017367
    0.01123849      0.06518562      1.04793748      0.00017542
    0.02201288      0.06140855      1.08794654      0.00017326
    0.06509975      0.01113565      1.06799596      0.00017251
    0.06653517      0.00554343      1.07799596      0.00017201
    0.06506284      0.01104405      1.08799135      0.00017140
    0.00559229      0.06656455      1.05800014      0.00017321
    0.01117379      0.06508801      1.06800014      0.00017321
    0.06187890      0.02251750      1.02777890      0.00017479
    0.02178877      0.06146123      1.10795046      0.00017122
    0.06502602      0.01116312      1.12797101      0.00017360
    0.06504942      0.01102016      1.10797506      0.00017072
    0.06652175      0.00551954      1.11797967      0.00017142
    0.05048662      0.04214303      1.06784458      0.00017395
    0.06663410      0.00559912      1.03797643      0.00017290
    0.01099961      0.06505583      1.10801085      0.00017105
    0.00552251      0.06652086      1.09800055      0.00017151
    0.06530791      0.01142164      1.02789125      0.00017761
    0.01110401      0.06504432      1.08800055      0.00017237
    0.06690884      0.00597871      1.23801496      0.00018232
    0.06667381      0.00582252      1.01791482      0.00017915
    0.06662851      0.00561802      1.17801118      0.00017349
    0.06656458      0.00559222      1.05800000      0.00017321
    0.06650426      0.00564358      1.13799134      0.00017515
    0.06652767      0.00550062      1.09799540      0.00017083
    0.00547710      0.06653497      1.11801030      0.00017009
    0.00558150      0.06652346      1.07800000      0.00017321
    0.00559222      0.06656458      1.15800000      0.00017321
    0.00564620      0.06662107      1.03793735      0.00017436
    0.00562153      0.06672799      1.19801266      0.00017291
    0.00564361      0.06684935      0.99798498      0.00017279
    0.05419019      0.03919325      0.99743758      0.00017765
    0.05356531      0.03808433      1.15815799      0.00018205
    0.04248484      0.05153108      1.00743134      0.00017410
    0.00549114      0.06655129      1.13802673      0.00017037
    0.05418665      0.03918328      1.21842721      0.00017521
    0.02217655      0.06199770      1.18811147      0.00017320
    0.04236019      0.05112019      1.18828568      0.00017520
    0.05059322      0.04360114      1.20846018      0.00017566
    0.05071711      0.04343682      1.00742032      0.00017790
    0.04261518      0.05090552      1.02743917      0.00017531
    0.03788917      0.05373218      1.05772587      0.00017534
    0.03703737      0.05400716      1.13783874      0.00017657
    0.03785627      0.05461272      1.01751932      0.00017417
    0.05359714      0.03745058      1.11770077      0.00017427
    0.03787699      0.05411641      1.03754609      0.00017820
    0.03726413      0.05373134      1.09778934      0.00017466
    0.06711784      0.00570028      1.25784397      0.00017304
    0.05023181      0.04216490      1.08785067      0.00017271
    0.04251233      0.05019853      1.06777377      0.00017232
    0.01108336      0.06511587      1.14802673      0.00017110
    0.05922981      0.02733227      1.11776852      0.00017255
    0.04200440      0.05095418      1.16823224      0.00017151
    0.04191101      0.05033830      1.10775528      0.00017667
    0.05923056      0.02732477      1.09791936      0.00017309
    0.03714166      0.05425501      1.15814160      0.00017212
    0.04212220      0.05026410      1.08779876      0.00017304
    0.05371823      0.04110597      0.93272084      0.00012584
    0.04111600      0.05371119      1.28310956      0.00013036
    0.01240197      0.06605653      0.94995138      0.00015168
    0.05990506      0.02910554      0.99757042      0.00017606
    0.06240738      0.02597703      1.28321905      0.00012739
    0.05362751      0.04122611      1.28318858      0.00012825
    0.02697853      0.05940675      1.11791335      0.00017087
    0.04764575      0.04809575      1.26801735      0.00014525
    0.02188179      0.06160062      1.14800668      0.00016886
    0.05507810      0.03896313      0.95985340      0.00013440
    0.06140050      0.02191261      1.10790114      0.00017374
    0.02168051      0.06155263      1.12800048      0.00016918
    0.06238170      0.02604308      0.93259334      0.00012240
    0.02603517      0.06238486      1.28339403      0.00012274
    0.02700184      0.05950242      1.13797013      0.00017020
    0.06602668      0.01167900      1.24785893      0.00017307
    0.05368349      0.04119395      0.95098148      0.00011716
    0.04775251      0.04794630      1.27829814      0.00012976
    0.05115725      0.04384401      1.24726022      0.00017709
    0.05854795      0.03392139      0.93731418      0.00011832
    0.03392352      0.05854407      1.27850359      0.00012104
    0.05848291      0.03397549      1.27840763      0.00012662
    0.00416301      0.06753483      1.27713253      0.00012567
    0.06753282      0.00417299      0.93888842      0.00012597
    0.04204939      0.05296525      0.93226228      0.00011362
    0.06753537      0.00414362      1.27690238      0.00012509
    0.05350266      0.04139304      1.26426048      0.00012705
    0.06676303      0.01001018      1.28356905      0.00011800
    0.04171092      0.05321023      0.94883028      0.00013060
    0.06227949      0.02582823      1.26441571      0.00012495
    0.06676047      0.01003956      0.93222176      0.00011244
    0.01002958      0.06676248      1.28379919      0.00011188
    0.03831514      0.05550089      1.25538777      0.00013254
    0.02831330      0.06106299      1.25596435      0.00013024
    0.06665322      0.00984390      1.26674635      0.00012356
    0.05506857      0.03889185      1.25529501      0.00013984
    0.04876496      0.04713971      0.94672752      0.00011734
    0.06659246      0.01013391      0.94871857      0.00012624
    0.01008217      0.06660746      1.26742832      0.00012381
    0.02340849      0.06320527      0.95010831      0.00011846
    0.06486970      0.01862103      1.26863207      0.00012158
    0.04097992      0.05386874      1.26418642      0.00011901
    0.06219062      0.02616592      0.95093972      0.00011916
    0.02605844      0.06223795      1.26504747      0.00011828
    0.04877662      0.04708022      0.93698312      0.00009793
    0.06478327      0.01897708      0.94664524      0.00011955
    0.01891744      0.06480142      1.26948901      0.00011707
    0.06497951      0.01878731      1.27878810      0.00009888
    0.06495128      0.01888273      0.93681510      0.00009525
    0.01886485      0.06495645      1.27919322      0.00009511
    0.05852487      0.03394989      0.94583042      0.00009810
    0.03389420      0.05855217      1.26986124      0.00009945
    0.05846483      0.03399297      1.26976032      0.00010172
   -0.06618486      0.01250041      0.93302527      0.00013388
   -0.05861850      0.03334563      1.25964893      0.00018684
   -0.06695721      0.00663385      0.93969193      0.00020146
   -0.03102531      0.05883794      1.21936131      0.00019973
   -0.02579591      0.06136211      1.22999507      0.00023139
   -0.02413435      0.06153962      1.20886777      0.00020208
   -0.00691297      0.06667751      1.23922867      0.00021115
   -0.06298655      0.02391467      1.25940468      0.00016595
   -0.02953494      0.05913482      1.19920389      0.00019870
   -0.04486783      0.05055816      1.25935038      0.00017569
   -0.02345840      0.06277066      0.96781607      0.00018469
   -0.02996496      0.06006315      1.24985207      0.00015366
   -0.05624592      0.03736794      1.26842474      0.00014220
   -0.01197197      0.06595819      1.24992516      0.00017616
   -0.03296993      0.05826465      1.24014831      0.00019880
   -0.02312259      0.06157959      1.18876857      0.00018767
   -0.02881007      0.06044328      0.97800040      0.00016981
   -0.01313812      0.06537459      1.22942122      0.00023006
   -0.02872375      0.05918960      1.17943581      0.00017966
   -0.02318818      0.06243042      0.98768387      0.00017862
   -0.02861153      0.06011324      0.99761421      0.00017774
   -0.02786528      0.05908675      1.13919255      0.00018972
   -0.06106774      0.02897645      0.93984360      0.00014827
   -0.02162478      0.06374421      1.25353610      0.00012968
   -0.06121492      0.02249604      1.12803337      0.00017620
   -0.02744192      0.05918522      1.11813703      0.00018460
   -0.02269021      0.06146190      1.16890714      0.00018847
   -0.05892294      0.02799099      1.11792980      0.00017944
   -0.05915947      0.02773354      1.13823374      0.00017658
   -0.02816968      0.05914031      1.15947201      0.00018423
   -0.06314811      0.02383375      0.93302527      0.00013381
   -0.06112640      0.02259149      1.10784709      0.00017712
   -0.02241977      0.06135420      1.14890952      0.00017640
   -0.04980299      0.04266937      1.12829532      0.00018673
   -0.00579510      0.06668101      1.01793950      0.00017830
   -0.05891447      0.02799870      1.09776771      0.00017702
   -0.02763545      0.05942034      1.05746049      0.00017305
   -0.03691839      0.05668976      1.25937904      0.00014625
   -0.02234815      0.06163839      1.04753257      0.00017257
   -0.06119476      0.02254221      1.08780577      0.00017666
   -0.02790189      0.05961014      1.03746426      0.00017372
   -0.03888710      0.05437901      0.99751148      0.00017938
   -0.01165548      0.06547517      1.00784224      0.00017989
   -0.06648399      0.00571002      1.07794281      0.00017724
   -0.06162792      0.02230327      1.04782812      0.00017860
   -0.05933803      0.02776653      1.05776512      0.00017755
   -0.06133652      0.02774671      0.95838630      0.00016304
   -0.05009735      0.04260271      1.06745215      0.00017588
   -0.04392880      0.05113400      0.96781032      0.00018388
   -0.01149673      0.06528704      1.02780296      0.00017515
   -0.05564910      0.03800237      0.95785684      0.00018269
   -0.04825123      0.04723698      1.24894472      0.00016330
   -0.06494870      0.01141201      1.08791346      0.00017793
   -0.05370764      0.03793828      1.05752952      0.00017462
   -0.05965457      0.02776872      1.03770621      0.00017597
   -0.05571816      0.03762570      0.97774549      0.00016924
   -0.02296189      0.06209266      1.00770375      0.00017724
   -0.04330676      0.05157008      1.23926963      0.00016526
   -0.04191280      0.05053167      1.12852498      0.00017370
   -0.02220184      0.06146540      1.06766164      0.00017725
   -0.06148000      0.02216867      1.14825249      0.00017475
   -0.05355955      0.03775503      1.13856367      0.00017704
   -0.01197613      0.06596364      0.96759680      0.00018934
   -0.02222682      0.06131597      1.12846605      0.00018118
   -0.04936512      0.04624978      1.26807993      0.00013713
   -0.04335480      0.05078862      1.00744498      0.00017631
   -0.02205793      0.06139342      1.08763625      0.00017028
   -0.06709891      0.00576968      0.95825866      0.00017519
   -0.06194224      0.02232144      1.02778292      0.00017423
   -0.06277357      0.02229028      0.98789609      0.00017196
   -0.00609307      0.06702897      0.95766562      0.00018510
   -0.06584743      0.01126733      0.98798843      0.00017158
   -0.00505901      0.06728068      1.25869648      0.00015330
   -0.05209711      0.04238453      0.98756952      0.00017047
   -0.02895811      0.06076490      0.95967652      0.00013123
   -0.05220351      0.04262808      0.96756702      0.00018352
   -0.06318811      0.02235803      0.96823903      0.00016227
   -0.06609779      0.01139027      0.96826306      0.00016672
   -0.03929538      0.05447693      0.97793108      0.00017564
   -0.06672025      0.00565184      1.01795552      0.00017385
   -0.02730960      0.05925231      1.09749229      0.00017489
   -0.06101533      0.02761131      0.97788804      0.00017025
   -0.06504857      0.01130223      1.06794281      0.00017374
   -0.06535102      0.01126377      1.02790482      0.00017342
   -0.04394905      0.05072984      0.98751182      0.00018007
   -0.04677302      0.04824131      1.22930500      0.00017523
   -0.03718354      0.05388764      1.11804277      0.00017197
   -0.03780964      0.05360003      1.13934573      0.00017629
   -0.05340922      0.03796895      1.07758007      0.00017454
   -0.02749124      0.05927067      1.07753655      0.00017237
   -0.06523325      0.01107633      1.16812483      0.00017076
   -0.05050722      0.04214479      1.14896437      0.00017485
   -0.05676010      0.03702104      0.93914951      0.00013203
   -0.04166560      0.05241171      1.21954992      0.00017588
   -0.00588306      0.06693467      0.97793117      0.00017936
   -0.01174344      0.06572883      0.98783391      0.00017869
   -0.02195982      0.06139881      1.10774508      0.00017321
   -0.06699888      0.00562059      0.97800440      0.00017127
   -0.06556880      0.01129858      1.00793954      0.00017265
   -0.04975374      0.04273205      1.08749353      0.00017498
   -0.02268189      0.06181275      1.02760491      0.00017304
   -0.05418770      0.03727765      1.15880751      0.00016996
   -0.05313516      0.03813500      1.09759683      0.00017662
   -0.06566977      0.01091092      1.20803455      0.00016730
   -0.05123485      0.04171267      1.16908296      0.00016948
   -0.01149683      0.06528731      1.18823990      0.00017509
   -0.06691136      0.00540100      1.21801532      0.00016529
   -0.04953508      0.04287962      1.10760823      0.00017901
   -0.00576682      0.06668920      1.19808031      0.00017742
   -0.04335991      0.04985264      1.16964913      0.00017465
   -0.01121291      0.06507742      1.06787026      0.00017719
   -0.06663077      0.00561193      1.03794931      0.00017330
   -0.05311093      0.03814283      1.11786182      0.00018228
   -0.00563141      0.06655396      1.05787026      0.00017442
   -0.01132223      0.06516269      1.16815959      0.00017924
   -0.01118910      0.06501884      1.12818302      0.00017855
   -0.03911008      0.05332032      1.17972373      0.00016957
   -0.06658178      0.00553663      1.15807212      0.00017146
   -0.00561807      0.06651309      1.13818506      0.00017435
   -0.01112665      0.06501646      1.10788904      0.00017557
   -0.04425361      0.04950373      1.18937532      0.00017785
   -0.06519535      0.01120414      1.04794931      0.00017457
   -0.06495367      0.01139454      1.12798000      0.00017789
   -0.00555562      0.06651072      1.09789108      0.00017255
   -0.04027963      0.05292824      1.19952272      0.00018072
   -0.04551932      0.04890681      1.20937521      0.00017721
   -0.06645799      0.00572299      1.11797169      0.00017781
   -0.06492270      0.01142498      1.10794235      0.00017751
   -0.06507746      0.01120819      1.14808043      0.00017544
   -0.01199197      0.06538628      1.20827285      0.00018695
   -0.01133304      0.06515999      1.04773372      0.00017541
   -0.00573002      0.06659811      1.17815959      0.00017697
   -0.01113712      0.06503418      1.08789108      0.00017005
   -0.01121029      0.06507767      1.14818506      0.00016897
   -0.00570163      0.06660603      1.03786346      0.00017609
   -0.00559222      0.06656458      1.15800000      0.00017321
   -0.00558150      0.06652346      1.07800000      0.00017321
   -0.00557103      0.06650574      1.11799796      0.00017304
   -0.00586038      0.06679416      0.99790274      0.00017949
   -0.00622516      0.06669708      1.21819255      0.00019080
   -0.06646471      0.00570199      1.09797066      0.00017715
   -0.06649568      0.00567155      1.13800831      0.00017603
   -0.06656458      0.00559222      1.05800000      0.00017321
   -0.06675842      0.00550992      1.19801924      0.00016944
   -0.06684856      0.00564674      0.99798403      0.00017289
   -0.06594758      0.01086583      1.22798500      0.00016477
   -0.06703622      0.00546483      1.23796968      0.00016648
   -0.05046224      0.04261805      1.04738559      0.00017404
   -0.04285973      0.05072520      1.02732779      0.00017226
   -0.05411927      0.03791176      1.03749928      0.00017386
   -0.05513460      0.03782539      0.99758957      0.00017225
   -0.05093247      0.04259050      1.02740393      0.00017360
   -0.06005067      0.02778536      1.01771552      0.00017371
   -0.06051389      0.02774553      0.99777359      0.00017242
   -0.05457619      0.03791138      1.01754346      0.00017460
   -0.05907092      0.02791541      1.07772143      0.00017480
   -0.05145424      0.04258031      1.00746537      0.00017281
   -0.06230800      0.02237442      1.00782145      0.00017328
   -0.06665147      0.00553970      1.17805271      0.00017104
   -0.05956057      0.02732302      1.15842556      0.00017288
   -0.06540989      0.01104962      1.18807195      0.00016941
   -0.06138944      0.02237742      1.06782912      0.00017396
   -0.06730364      0.00489012      1.25800469      0.00014818
   -0.06219309      0.02173404      1.18825224      0.00016440
   -0.03840401      0.05425439      1.01744693      0.00017277
   -0.03796240      0.05409240      1.03734318      0.00017328
   -0.04110718      0.05371728      0.93270701      0.00012548
   -0.04122749      0.05362845      1.28208898      0.00015751
   -0.06605612      0.01240352      0.94995059      0.00015168
   -0.03760490      0.05396367      1.05735462      0.00017027
   -0.06055927      0.02671972      1.19836413      0.00016252
   -0.06227143      0.02628885      1.28243379      0.00014829
   -0.03845304      0.05340033      1.15992607      0.00017319
   -0.06180950      0.02190223      1.16830621      0.00016956
   -0.06001093      0.02705002      1.17841438      0.00016740
   -0.03894320      0.05509459      0.95974009      0.00013435
   -0.04207874      0.05058216      1.06735722      0.00016955
   -0.04120702      0.05368051      0.95089450      0.00011579
   -0.02605851      0.06237561      0.93255463      0.00012137
   -0.04237810      0.05066399      1.04730563      0.00017351
   -0.02571400      0.06251166      1.28311264      0.00013022
   -0.06633986      0.01035495      1.24797437      0.00015815
   -0.02828667      0.05982420      1.01760296      0.00017377
   -0.05480914      0.03690582      1.17880918      0.00016988
   -0.06268742      0.02143630      1.20819916      0.00016160
   -0.04176182      0.05062775      1.08734639      0.00016608
   -0.04264750      0.05012750      1.14951676      0.00017203
   -0.03393804      0.05854090      0.93726164      0.00011733
   -0.03739869      0.05384411      1.07733799      0.00016668
   -0.03371384      0.05858813      1.27720162      0.00014961
   -0.03710604      0.05391321      1.09740099      0.00016778
   -0.06118288      0.02629474      1.21831986      0.00016007
   -0.04149788      0.05076213      1.10755952      0.00016808
   -0.06320145      0.02123419      1.22812493      0.00015574
   -0.06189247      0.02576879      1.23840915      0.00015286
   -0.05564569      0.03635908      1.19874404      0.00016419
   -0.05207773      0.04122920      1.18902694      0.00016604
   -0.06752176      0.00422504      1.27696165      0.00012756
   -0.00420355      0.06752787      0.93885201      0.00012690
   -0.05297390      0.04203952      0.93233118      0.00011545
   -0.00392287      0.06757604      1.27714967      0.00011837
   -0.04779062      0.04795645      1.27783099      0.00012975
   -0.05827358      0.03438019      1.27817580      0.00012668
   -0.05306127      0.04061219      1.20894491      0.00016263
   -0.05647030      0.03583126      1.21868570      0.00016067
   -0.05743938      0.03495356      1.23878946      0.00016381
   -0.00978944      0.06680369      1.28381634      0.00011143
   -0.05403578      0.03995548      1.22887109      0.00015788
   -0.05512110      0.03890629      1.24889847      0.00015854
   -0.06674941      0.01009161      1.28362831      0.00011642
   -0.01007012      0.06675553      0.93218534      0.00011147
   -0.05320834      0.04171304      0.94887870      0.00012822
   -0.06394224      0.02029055      1.24827391      0.00015197
   -0.05355413      0.04131900      1.28374201      0.00011353
   -0.06682539      0.00911516      1.26696634      0.00011472
   -0.04714048      0.04876338      0.94676738      0.00011639
   -0.01029662      0.06655684      0.94851763      0.00012606
   -0.06490593      0.01820411      1.26806680      0.00012462
   -0.06320341      0.02341280      0.95010226      0.00011848
   -0.03203331      0.05941090      1.26747923      0.00012792
   -0.00898188      0.06685671      1.26784615      0.00010394
   -0.02633445      0.06214258      0.95067855      0.00011541
   -0.04709008      0.04876580      0.93703819      0.00009901
   -0.01915523      0.06474155      0.94640559      0.00011624
   -0.01749598      0.06517748      1.26962546      0.00010594
   -0.06482994      0.01918056      1.27806210      0.00010879
   -0.01830354      0.06512446      1.27892898      0.00009591
   -0.01892873      0.06494024      0.93673997      0.00009412
   -0.03398748      0.05850656      0.94571993      0.00009703
   -0.02322592      0.06338746      1.26408673      0.00010281
   -0.01249951     -0.06618512      0.93302524      0.00013388
   -0.00663294     -0.06695747      0.93969190      0.00020143
   -0.06272499     -0.02358252      0.96799872      0.00017869
   -0.06023401     -0.02930563      0.97798004      0.00016544
   -0.02310449     -0.06290208      1.24774845      0.00017555
   -0.06673232     -0.00609024      0.99789679      0.00018662
   -0.02862974     -0.06054236      1.23779092      0.00016229
   -0.02296964     -0.06249236      1.22818098      0.00018279
   -0.02897280     -0.06106946      0.93984884      0.00014835
   -0.06560916     -0.01219779      0.98780594      0.00018615
   -0.05984888     -0.02824966      1.01766463      0.00017407
   -0.06540613     -0.01191277      1.00781161      0.00018329
   -0.02835867     -0.06019303      1.21834214      0.00018058
   -0.06217782     -0.02388182      0.98761741      0.00018020
   -0.02800170     -0.05994116      1.19839214      0.00017956
   -0.02383284     -0.06314837      0.93302524      0.00013381
   -0.05427065     -0.03835473      1.01754402      0.00017666
   -0.02260119     -0.06219580      1.20828134      0.00017868
   -0.03824581     -0.05433984      1.19849195      0.00017931
   -0.02768945     -0.05937784      1.05782490      0.00017662
   -0.02225750     -0.06166007      1.04783978      0.00017565
   -0.06164891     -0.02228809      1.16813539      0.00017528
   -0.05938019     -0.02768470      1.15816007      0.00017622
   -0.05073263     -0.04226915      1.04765572      0.00017751
   -0.06201021     -0.02324404      1.00767377      0.00017357
   -0.05109069     -0.04398432      0.96787230      0.00018313
   -0.03799038     -0.05565964      0.95787731      0.00018222
   -0.02772074     -0.05968845      1.03769154      0.00017478
   -0.02774331     -0.06133812      0.95839238      0.00016288
   -0.06078831     -0.02883680      0.95993914      0.00013373
   -0.05079728     -0.04274180      1.02747487      0.00017561
   -0.04226972     -0.05073184      1.16830406      0.00017716
   -0.02857774     -0.06090745      1.25577878      0.00013567
   -0.05965588     -0.02779087      1.17825317      0.00017443
   -0.04268044     -0.05083934      1.18846600      0.00017608
   -0.02225194     -0.06142684      1.06792257      0.00017753
   -0.06671533     -0.00566955      1.19804097      0.00017440
   -0.06143376     -0.02223896      1.14807565      0.00017709
   -0.03761013     -0.05573282      0.97775211      0.00016860
   -0.04260328     -0.05222726      0.96758885      0.00018278
   -0.02231193     -0.06194567      1.02774203      0.00017405
   -0.02761568     -0.05920145      1.07788066      0.00017666
   -0.05557234     -0.03782322      1.23785652      0.00016161
   -0.03902761     -0.05465893      1.23781763      0.00017138
   -0.02228655     -0.06277450      0.98789733      0.00017204
   -0.00576903     -0.06709906      0.95825947      0.00017517
   -0.04232648     -0.05215378      0.98754009      0.00016818
   -0.05430992     -0.03958111      0.97793936      0.00016990
   -0.06532980     -0.01133811      1.18809208      0.00017448
   -0.04384658     -0.05082323      1.22842655      0.00017716
   -0.05918728     -0.02742860      1.11811822      0.00017705
   -0.06652327     -0.00558214      1.07799657      0.00017323
   -0.01126360     -0.06584836      0.98798967      0.00017154
   -0.06707381     -0.00591336      1.25828130      0.00017956
   -0.02235679     -0.06318840      0.96824013      0.00016228
   -0.06593649     -0.01206847      0.96773930      0.00018598
   -0.06687684     -0.00610755      0.97790915      0.00018630
   -0.06583925     -0.01130582      1.22807607      0.00017467
   -0.02761071     -0.06101547      0.97788832      0.00017027
   -0.05203160     -0.04244249      1.22838910      0.00017070
   -0.05421379     -0.03775951      1.03763356      0.00017585
   -0.04257287     -0.05046497      1.04760516      0.00017996
   -0.01138902     -0.06609807      0.96826416      0.00016669
   -0.06277677     -0.02230699      1.22817074      0.00017312
   -0.05359715     -0.03748312      1.11813025      0.00017626
   -0.05921135     -0.02759786      1.13818137      0.00017462
   -0.06556091     -0.01132647      1.20804097      0.00017276
   -0.06307816     -0.02266936      1.24804252      0.00017672
   -0.02770421     -0.06008347      1.01767791      0.00017389
   -0.03772138     -0.05423387      1.17833434      0.00017656
   -0.06606748     -0.01156227      1.24835737      0.00018108
   -0.05053886     -0.04424501      0.98744389      0.00017212
   -0.02743608     -0.05918448      1.09796895      0.00017550
   -0.06190132     -0.02243318      1.18820973      0.00017424
   -0.06508785     -0.01117436      1.06799657      0.00017313
   -0.06094186     -0.02775717      1.23785589      0.00016256
   -0.02229229     -0.06233989      1.00781100      0.00017261
   -0.06502736     -0.01115848      1.08799657      0.00017330
   -0.03748167     -0.05359819      1.09795929      0.00017487
   -0.03702816     -0.05675290      0.93908588      0.00013247
   -0.04210922     -0.05028727      1.12807160      0.00017321
   -0.04222115     -0.05018670      1.08790838      0.00017439
   -0.06705965     -0.00596092      0.95783014      0.00018104
   -0.03774554     -0.05519629      0.99754480      0.00017089
   -0.05018593     -0.04222020      1.12817507      0.00017452
   -0.05045956     -0.04258120      1.16834901      0.00017939
   -0.02209610     -0.06137225      1.08795556      0.00017421
   -0.05027529     -0.04212841      1.08793392      0.00017290
   -0.05918079     -0.02745004      1.09798377      0.00017387
   -0.06137753     -0.02208393      1.12811822      0.00017389
   -0.05212771     -0.04276140      1.24753292      0.00016711
   -0.00562000     -0.06699902      0.97800468      0.00017125
   -0.04211412     -0.05019811      1.10802573      0.00017446
   -0.02770504     -0.06053435      0.99776583      0.00017165
   -0.05361419     -0.03746371      1.09797144      0.00017333
   -0.03745641     -0.05376178      1.13805937      0.00017296
   -0.06699367     -0.00564891      1.23807607      0.00017214
   -0.03883774     -0.05440733      1.21856100      0.00017782
   -0.03744205     -0.05362638      1.11804017      0.00017288
   -0.05971718     -0.02764028      1.03781697      0.00017604
   -0.02744927     -0.05928864      1.13801453      0.00017321
   -0.01125640     -0.06535274      1.02789014      0.00017308
   -0.02761401     -0.05973287      1.17814984      0.00017524
   -0.00561020     -0.06673167      1.01795283      0.00017255
   -0.05019250     -0.04212193      1.10801234      0.00017436
   -0.01155048     -0.06577712      1.22804885      0.00017780
   -0.06171077     -0.02213663      1.04792932      0.00017289
   -0.01125381     -0.06558102      1.00793782      0.00017186
   -0.02210940     -0.06150161      1.14801242      0.00017273
   -0.05948216     -0.02748849      1.05794323      0.00017364
   -0.05400740     -0.03750179      1.05785303      0.00017344
   -0.00565754     -0.06684540      1.21799886      0.00017322
   -0.02214817     -0.06170669      1.16804017      0.00017219
   -0.01131921     -0.06556341      1.20807019      0.00017182
   -0.06519867     -0.01119133      1.04797643      0.00017367
   -0.01120146     -0.06519547      1.16800070      0.00017324
   -0.01123849     -0.06518562      1.04793745      0.00017542
   -0.02747460     -0.05948938      1.15805191      0.00017314
   -0.03748878     -0.05401353      1.15813130      0.00017344
   -0.00559229     -0.06656455      1.05800014      0.00017321
   -0.06187889     -0.02251751      1.02777890      0.00017479
   -0.01117379     -0.06508801      1.06800014      0.00017321
   -0.06517902     -0.01126085      1.16805097      0.00017547
   -0.06663410     -0.00559912      1.03797643      0.00017290
   -0.00560924     -0.06663090      1.17800070      0.00017322
   -0.06134923     -0.02205374      1.10801264      0.00017393
   -0.01117373     -0.06508803      1.14799997      0.00017321
   -0.06656455     -0.00559229      1.15799986      0.00017321
   -0.00558152     -0.06652345      1.13799997      0.00017321
   -0.01115786     -0.06502754      1.12799997      0.00017321
   -0.02208995     -0.06137914      1.12800208      0.00017320
   -0.06508801     -0.01117379      1.14799986      0.00017321
   -0.01113491     -0.06501372      1.10799733      0.00017300
   -0.06501603     -0.01112757      1.10801264      0.00017314
   -0.00555857     -0.06650964      1.09799733      0.00017265
   -0.06651194     -0.00555123      1.11801264      0.00017242
   -0.06530791     -0.01142164      1.02789125      0.00017761
   -0.01127091     -0.06534891      1.18807203      0.00017553
   -0.01114007     -0.06503309      1.08799733      0.00017286
   -0.06503540     -0.01113273      1.12801264      0.00017248
   -0.06684558     -0.00565691      1.21800000      0.00017321
   -0.06667381     -0.00582252      1.01791482      0.00017915
   -0.06661447     -0.00566856      1.17805111      0.00017506
   -0.06656458     -0.00559222      1.05800000      0.00017321
   -0.06652346     -0.00558150      1.13800000      0.00017321
   -0.06650409     -0.00557634      1.09800000      0.00017321
   -0.00557634     -0.06650409      1.11800000      0.00017321
   -0.00558150     -0.06652346      1.07800000      0.00017321
   -0.00559222     -0.06656458      1.15800000      0.00017321
   -0.00564620     -0.06662107      1.03793731      0.00017436
   -0.00566167     -0.06671802      1.19807132      0.00017415
   -0.00564361     -0.06684935      0.99798498      0.00017279
   -0.00589294     -0.06693172      1.23804999      0.00017967
   -0.04213072     -0.05049889      1.14813666      0.00017351
   -0.05514572     -0.03780428      1.21841174      0.00017316
   -0.05048960     -0.04214736      1.06786262      0.00017348
   -0.02232896     -0.06193967      1.18818170      0.00017613
   -0.06052136     -0.02773483      1.21819401      0.00017232
   -0.05419019     -0.03919325      0.99743758      0.00017765
   -0.02205639     -0.06134941      1.10801072      0.00017339
   -0.05454891     -0.03795518      1.19838812      0.00017383
   -0.04332437     -0.05080878      1.20860001      0.00017881
   -0.05374329     -0.03748938      1.07793659      0.00017210
   -0.05086058     -0.04267699      1.18847398      0.00017411
   -0.05144733     -0.04258647      1.20848820      0.00017454
   -0.04248484     -0.05153108      1.00743134      0.00017410
   -0.03769514     -0.05360219      1.07784314      0.00017388
   -0.02742991     -0.05919138      1.11801550      0.00017281
   -0.05071711     -0.04343682      1.00742032      0.00017790
   -0.04261516     -0.05090553      1.02743911      0.00017531
   -0.03785364     -0.05375213      1.05773457      0.00017596
   -0.03785627     -0.05461272      1.01751928      0.00017417
   -0.06137086     -0.02210601      1.08798034      0.00017380
   -0.06149334     -0.02212534      1.06798690      0.00017315
   -0.06229918     -0.02240322      1.20814032      0.00017256
   -0.05375537     -0.03784780      1.15823960      0.00017569
   -0.03787191     -0.05411906      1.03754724      0.00017831
   -0.05409135     -0.03792087      1.17838726      0.00017709
   -0.05360988     -0.03767962      1.13822619      0.00017258
   -0.00589390     -0.06707497      1.25808966      0.00017898
   -0.04249560     -0.05020188      1.06779472      0.00017385
   -0.05020747     -0.04248381      1.14820000      0.00017385
   -0.05927226     -0.02748065      1.07797067      0.00017328
   -0.06002512     -0.02784137      1.19825796      0.00017344
   -0.05371823     -0.04110597      0.93272084      0.00012584
   -0.05371031     -0.04111709      1.28312947      0.00012983
   -0.01240197     -0.06605653      0.94995138      0.00015168
   -0.05990506     -0.02910554      0.99757042      0.00017606
   -0.02599948     -0.06239858      1.28326683      0.00012612
   -0.05507810     -0.03896313      0.95985340      0.00013440
   -0.04122255     -0.05363010      1.28322743      0.00012722
   -0.06238170     -0.02604308      0.93259334      0.00012240
   -0.04807366     -0.04766779      1.26812797      0.00014472
   -0.06239169     -0.02601813      1.28336928      0.00012340
   -0.01178684     -0.06600669      1.24813965      0.00018043
   -0.05368349     -0.04119395      0.95098148      0.00011716
   -0.04794186     -0.04775619      1.27835690      0.00012904
   -0.05854795     -0.03392139      0.93731418      0.00011832
   -0.04376801     -0.05121637      1.24745657      0.00017689
   -0.03399438     -0.05847670      1.27849427      0.00012486
   -0.05855002     -0.03390757      1.27849875      0.00012154
   -0.00422504     -0.06752176      1.27696165      0.00012756
   -0.06753282     -0.00417299      0.93888842      0.00012597
   -0.04204939     -0.05296525      0.93226228      0.00011362
   -0.06753522     -0.00415972      1.27711725      0.00012557
   -0.06676287     -0.01002629      1.28378392      0.00011228
   -0.04138721     -0.05351555      1.26441214      0.00012568
   -0.02605968     -0.06221974      1.26477014      0.00011906
   -0.04171092     -0.05321023      0.94883028      0.00013060
   -0.01009161     -0.06674941      1.28362831      0.00011642
   -0.05551403     -0.03828007      1.25549007      0.00013334
   -0.06676047     -0.01003956      0.93222176      0.00011244
   -0.01011895     -0.06659672      1.26705131      0.00012375
   -0.06109495     -0.02825408      1.25600030      0.00012822
   -0.04876496     -0.04713971      0.94672752      0.00011734
   -0.01891853     -0.06480441      1.26898481      0.00011582
   -0.06659246     -0.01013391      0.94871857      0.00012624
   -0.03884339     -0.05510517      1.25546018      0.00013962
   -0.02340849     -0.06320527      0.95010831      0.00011846
   -0.06660902     -0.01007308      1.26739855      0.00012356
   -0.05388933     -0.04092898      1.26426772      0.00012110
   -0.06219062     -0.02616592      0.95093972      0.00011916
   -0.06228507     -0.02596522      1.26501777      0.00011604
   -0.04877662     -0.04708022      0.93698312      0.00009793
   -0.06478327     -0.01897708      0.94664524      0.00011955
   -0.06480982     -0.01889132      1.26943450      0.00011661
   -0.01889119     -0.06495709      1.27889515      0.00009640
   -0.06496366     -0.01884452      1.27915320      0.00009523
   -0.06495128     -0.01888273      0.93681510      0.00009525
   -0.05859724     -0.03380786      1.26986594      0.00009955
   -0.05852487     -0.03394989      0.94583042      0.00009810
   -0.03402724     -0.05845055      1.26990791      0.00010077
    0.04256700      0.04256700      1.28800000      0.00010434
    0.05102899      0.03852901      1.28800000      0.00009264
    0.03852901      0.05102899      1.28800000      0.00009264
    0.06356099      0.00586657      1.28800000      0.00009680
    0.00586657      0.06356099      1.28800000      0.00009680
    0.05896439      0.01173789      1.28800000      0.00010102
    0.01173789      0.05896439      1.28800000      0.00010102
    0.02307122      0.05959430      1.28800000      0.00009403
    0.02837258      0.05307131      1.28800000      0.00010351
    0.05959430      0.02307122      1.28800000      0.00009403
    0.05307131      0.02837258      1.28800000      0.00010351
   -0.04256700      0.04256700      1.28800000      0.00010434
   -0.03852901      0.05102899      1.28800000      0.00009264
   -0.05102899      0.03852901      1.28800000      0.00009264
   -0.06356099      0.00586657      1.28800000      0.00009680
   -0.00586657      0.06356099      1.28800000      0.00009680
   -0.05896439      0.01173789      1.28800000      0.00010102
   -0.01173789      0.05896439      1.28800000      0.00010102
   -0.05959430      0.02307122      1.28800000      0.00009403
   -0.05307131      0.02837258      1.28800000      0.00010351
   -0.02307122      0.05959430      1.28800000      0.00009403
   -0.02837258      0.05307131      1.28800000      0.00010351
   -0.04256700     -0.04256700      1.28800000      0.00010434
   -0.03852901     -0.05102899      1.28800000      0.00009264
   -0.05102899     -0.03852901      1.28800000      0.00009264
   -0.06356099     -0.00586657      1.28800000      0.00009680
   -0.00586657     -0.06356099      1.28800000      0.00009680
   -0.05896439     -0.01173789      1.28800000      0.00010102
   -0.01173789     -0.05896439      1.28800000      0.00010102
   -0.02307122     -0.05959430      1.28800000      0.00009403
   -0.02837258     -0.05307131      1.28800000      0.00010351
   -0.05959430     -0.02307122      1.28800000      0.00009403
   -0.05307131     -0.02837258      1.28800000      0.00010351
    0.04256700     -0.04256700      1.28800000      0.00010434
    0.05102899     -0.03852901      1.28800000      0.00009264
    0.03852901     -0.05102899      1.28800000      0.00009264
    0.06356099     -0.00586657      1.28800000      0.00009680
    0.00586657     -0.06356099      1.28800000      0.00009680
    0.05896439     -0.01173789      1.28800000      0.00010102
    0.01173789     -0.05896439      1.28800000      0.00010102
    0.05959430     -0.02307122      1.28800000      0.00009403
    0.05307131     -0.02837258      1.28800000      0.00010351
    0.02307122     -0.05959430      1.28800000      0.00009403
    0.02837258     -0.05307131      1.28800000      0.00010351
    0.04663399     -0.02910258      1.40991475      0.00021264
    0.05013994     -0.02236890      1.40337846      0.00019543
    0.04772606     -0.02868098      1.36341776      0.00018517
    0.04771601     -0.02859560      1.62847502      0.00019640
    0.05050662     -0.02273444      1.37046685      0.00019280
    0.05052526     -0.02256944      1.62146694      0.00019933
    0.04766235     -0.02816766      1.60873237      0.00018530
    0.04647355     -0.02866037      1.54243410      0.00020788
    0.05036739     -0.02231002      1.60190442      0.00017942
    0.04764522     -0.02823034      1.38341321      0.00019548
    0.04653590     -0.02893767      1.42322967      0.00020892
    0.04617001     -0.02877420      1.50261345      0.00020459
    0.05001630     -0.02172049      1.54899989      0.00019596
    0.05037491     -0.02218629      1.39044312      0.00018765
    0.04618124     -0.02875829      1.48936946      0.00020471
    0.04977188     -0.02170094      1.50922237      0.00020321
    0.03361369     -0.04557670      1.31596168      0.00015147
    0.04973702     -0.02182849      1.48276741      0.00019822
    0.04981963     -0.02246265      1.43016836      0.00018997
    0.04628570     -0.02875443      1.52906128      0.00020343
    0.04980731     -0.02169814      1.52242838      0.00020296
    0.04713571     -0.02768712      1.44334686      0.00018295
    0.04978005     -0.02210671      1.45000885      0.00017483
    0.04988933     -0.02148407      1.46956126      0.00019793
    0.04705766     -0.02754273      1.46292053      0.00018276
    0.04757198     -0.02783591      1.58936880      0.00018581
    0.04618281     -0.03275173      1.31584431      0.00015408
    0.05015766     -0.02218949      1.58204530      0.00018876
    0.02501719     -0.05044452      1.31692464      0.00018406
    0.04815874     -0.02874142      1.66063368      0.00017400
    0.05149655     -0.02201288      1.66763431      0.00020846
    0.05089778     -0.02426446      1.31678069      0.00017111
    0.04746659     -0.02755270      1.56901939      0.00018883
    0.05022028     -0.02141853      1.56195823      0.00018763
    0.03629999     -0.04338173      1.30675627      0.00011395
    0.04359372     -0.03605095      1.30671741      0.00011403
    0.04119974     -0.03845775      1.66351688      0.00015104
    0.02178355     -0.05004662      1.54555028      0.00016845
    0.02706801     -0.04764423      1.55553556      0.00017207
    0.02687171     -0.04757582      1.53560470      0.00016953
    0.02192649     -0.05014116      1.56543203      0.00017258
    0.04067494     -0.03749957      1.58610228      0.00017490
    0.03644225     -0.04221082      1.61522765      0.00017237
    0.02116126     -0.05187209      1.32749673      0.00018197
    0.05235670     -0.02020702      1.32739119      0.00016657
    0.05532108     -0.01005860      1.32746668      0.00015337
    0.03648438     -0.04175290      1.59561883      0.00017548
    0.02707851     -0.04853519      1.61500221      0.00016916
    0.04067637     -0.03794688      1.60571330      0.00016683
    0.02710754     -0.04785967      1.57536053      0.00017050
    0.02246026     -0.05144212      1.66442692      0.00017619
    0.02165263     -0.05150380      1.34754819      0.00016551
    0.02195180     -0.05136690      1.64473301      0.00016962
    0.00590968     -0.05597057      1.67456533      0.00017825
    0.00493762     -0.05623440      1.31762718      0.00014847
    0.02730258     -0.04903863      1.65432064      0.00016152
    0.01105327     -0.05484051      1.34737887      0.00016805
    0.01119981     -0.05479982      1.64465491      0.00017116
    0.02682301     -0.04930098      1.33765791      0.00017428
    0.02704076     -0.04821281      1.39679538      0.00017017
    0.05474192     -0.01140095      1.64468411      0.00017559
    0.05486507     -0.01094095      1.34748248      0.00016888
    0.01151962     -0.05492495      1.66473261      0.00017915
    0.01040103     -0.05522947      1.32749370      0.00015811
    0.02687294     -0.04801458      1.41666237      0.00016841
    0.03656707     -0.04286276      1.65438825      0.00015411
    0.05607199     -0.00517928      1.33748512      0.00015635
    0.05589965     -0.00580085      1.65458887      0.00017544
    0.02191802     -0.05069466      1.38693500      0.00017153
    0.05511189     -0.01085082      1.66503075      0.00017537
    0.03979157     -0.03788185      1.54574425      0.00016174
    0.02177515     -0.05048154      1.40678182      0.00016843
    0.02718302     -0.04846278      1.37694726      0.00017145
    0.02685325     -0.04776320      1.43649667      0.00016973
    0.02191306     -0.05104581      1.62485405      0.00016860
    0.05624909     -0.00487931      1.31760060      0.00014669
    0.02168389     -0.05027830      1.42662335      0.00016761
    0.03642394     -0.04182116      1.39663972      0.00017300
    0.05621224     -0.00504997      1.67482283      0.00015187
    0.02690791     -0.04754461      1.45632777      0.00017060
    0.02171921     -0.05005887      1.44643740      0.00017094
    0.04074649     -0.03833666      1.36653204      0.00016455
    0.03651585     -0.04136891      1.57581336      0.00017170
    0.02678701     -0.04750838      1.47616071      0.00016913
    0.04055847     -0.03892736      1.64497593      0.00016787
    0.02664979     -0.04755432      1.49599080      0.00016762
    0.02170721     -0.04994322      1.46626397      0.00017035
    0.02196983     -0.05100464      1.36711271      0.00017067
    0.03642929     -0.04261112      1.63501289      0.00017058
    0.02158404     -0.04995377      1.48608691      0.00016752
    0.03661052     -0.04206776      1.37654210      0.00017278
    0.04034107     -0.03718290      1.44634602      0.00017080
    0.05584228     -0.00560010      1.63466667      0.00016992
    0.04026858     -0.03703995      1.46620033      0.00017053
    0.03618669     -0.04133213      1.43644523      0.00017212
    0.00560994     -0.05595438      1.65454823      0.00016957
    0.00546341     -0.05599506      1.33748557      0.00016506
    0.02708711     -0.04887479      1.63483758      0.00016815
    0.03635189     -0.04265313      1.35722096      0.00016583
    0.05451265     -0.01138762      1.36758964      0.00017765
    0.05579308     -0.00576167      1.35742593      0.00017492
    0.03619633     -0.04109971      1.45628781      0.00017053
    0.01116782     -0.05458354      1.62477267      0.00017010
    0.00557794     -0.05573810      1.61485647      0.00016993
    0.02188935     -0.05071965      1.60501607      0.00016934
    0.01113403     -0.05438482      1.60495171      0.00016992
    0.03605996     -0.04105001      1.47613703      0.00017198
    0.04072870     -0.03790798      1.38637418      0.00017822
    0.02184335     -0.05043874      1.58517767      0.00017015
    0.04072182     -0.03706847      1.56605396      0.00017950
    0.01109366     -0.05421900      1.58514260      0.00016994
    0.00553757     -0.05557227      1.57523784      0.00016993
    0.02156382     -0.04996706      1.50590354      0.00016683
    0.01110621     -0.05407351      1.56534441      0.00017035
    0.05421178     -0.01110798      1.58489432      0.00017656
    0.05444322     -0.01092872      1.38730892      0.00016047
    0.05556505     -0.00555189      1.57498955      0.00017039
    0.05420825     -0.01111133      1.40684744      0.00016988
    0.01115632     -0.05458729      1.36720743      0.00016941
    0.05572365     -0.00530277      1.39695474      0.00016207
    0.01111497     -0.05439107      1.38701668      0.00016983
    0.01108594     -0.05422154      1.40684541      0.00017011
    0.01103759     -0.05409604      1.42665928      0.00016938
    0.01104191     -0.05392587      1.52572140      0.00017047
    0.01101242     -0.05400166      1.44646885      0.00016976
    0.05398603     -0.01137000      1.42692559      0.00018240
    0.02169870     -0.04995632      1.52569191      0.00016905
    0.02706110     -0.04820130      1.59514705      0.00017049
    0.05397937     -0.01107368      1.44674717      0.00016356
    0.00553582     -0.05547004      1.53562616      0.00017066
    0.00551226     -0.05547793      1.45638099      0.00016992
    0.02673473     -0.04754265      1.51577916      0.00016714
    0.00550016     -0.05552372      1.43656405      0.00016922
    0.01101835     -0.05393376      1.46628575      0.00016992
    0.03599645     -0.04110019      1.51579312      0.00017121
    0.05550143     -0.00556144      1.43684241      0.00017115
    0.01099197     -0.05391068      1.50590441      0.00016965
    0.01099197     -0.05391068      1.48609489      0.00016963
    0.00548589     -0.05545485      1.49599965      0.00016935
    0.01110446     -0.05397128      1.54554225      0.00017112
    0.05571957     -0.00562595      1.37740180      0.00017145
    0.05564673     -0.00555609      1.59504762      0.00016992
    0.05547794     -0.00551224      1.45638095      0.00016992
    0.05532564     -0.00585666      1.49599981      0.00018100
    0.05548460     -0.00580856      1.41674984      0.00017837
    0.05536107     -0.00585386      1.53561852      0.00018063
    0.00556646     -0.05574184      1.37712365      0.00016958
    0.00554851     -0.05564922      1.39694065      0.00016969
    0.00550609     -0.05545583      1.51580952      0.00016992
    0.00550609     -0.05545583      1.47619048      0.00016992
    0.00555609     -0.05564673      1.59504762      0.00016992
    0.00558986     -0.05584545      1.35732187      0.00016960
    0.00556864     -0.05550124      1.55543990      0.00017136
    0.00553743     -0.05557232      1.41676190      0.00016992
    0.00558987     -0.05584544      1.63467810      0.00016961
    0.03645503     -0.04106230      1.55570466      0.00017769
    0.04061898     -0.03845776      1.62525480      0.00017054
    0.02700273     -0.04892609      1.35739647      0.00016006
    0.05438802     -0.01111170      1.60473422      0.00016399
    0.05403950     -0.01068477      1.52571600      0.00016465
    0.05400407     -0.01068757      1.50590682      0.00016498
    0.05411029     -0.01048661      1.46628335      0.00016155
    0.05395798     -0.01083103      1.48609269      0.00016721
    0.05567843     -0.00483091      1.51581177      0.00014882
    0.05563234     -0.00497437      1.47618812      0.00015329
    0.05426462     -0.01049923      1.56507938      0.00015561
    0.05406064     -0.01080119      1.54551786      0.00016619
    0.05458357     -0.01115571      1.62454375      0.00017522
    0.03983860     -0.03855402      1.40656163      0.00015988
    0.05574130     -0.00555561      1.61463898      0.00016926
    0.05569957     -0.00494733      1.55542316      0.00015200
    0.04099504     -0.03836704      1.33215313      0.00015988
    0.03744500     -0.04210372      1.67129809      0.00013539
    0.03969760     -0.03831137      1.42650739      0.00015801
    0.03998578     -0.03998689      1.29200396      0.00010732
    0.03998904     -0.03998755      1.69916156      0.00012961
    0.03944767     -0.03794471      1.48606008      0.00015666
    0.03941622     -0.03797392      1.50591436      0.00015702
    0.05037385     -0.02567055      1.69900213      0.00013385
    0.05005446     -0.02627596      1.29385875      0.00015684
    0.02583527     -0.05029143      1.69942884      0.00012245
    0.02635858     -0.05000889      1.29389761      0.00015788
    0.03555321     -0.04247871      1.41659785      0.00014232
    0.03958142     -0.03793102      1.52573073      0.00015601
    0.04575357     -0.03324753      1.69416369      0.00013169
    0.03393379     -0.04538647      1.29790157      0.00011866
    0.03341374     -0.04566967      1.69459040      0.00012205
    0.04543092     -0.03385228      1.29786271      0.00011987
    0.03524047     -0.04200364      1.49598765      0.00013986
    0.04576691     -0.03324168      1.68356091      0.00015217
    0.03549271     -0.04199299      1.53562956      0.00014079
    0.03555878     -0.04388191      1.33900111      0.00014316
    0.00422044     -0.05645951      1.69313870      0.00012643
    0.05647876     -0.00412089      1.29901643      0.00012342
    0.05651276     -0.00396002      1.69319400      0.00011856
    0.00419439     -0.05646271      1.29912089      0.00012565
    0.05075067     -0.02422160      1.33699397      0.00013048
    0.05052936     -0.02484334      1.67903170      0.00015384
    0.05558284     -0.00983135      1.69979717      0.00011249
    0.01006571     -0.05553278      1.29251772      0.00012090
    0.04032998     -0.03915763      1.32319493      0.00014871
    0.01009176     -0.05552958      1.69974188      0.00011396
    0.05554884     -0.00999221      1.29241325      0.00011811
    0.02797002     -0.04891223      1.67227573      0.00012757
    0.03995415     -0.04003485      1.67997169      0.00012953
    0.04939824     -0.02650466      1.65164656      0.00009707
    0.01013012     -0.05543008      1.68351356      0.00012124
    0.04687787     -0.03161831      1.33833762      0.00011479
    0.05572785     -0.00900020      1.30880751      0.00010826
    0.05572501     -0.00901000      1.68382635      0.00010487
    0.00913201     -0.05569711      1.30893855      0.00010808
    0.02582539     -0.05024509      1.68121661      0.00011767
    0.03973756     -0.03981177      1.34871588      0.00012110
    0.04939849     -0.02610718      1.63837462      0.00010301
    0.05236609     -0.02032625      1.64490374      0.00010439
    0.04937516     -0.02622805      1.35352171      0.00010730
    0.05250813     -0.01983484      1.34706682      0.00011215
    0.04643064     -0.03228558      1.64511745      0.00009588
    0.01892614     -0.05328011      1.68554557      0.00011469
    0.05334092     -0.01823692      1.30806308      0.00012664
    0.05365746     -0.01764130      1.68543165      0.00011058
    0.01845134     -0.05326461      1.30823298      0.00012550
    0.05351529     -0.01846265      1.69479930      0.00010034
    0.01938505     -0.05310028      1.29841533      0.00012182
    0.05316190     -0.01922893      1.29827200      0.00011988
    0.01888778     -0.05337962      1.69517071      0.00009540
    0.03336551     -0.04572283      1.68600332      0.00010107
    0.04578126     -0.03304237      1.34813090      0.00009280
    0.02918556      0.04657144      1.41006889      0.00021095
    0.02171860      0.05029847      1.40352150      0.00021869
    0.04772593      0.02813017      1.60905052      0.00018447
    0.02830091      0.04759434      1.38349639      0.00019973
    0.05040659      0.02221479      1.60121238      0.00020071
    0.02153477      0.05053396      1.39058242      0.00021145
    0.04777497      0.02852104      1.62872376      0.00018858
    0.02852785      0.04776965      1.36329814      0.00018924
    0.05055452      0.02257771      1.62167213      0.00019598
    0.02258452      0.05054920      1.37034976      0.00019624
    0.02901526      0.04620699      1.54106295      0.00018030
    0.02287364      0.04953192      1.54837155      0.00019135
    0.02898482      0.04650080      1.42331459      0.00020964
    0.02249225      0.04980058      1.43021574      0.00019071
    0.02882248      0.04623474      1.52878925      0.00020113
    0.02773385      0.04710284      1.44340715      0.00018319
    0.02215069      0.04975575      1.45031658      0.00018276
    0.02183405      0.04977106      1.52237791      0.00019833
    0.02759729      0.04702516      1.46322837      0.00018239
    0.02204880      0.04969565      1.46985228      0.00017410
    0.02745131      0.04700859      1.50253534      0.00018306
    0.02142156      0.04988017      1.50916983      0.00019788
    0.02319035      0.04947729      1.56782765      0.00018683
    0.02196546      0.04968178      1.48936291      0.00018305
    0.02751442      0.04698862      1.48273883      0.00018162
    0.02854935      0.04674912      1.55987926      0.00016117
    0.02874162      0.04815860      1.33136606      0.00017400
    0.04815860      0.02874162      1.66063394      0.00017400
    0.02201308      0.05149642      1.32436540      0.00020846
    0.05149642      0.02201308      1.66763460      0.00020846
    0.04119824      0.03845888      1.66351723      0.00015108
    0.03845888      0.04119824      1.32848277      0.00015108
    0.03801976      0.04061099      1.38647472      0.00018287
    0.04074258      0.03784902      1.60607219      0.00017320
    0.05547398      0.00545266      1.51580602      0.00016825
    0.05553308      0.00547153      1.43656495      0.00016832
    0.04215155      0.03649009      1.37654618      0.00017470
    0.03649541      0.04214475      1.61547571      0.00017496
    0.02245891      0.05144306      1.66442720      0.00017614
    0.05144306      0.02245891      1.32757280      0.00017614
    0.05395192      0.01096490      1.52571078      0.00016918
    0.05137259      0.02194325      1.34726523      0.00016932
    0.02194325      0.05137259      1.64473477      0.00016932
    0.05597057      0.00590968      1.31743467      0.00017825
    0.00590968      0.05597057      1.67456533      0.00017825
    0.04854686      0.02703920      1.37697234      0.00017054
    0.02703920      0.04854686      1.61502766      0.00017054
    0.02729266      0.04904526      1.65432268      0.00016132
    0.04904526      0.02729266      1.33767732      0.00016132
    0.05401102      0.01098377      1.44646971      0.00016929
    0.05479982      0.01119981      1.34734509      0.00017116
    0.01119981      0.05479982      1.64465491      0.00017116
    0.01140095      0.05474193      1.34731569      0.00017560
    0.05474193      0.01140095      1.64468431      0.00017560
    0.05410540      0.01100896      1.42666019      0.00016896
    0.01151962      0.05492495      1.66473261      0.00017915
    0.05492495      0.01151962      1.32726739      0.00017915
    0.05392261      0.01095672      1.50590125      0.00016899
    0.03655715      0.04286939      1.65439029      0.00015423
    0.04286939      0.03655715      1.33760971      0.00015423
    0.05589965      0.00580085      1.65458907      0.00017544
    0.00580085      0.05589965      1.33741093      0.00017544
    0.05511189      0.01085082      1.66503097      0.00017537
    0.01085082      0.05511189      1.32696903      0.00017537
    0.04104911      0.03605622      1.51574959      0.00017227
    0.00504997      0.05621224      1.31717714      0.00015187
    0.05621224      0.00504997      1.67482286      0.00015187
    0.04055688      0.03892377      1.64497791      0.00016833
    0.03892377      0.04055688      1.34702209      0.00016833
    0.05104430      0.02189385      1.36711793      0.00016930
    0.02189385      0.05104430      1.62488207      0.00016930
    0.04802764      0.02685157      1.41671699      0.00016764
    0.00560994      0.05595438      1.65454823      0.00016957
    0.05595438      0.00560994      1.33745177      0.00016957
    0.04259355      0.03644896      1.35698301      0.00017070
    0.03644896      0.04259355      1.63501699      0.00017070
    0.05456084      0.01122926      1.62450043      0.00017748
    0.01122926      0.05456084      1.36749957      0.00017748
    0.00560010      0.05584228      1.35733333      0.00016992
    0.05584228      0.00560010      1.63466667      0.00016992
    0.05049562      0.02175641      1.40682875      0.00016709
    0.02251607      0.05009705      1.58609926      0.00016949
    0.04744186      0.02682833      1.49596234      0.00016967
    0.05459601      0.01112734      1.36720143      0.00016880
    0.01112734      0.05459601      1.62479857      0.00016880
    0.04099145      0.03608693      1.49592842      0.00017015
    0.05439290      0.01106223      1.60392923      0.00018208
    0.01021828      0.05464654      1.38734056      0.00015106
    0.00553747      0.05575057      1.61488238      0.00016868
    0.05575057      0.00553747      1.37711762      0.00016868
    0.05399418      0.01103506      1.54552406      0.00016993
    0.05011431      0.02164615      1.54553243      0.00016703
    0.01164101      0.05390591      1.56622297      0.00017539
    0.05421904      0.01109352      1.40685714      0.00016993
    0.05429917      0.01079621      1.58413753      0.00015251
    0.01040210      0.05441105      1.40688280      0.00015832
    0.01138181      0.05412979      1.58552151      0.00016467
    0.05551624      0.00552282      1.55542882      0.00016993
    0.01137649      0.05398380      1.42693453      0.00018241
    0.03698647      0.04020782      1.50581746      0.00017045
    0.04765893      0.02673439      1.53562087      0.00016768
    0.00581528      0.05542285      1.55593955      0.00017904
    0.05390445      0.01101017      1.48609520      0.00016992
    0.05545582      0.00550611      1.47619044      0.00016992
    0.05547794      0.00551224      1.45638095      0.00016992
    0.05544863      0.00550406      1.49600000      0.00016992
    0.05393377      0.01101835      1.46628567      0.00016992
    0.05584544      0.00558987      1.35732190      0.00016961
    0.05571856      0.00562916      1.61459566      0.00017155
    0.04995129      0.02169492      1.46628225      0.00016992
    0.05564673      0.00555609      1.39695238      0.00016992
    0.05562483      0.00536314      1.57499443      0.00016452
    0.04756042      0.02688349      1.45637429      0.00016992
    0.05414107      0.01088596      1.56508992      0.00016095
    0.05547794      0.00551224      1.53561905      0.00016992
    0.04113705      0.03615658      1.45635356      0.00016992
    0.04135947      0.03616269      1.43653131      0.00017162
    0.03708221      0.04023205      1.46624065      0.00016992
    0.03723530      0.04029679      1.44643185      0.00016992
    0.05557232      0.00553743      1.41676190      0.00016992
    0.00582572      0.05548306      1.57561675      0.00017888
    0.00556351      0.05550073      1.43684509      0.00017121
    0.00458912      0.05592798      1.39698384      0.00014003
    0.05567434      0.00543307      1.59428595      0.00016618
    0.04194108      0.03628553      1.39680248      0.00017290
    0.04827131      0.02695420      1.39686220      0.00016868
    0.03688316      0.04146783      1.59627189      0.00015725
    0.00550609      0.05545583      1.47619048      0.00016992
    0.05074530      0.02182877      1.38696060      0.00016993
    0.05439729      0.01109355      1.38702238      0.00016996
    0.02742556      0.04796200      1.59568716      0.00016317
    0.02182877      0.05074530      1.60503940      0.00016993
    0.01168892      0.05377703      1.54603652      0.00019413
    0.00587364      0.05535418      1.53562078      0.00018125
    0.00581298      0.05548307      1.41675611      0.00017851
    0.01109355      0.05439729      1.60497762      0.00016996
    0.00555609      0.05564673      1.59504762      0.00016992
    0.00562916      0.05571856      1.37740434      0.00017155
    0.00558987      0.05584544      1.63467810      0.00016961
    0.03700525      0.04019454      1.48602223      0.00016982
    0.04102455      0.03610846      1.47614796      0.00016979
    0.04886651      0.02709982      1.35715855      0.00016838
    0.02709982      0.04886651      1.63484145      0.00016838
    0.01109611      0.05397041      1.44703573      0.00017124
    0.01103869      0.05392552      1.46657159      0.00016289
    0.04990137      0.02167191      1.48607701      0.00016971
    0.03837604      0.04069388      1.36651624      0.00016530
    0.04069921      0.03836923      1.62550566      0.00016488
    0.00553260      0.05546969      1.45666683      0.00017057
    0.05028292      0.02159255      1.56507148      0.00016598
    0.04747026      0.02684443      1.47616882      0.00016942
    0.04144670      0.03607258      1.55445193      0.00016857
    0.01096724      0.05391912      1.48609524      0.00016925
    0.01084211      0.05398842      1.52571341      0.00016729
    0.04777821      0.02684051      1.55541875      0.00016759
    0.00546115      0.05546329      1.49600000      0.00016858
    0.01042962      0.05409753      1.50590215      0.00016078
    0.00496847      0.05563424      1.51580692      0.00015311
    0.05001278      0.02157595      1.52570423      0.00016854
    0.05028414      0.02166021      1.42664367      0.00016826
    0.05007598      0.02167844      1.44646648      0.00017093
    0.04991892      0.02161924      1.50588179      0.00017048
    0.02850933      0.04702170      1.57779918      0.00015609
    0.04167371      0.03634759      1.58814366      0.00014632
    0.04753115      0.02672624      1.51578000      0.00017065
    0.03820937      0.03976640      1.57925885      0.00015688
    0.03800970      0.03949161      1.52547937      0.00015165
    0.04777678      0.02681744      1.43654520      0.00017071
    0.04210486      0.03744350      1.32070157      0.00013539
    0.03744350      0.04210486      1.67129843      0.00013539
    0.03835059      0.03966897      1.42660546      0.00015689
    0.03864915      0.03975126      1.40674471      0.00015790
    0.03998904      0.03998755      1.69916156      0.00012961
    0.03998755      0.03998904      1.29283844      0.00012961
    0.03826175      0.03946390      1.54437117      0.00013943
    0.05037385      0.02567055      1.69900214      0.00013385
    0.02567055      0.05037385      1.29299786      0.00013385
    0.02583527      0.05029143      1.69942884      0.00012245
    0.05029143      0.02583527      1.29257116      0.00012245
    0.04251140      0.03551509      1.41669268      0.00014158
    0.04575357      0.03324753      1.69416370      0.00013169
    0.03324753      0.04575357      1.29783630      0.00013169
    0.04566967      0.03341374      1.29740960      0.00012205
    0.03341374      0.04566967      1.69459040      0.00012205
    0.04213788      0.03532007      1.53542642      0.00013958
    0.04576677      0.03324187      1.68356097      0.00015217
    0.03324187      0.04576677      1.30843903      0.00015217
    0.05082494      0.02102397      1.58267426      0.00014468
    0.00422044      0.05645951      1.69313870      0.00012643
    0.05645951      0.00422044      1.29886130      0.00012643
    0.00396002      0.05651276      1.29880600      0.00011856
    0.05651276      0.00396002      1.69319400      0.00011856
    0.05052922      0.02484354      1.67903179      0.00015384
    0.02484354      0.05052922      1.31296821      0.00015384
    0.04821380      0.02681339      1.59010583      0.00014548
    0.05558284      0.00983135      1.69979718      0.00011249
    0.00983135      0.05558284      1.29220282      0.00011249
    0.01009176      0.05552958      1.69974188      0.00011396
    0.05552958      0.01009176      1.29225812      0.00011396
    0.04891317      0.02796866      1.31972399      0.00012756
    0.02796866      0.04891317      1.67227601      0.00012756
    0.03995401      0.04003505      1.67997176      0.00012953
    0.04003505      0.03995401      1.31202824      0.00012953
    0.02650391      0.04939869      1.34034902      0.00009695
    0.04939869      0.02650391      1.65165098      0.00009695
    0.05543008      0.01013012      1.30848644      0.00012124
    0.01013012      0.05543008      1.68351356      0.00012124
    0.00901000      0.05572501      1.30817362      0.00010487
    0.05572501      0.00901000      1.68382638      0.00010487
    0.05024509      0.02582539      1.31078339      0.00011767
    0.02582539      0.05024509      1.68121661      0.00011767
    0.04829245      0.02629750      1.57351272      0.00012860
    0.04940590      0.02609714      1.63837907      0.00010295
    0.02609714      0.04940590      1.35362093      0.00010295
    0.02032550      0.05236654      1.34709184      0.00010436
    0.05236654      0.02032550      1.64490816      0.00010436
    0.03787592      0.04003286      1.56265142      0.00014229
    0.04221697      0.03550573      1.57205947      0.00012696
    0.04643805      0.03227555      1.64512190      0.00009574
    0.03227555      0.04643805      1.34687810      0.00009574
    0.05328011      0.01892614      1.30645443      0.00011469
    0.01892614      0.05328011      1.68554557      0.00011469
    0.05365746      0.01764130      1.68543169      0.00011058
    0.01764130      0.05365746      1.30656831      0.00011058
    0.05351529      0.01846265      1.69479931      0.00010034
    0.01846265      0.05351529      1.29720069      0.00010034
    0.01888778      0.05337962      1.69517071      0.00009540
    0.05337962      0.01888778      1.29682929      0.00009540
    0.04572283      0.03336551      1.30599668      0.00010107
    0.03336551      0.04572283      1.68600332      0.00010107
   -0.02872364      0.04733471      1.60841558      0.00019971
   -0.02868186      0.04772542      1.36341994      0.00018523
   -0.02268723      0.05019461      1.60131770      0.00019277
   -0.02273622      0.05050567      1.37047123      0.00019286
   -0.02242199      0.05001679      1.58172156      0.00018646
   -0.02817386      0.04734322      1.58863235      0.00017759
   -0.02824939      0.04763090      1.38347176      0.00019704
   -0.02249796      0.05026818      1.39076932      0.00018734
   -0.02798934      0.04746924      1.40325209      0.00017687
   -0.02228403      0.05011012      1.41023657      0.00018250
   -0.04557670      0.03361369      1.31596168      0.00015147
   -0.02773580      0.04734896      1.42277429      0.00018427
   -0.02217127      0.04993280      1.43008670      0.00018051
   -0.02658905      0.04762285      1.52259366      0.00021170
   -0.03275173      0.04618281      1.31584431      0.00015408
   -0.05044452      0.02501719      1.31692464      0.00018406
   -0.02874162      0.04815860      1.66063394      0.00017400
   -0.02201308      0.05149642      1.66763460      0.00020846
   -0.02426446      0.05089778      1.31678069      0.00017111
   -0.01989899      0.05067620      1.53009027      0.00017783
   -0.02210378      0.04978736      1.44915049      0.00017547
   -0.02769691      0.04737291      1.56934069      0.00018237
   -0.02763951      0.04717887      1.44215073      0.00016803
   -0.02182514      0.05010049      1.56136463      0.00019908
   -0.02179485      0.04978157      1.50992061      0.00017688
   -0.02713358      0.04724080      1.50103711      0.00019236
   -0.04696142      0.02791162      1.53529003      0.00017807
   -0.02198778      0.04973414      1.46918994      0.00019899
   -0.02752532      0.04708310      1.46104874      0.00017701
   -0.05521256      0.00619353      1.51569746      0.00019155
   -0.02656184      0.04782857      1.54876533      0.00018178
   -0.04931726      0.02310476      1.52530062      0.00016960
   -0.01990137      0.05073080      1.54163805      0.00016542
   -0.05355882      0.01199197      1.50564041      0.00018673
   -0.02718314      0.04721942      1.48081670      0.00016421
   -0.04338173      0.03629999      1.30675627      0.00011395
   -0.03605095      0.04359372      1.30671741      0.00011403
   -0.02171492      0.04986727      1.48936687      0.00017712
   -0.05358345      0.01201798      1.52552469      0.00018643
   -0.03595399      0.04120563      1.52497045      0.00020184
   -0.05534627      0.00579844      1.49584772      0.00017917
   -0.04972973      0.02239058      1.54542095      0.00017742
   -0.03845888      0.04119824      1.66351723      0.00015108
   -0.03989174      0.03737621      1.53571996      0.00018949
   -0.05379884      0.01131529      1.48577350      0.00017538
   -0.04746209      0.02733362      1.55550831      0.00017849
   -0.05007578      0.02170092      1.44617555      0.00016804
   -0.04792412      0.02701142      1.57539518      0.00016880
   -0.05187209      0.02116127      1.32749673      0.00018197
   -0.02020702      0.05235670      1.32739119      0.00016657
   -0.01005860      0.05532108      1.32746668      0.00015337
   -0.05144306      0.02245890      1.66442720      0.00017614
   -0.03604731      0.04127038      1.54639415      0.00018302
   -0.05150380      0.02165265      1.34754822      0.00016551
   -0.05137260      0.02194323      1.64473480      0.00016932
   -0.04861244      0.02694942      1.61495926      0.00016793
   -0.05597057      0.00590968      1.67456533      0.00017825
   -0.05623440      0.00493762      1.31762718      0.00014847
   -0.04904527      0.02729266      1.65432269      0.00016132
   -0.05484050      0.01105329      1.34737890      0.00016805
   -0.05479983      0.01119979      1.64465494      0.00017116
   -0.04930098      0.02682301      1.33765792      0.00017428
   -0.04815761      0.02712820      1.39681440      0.00017139
   -0.01094102      0.05486505      1.34748263      0.00016889
   -0.01148401      0.05471798      1.64470469      0.00017638
   -0.05492495      0.01151961      1.66473262      0.00017915
   -0.05522946      0.01040103      1.32749371      0.00015811
   -0.04159489      0.03630475      1.57580978      0.00016755
   -0.04790068      0.02704661      1.41662862      0.00017039
   -0.04286939      0.03655715      1.65439029      0.00015423
   -0.00580085      0.05589965      1.65458907      0.00017544
   -0.00517928      0.05607199      1.33748512      0.00015635
   -0.05069615      0.02191962      1.38695034      0.00017148
   -0.01085082      0.05511189      1.66503097      0.00017537
   -0.05042227      0.02186880      1.40679756      0.00017104
   -0.04846677      0.02717704      1.37695087      0.00017141
   -0.00487931      0.05624909      1.31760060      0.00014669
   -0.05021373      0.02179401      1.42659296      0.00017053
   -0.03793019      0.04070847      1.38643380      0.00017943
   -0.00504997      0.05621224      1.67482286      0.00015187
   -0.03833746      0.04074587      1.36653407      0.00016459
   -0.03759637      0.04061390      1.40622205      0.00016236
   -0.03888318      0.04058681      1.64495370      0.00016970
   -0.05100455      0.02197009      1.36711308      0.00017067
   -0.05393628      0.01101288      1.46604994      0.00016720
   -0.05107673      0.02185548      1.62483922      0.00016733
   -0.04084935      0.03674883      1.55605158      0.00017626
   -0.05545257      0.00551685      1.47602102      0.00017026
   -0.04178580      0.03649040      1.39670132      0.00017100
   -0.04207263      0.03660368      1.37654740      0.00017293
   -0.04144659      0.03642950      1.41616618      0.00017224
   -0.05595438      0.00560993      1.65454824      0.00016957
   -0.05599506      0.00546341      1.33748558      0.00016506
   -0.04265313      0.03635189      1.35722097      0.00016583
   -0.04259226      0.03641844      1.63496871      0.00017383
   -0.01143955      0.05450073      1.62467633      0.00017730
   -0.01138859      0.05451232      1.36759199      0.00017772
   -0.00568316      0.05581833      1.63468704      0.00017248
   -0.00576174      0.05579306      1.35742608      0.00017492
   -0.04967599      0.02215607      1.48526693      0.00017219
   -0.03729133      0.04052368      1.42573394      0.00017413
   -0.05077158      0.02179946      1.60499506      0.00016730
   -0.04688512      0.02778343      1.49483830      0.00017297
   -0.04733398      0.02705819      1.47512108      0.00017031
   -0.05458721      0.01115658      1.36720779      0.00016942
   -0.04085665      0.03634125      1.47422924      0.00016562
   -0.05407437      0.01110342      1.56533588      0.00017056
   -0.05458914      0.01114943      1.62477979      0.00016963
   -0.04024646      0.03694821      1.49341100      0.00017066
   -0.04922052      0.02313618      1.50513757      0.00017336
   -0.01137085      0.05430723      1.60456632      0.00017831
   -0.01122305      0.05434988      1.38758081      0.00017164
   -0.05439042      0.01111566      1.60495880      0.00016982
   -0.05574176      0.00556670      1.37712399      0.00016958
   -0.05557224      0.00553768      1.57523854      0.00016993
   -0.01116580      0.05418979      1.40739742      0.00017099
   -0.01117897      0.05418578      1.58460811      0.00017066
   -0.05421904      0.01109352      1.40685714      0.00016993
   -0.01112330      0.05406334      1.42718170      0.00017038
   -0.05408860      0.01106011      1.42666667      0.00016993
   -0.04660807      0.02842452      1.51497055      0.00017108
   -0.05548371      0.00549603      1.45631463      0.00016941
   -0.01106594      0.05398211      1.44672298      0.00016406
   -0.05387302      0.01139019      1.54544838      0.00017756
   -0.00575639      0.05568240      1.61475119      0.00017547
   -0.00562685      0.05571926      1.37740400      0.00017147
   -0.00556960      0.05555917      1.41703014      0.00017094
   -0.00556451      0.05556095      1.57498345      0.00017079
   -0.00551224      0.05547794      1.45638095      0.00016992
   -0.00536887      0.05550400      1.51651026      0.00016561
   -0.05550212      0.00556574      1.55543067      0.00017127
   -0.00555370      0.05550417      1.43681822      0.00017091
   -0.00561446      0.05562483      1.59476752      0.00017176
   -0.05574369      0.00555957      1.61486356      0.00016936
   -0.00559620      0.05563062      1.39722442      0.00017119
   -0.05557232      0.00553743      1.41676190      0.00016992
   -0.04194616      0.03627743      1.59518843      0.00017177
   -0.04827651      0.02694614      1.59513546      0.00016733
   -0.05399999      0.01101871      1.44640987      0.00016796
   -0.05551628      0.00552268      1.43657143      0.00016992
   -0.05046759      0.02180002      1.58519488      0.00016860
   -0.05564673      0.00555609      1.59504762      0.00016992
   -0.05564673      0.00555609      1.39695238      0.00016992
   -0.05438849      0.01112279      1.38702875      0.00017025
   -0.05421897      0.01109377      1.58514330      0.00016992
   -0.05584545      0.00558986      1.63467813      0.00016960
   -0.05584544      0.00558987      1.35732190      0.00016961
   -0.05537090      0.00582445      1.53554152      0.00017971
   -0.03656000      0.04060391      1.48294778      0.00015751
   -0.04892608      0.02700275      1.35739650      0.00016006
   -0.04890581      0.02703935      1.63481743      0.00016791
   -0.00550030      0.05545629      1.47685441      0.00016975
   -0.01101254      0.05393423      1.46694965      0.00018692
   -0.05017762      0.02187091      1.56544094      0.00017102
   -0.03867035      0.04043994      1.62519868      0.00016792
   -0.03701733      0.04030571      1.46395696      0.00016548
   -0.01093576      0.05411954      1.56412085      0.00018642
   -0.03723565      0.04057945      1.56639881      0.00016904
   -0.04771720      0.02693879      1.43626340      0.00016584
   -0.03834841      0.04033611      1.60525620      0.00017333
   -0.00537125      0.05555859      1.55447074      0.00016525
   -0.03836704      0.04099504      1.33215313      0.00015988
   -0.04210486      0.03744350      1.67129843      0.00013539
   -0.01100731      0.05390405      1.48764487      0.00017556
   -0.01087588      0.05395176      1.50749119      0.00016364
   -0.04111788      0.03618802      1.45487917      0.00016660
   -0.03780802      0.04042464      1.58566245      0.00016136
   -0.03998689      0.03998578      1.29200396      0.00010732
   -0.03998755      0.03998904      1.69916156      0.00012961
   -0.04756375      0.02687880      1.45568694      0.00016655
   -0.04251961      0.03615479      1.61516743      0.00016576
   -0.04124889      0.03628557      1.43586681      0.00016841
   -0.04994054      0.02171344      1.46565657      0.00016820
   -0.00959778      0.05438717      1.52643629      0.00013453
   -0.02567055      0.05037385      1.69900214      0.00013385
   -0.00960016      0.05444176      1.54458724      0.00012822
   -0.00550701      0.05544776      1.49688569      0.00017001
   -0.02627596      0.05005446      1.29385875      0.00015684
   -0.05029143      0.02583527      1.69942884      0.00012245
   -0.05000889      0.02635858      1.29389761      0.00015788
   -0.03628827      0.04093725      1.50295016      0.00017603
   -0.03324753      0.04575357      1.69416370      0.00013169
   -0.04538647      0.03393379      1.29790157      0.00011866
   -0.04566967      0.03341374      1.69459040      0.00012205
   -0.03385228      0.04543092      1.29786271      0.00011987
   -0.03324187      0.04576677      1.68356097      0.00015217
   -0.04388190      0.03555878      1.33900112      0.00014316
   -0.00422891      0.05588317      1.53564031      0.00012997
   -0.05645951      0.00422044      1.69313870      0.00012643
   -0.00412089      0.05647876      1.29901643      0.00012342
   -0.00396002      0.05651276      1.69319400      0.00011856
   -0.05646271      0.00419439      1.29912089      0.00012565
   -0.03716160      0.04035692      1.44497119      0.00015955
   -0.02422160      0.05075067      1.33699397      0.00013048
   -0.02484354      0.05052922      1.67903179      0.00015384
   -0.00983135      0.05558284      1.69979718      0.00011249
   -0.05553278      0.01006571      1.29251772      0.00012090
   -0.03915763      0.04032998      1.32319493      0.00014871
   -0.05552958      0.01009176      1.69974188      0.00011396
   -0.00999221      0.05554884      1.29241325      0.00011811
   -0.04891317      0.02796866      1.67227601      0.00012756
   -0.04031448      0.03706081      1.51421044      0.00016388
   -0.04003505      0.03995401      1.67997176      0.00012953
   -0.02649366      0.04940353      1.65163479      0.00009743
   -0.05543008      0.01013012      1.68351356      0.00012124
   -0.03161831      0.04687786      1.33833763      0.00011479
   -0.00900020      0.05572785      1.30880751      0.00010826
   -0.00901000      0.05572501      1.68382638      0.00010487
   -0.05569711      0.00913201      1.30893855      0.00010808
   -0.05024509      0.02582539      1.68121661      0.00011767
   -0.02620159      0.04901604      1.61834024      0.00009891
   -0.03981177      0.03973756      1.34871588      0.00012110
   -0.03197710      0.04630259      1.62521212      0.00009664
   -0.02612937      0.04941673      1.63835903      0.00010046
   -0.02039832      0.05234743      1.64491234      0.00010248
   -0.02622812      0.04937513      1.35352186      0.00010730
   -0.01983492      0.05250811      1.34706697      0.00011215
   -0.02600940      0.04935598      1.63162107      0.00009752
   -0.03222471      0.04647283      1.64508148      0.00009569
   -0.02023389      0.05206943      1.62474920      0.00009982
   -0.05328011      0.01892614      1.68554557      0.00011469
   -0.01823692      0.05334092      1.30806308      0.00012664
   -0.01764130      0.05365746      1.68543169      0.00011058
   -0.05326461      0.01845134      1.30823298      0.00012550
   -0.01846265      0.05351529      1.69479931      0.00010034
   -0.05310028      0.01938505      1.29841533      0.00012182
   -0.01922893      0.05316190      1.29827200      0.00011988
   -0.05337962      0.01888778      1.69517071      0.00009540
   -0.04572283      0.03336551      1.68600332      0.00010107
   -0.03304237      0.04578125      1.34813091      0.00009280
   -0.02868186     -0.04772542      1.36341994      0.00018523
   -0.02273622     -0.05050567      1.37047123      0.00019286
   -0.02852112     -0.04777466      1.62870978      0.00018900
   -0.02257343     -0.05055562      1.62166417      0.00019594
   -0.02824939     -0.04763090      1.38347176      0.00019704
   -0.02268867     -0.04971719      1.56282115      0.00016921
   -0.02249879     -0.05026786      1.39077395      0.00018745
   -0.02814746     -0.04718346      1.57079025      0.00015806
   -0.02800598     -0.04745597      1.40336787      0.00018002
   -0.02230112     -0.05009670      1.41035330      0.00018297
   -0.04557670     -0.03361369      1.31596168      0.00015147
   -0.02779675     -0.04729998      1.42322491      0.00019128
   -0.02218538     -0.04990888      1.43017937      0.00017622
   -0.02820807     -0.04766203      1.60866480      0.00019534
   -0.02757672     -0.04720628      1.44247050      0.00016732
   -0.02199630     -0.04985064      1.44913174      0.00017970
   -0.02245533     -0.05029703      1.60115431      0.00019098
   -0.02173303     -0.04984873      1.46977452      0.00020251
   -0.02736098     -0.04719261      1.46178072      0.00018190
   -0.02253710     -0.05003552      1.58178942      0.00018314
   -0.02793731     -0.04751618      1.58931518      0.00015978
   -0.03275173     -0.04618281      1.31584431      0.00015408
   -0.04934482     -0.02311480      1.52770537      0.00017798
   -0.05044452     -0.02501719      1.31692464      0.00018406
   -0.02874162     -0.04815860      1.66063394      0.00017400
   -0.04669031     -0.02843865      1.52083964      0.00011699
   -0.02201308     -0.05149642      1.66763460      0.00020846
   -0.02426446     -0.05089778      1.31678069      0.00017111
   -0.04037899     -0.03658892      1.49219070      0.00015850
   -0.03610563     -0.04084538      1.49991047      0.00015512
   -0.04338173     -0.03629999      1.30675627      0.00011395
   -0.03605095     -0.04359372      1.30671741      0.00011403
   -0.03845888     -0.04119824      1.66351723      0.00015108
   -0.03756597     -0.04063067      1.58650801      0.00014995
   -0.04179044     -0.03645291      1.59538716      0.00017425
   -0.05187209     -0.02116127      1.32749673      0.00018197
   -0.04155287     -0.03627402      1.57670890      0.00016874
   -0.02020702     -0.05235670      1.32739119      0.00016657
   -0.01005860     -0.05532108      1.32746668      0.00015337
   -0.05144306     -0.02245890      1.66442720      0.00017614
   -0.04821437     -0.02702260      1.59520500      0.00017191
   -0.05137260     -0.02194323      1.64473480      0.00016932
   -0.05150380     -0.02165265      1.34754822      0.00016551
   -0.05623440     -0.00493762      1.31762718      0.00014847
   -0.05597057     -0.00590968      1.67456533      0.00017825
   -0.04904527     -0.02729266      1.65432269      0.00016132
   -0.05479983     -0.01119979      1.64465494      0.00017116
   -0.05484050     -0.01105329      1.34737890      0.00016805
   -0.04930098     -0.02682301      1.33765792      0.00017428
   -0.04815761     -0.02712820      1.39681440      0.00017139
   -0.01140095     -0.05474193      1.64468431      0.00017560
   -0.01094102     -0.05486505      1.34748263      0.00016889
   -0.05522946     -0.01040103      1.32749371      0.00015811
   -0.05492495     -0.01151961      1.66473262      0.00017915
   -0.04789497     -0.02705454      1.41665883      0.00017132
   -0.04286939     -0.03655715      1.65439029      0.00015423
   -0.00580085     -0.05589965      1.65458907      0.00017544
   -0.00517928     -0.05607199      1.33748512      0.00015635
   -0.05069615     -0.02191962      1.38695034      0.00017148
   -0.05073177     -0.02184620      1.60508255      0.00017018
   -0.01085082     -0.05511189      1.66503097      0.00017537
   -0.05042227     -0.02186880      1.40679756      0.00017104
   -0.04846677     -0.02717704      1.37695087      0.00017141
   -0.04849044     -0.02714133      1.61505720      0.00017058
   -0.04768978     -0.02697601      1.43649698      0.00017099
   -0.00487931     -0.05624909      1.31760060      0.00014669
   -0.05020802     -0.02180194      1.42662318      0.00017081
   -0.03793019     -0.04070847      1.38643380      0.00017943
   -0.00504997     -0.05621224      1.67482286      0.00015187
   -0.04754149     -0.02691259      1.45632861      0.00017068
   -0.05004829     -0.02174644      1.44644527      0.00017056
   -0.03833746     -0.04074587      1.36653407      0.00016459
   -0.04741744     -0.02692545      1.47563451      0.00015800
   -0.03761218     -0.04060095      1.40633320      0.00016490
   -0.03791452     -0.04070342      1.60570482      0.00018007
   -0.03892377     -0.04055687      1.64497792      0.00016833
   -0.04994324     -0.02170718      1.46626433      0.00017035
   -0.05100455     -0.02197009      1.36711308      0.00017067
   -0.05100464     -0.02196983      1.62488729      0.00017067
   -0.03734613     -0.04048279      1.42621383      0.00017853
   -0.04178580     -0.03649040      1.39670132      0.00017100
   -0.04991476     -0.02156944      1.48522138      0.00016552
   -0.04207263     -0.03660368      1.37654740      0.00017293
   -0.04209713     -0.03656824      1.61549731      0.00017328
   -0.04145670     -0.03642449      1.41630755      0.00017229
   -0.03710812     -0.04040151      1.44574113      0.00015638
   -0.03685822     -0.04040350      1.46506088      0.00017590
   -0.04126616     -0.03628691      1.43643892      0.00017056
   -0.05595438     -0.00560993      1.65454824      0.00016957
   -0.05599506     -0.00546341      1.33748558      0.00016506
   -0.04256261     -0.03649596      1.63502822      0.00016961
   -0.04265313     -0.03635189      1.35722097      0.00016583
   -0.01138859     -0.05451232      1.36759199      0.00017772
   -0.01122490     -0.05456225      1.62450644      0.00017726
   -0.00560010     -0.05584228      1.63466667      0.00016992
   -0.00576174     -0.05579306      1.35742608      0.00017492
   -0.04102494     -0.03625675      1.45568253      0.00017316
   -0.01088939     -0.05397710      1.52569834      0.00016541
   -0.04773976     -0.02691364      1.55700978      0.00014864
   -0.04084897     -0.03627761      1.47507714      0.00015981
   -0.05031798     -0.02163024      1.56571712      0.00016404
   -0.05458721     -0.01115658      1.36720779      0.00016942
   -0.02140131     -0.05010178      1.52554122      0.00016368
   -0.05458729     -0.01115632      1.62479257      0.00016941
   -0.01122059     -0.05434834      1.60424892      0.00017632
   -0.01122388     -0.05434956      1.38758544      0.00017177
   -0.05440052     -0.01108484      1.60499641      0.00016903
   -0.05045543     -0.02179868      1.58521410      0.00017113
   -0.05574176     -0.00556670      1.37712399      0.00016958
   -0.05409633     -0.01103820      1.56540450      0.00016775
   -0.01116707     -0.05418932      1.40740299      0.00017091
   -0.05421904     -0.01109352      1.40685714      0.00016993
   -0.05423099     -0.01105581      1.58516768      0.00016998
   -0.01109272     -0.05407530      1.42693585      0.00016352
   -0.05408860     -0.01106011      1.42666667      0.00016993
   -0.05399421     -0.01103494      1.44647623      0.00016993
   -0.04801840     -0.02687234      1.57559714      0.00016080
   -0.00545272     -0.05549760      1.53556192      0.00016806
   -0.01103492     -0.05399422      1.44647619      0.00016992
   -0.05552402     -0.00550077      1.55549974      0.00016923
   -0.05547793     -0.00551226      1.45638099      0.00016992
   -0.05396263     -0.01083891      1.48575592      0.00015851
   -0.00562480     -0.05571997      1.61460168      0.00017141
   -0.00562685     -0.05571926      1.37740400      0.00017147
   -0.00557004     -0.05555902      1.41703108      0.00017096
   -0.00551224     -0.05547794      1.45638095      0.00016992
   -0.00531650     -0.05551228      1.49625385      0.00016404
   -0.01110072     -0.05397045      1.54521251      0.00016599
   -0.05438849     -0.01112279      1.38702875      0.00017025
   -0.00564800     -0.05547285      1.55517439      0.00017385
   -0.02185316     -0.04998674      1.54427828      0.00016666
   -0.05393376     -0.01101835      1.46628575      0.00016992
   -0.05550680     -0.00533282      1.49566068      0.00016456
   -0.00559703     -0.05563030      1.39722905      0.00017122
   -0.00559579     -0.05562837      1.59459962      0.00017120
   -0.05574184     -0.00556646      1.61487635      0.00016958
   -0.05565867     -0.00551838      1.59507244      0.00016875
   -0.00552268     -0.05551628      1.43657143      0.00016992
   -0.05557232     -0.00553743      1.41676190      0.00016992
   -0.05545583     -0.00550609      1.47619048      0.00016992
   -0.05551628     -0.00552268      1.43657143      0.00016992
   -0.04993451     -0.02201959      1.54707449      0.00016726
   -0.05564673     -0.00555609      1.39695238      0.00016992
   -0.05394041     -0.01119875      1.54587707      0.00016715
   -0.05584545     -0.00558986      1.63467813      0.00016960
   -0.05584544     -0.00558987      1.35732190      0.00016961
   -0.05541639     -0.00569798      1.53590115      0.00017573
   -0.05557232     -0.00553743      1.57523810      0.00016992
   -0.03595257     -0.04113350      1.51625400      0.00015285
   -0.02662737     -0.04759117      1.51627564      0.00015057
   -0.02671708     -0.04763858      1.53447059      0.00015054
   -0.04883557     -0.02714680      1.63485271      0.00016894
   -0.04892608     -0.02700275      1.35739650      0.00016006
   -0.00543668     -0.05547950      1.51585070      0.00016775
   -0.03833836     -0.04074589      1.62550291      0.00016364
   -0.02143195     -0.04997877      1.50678184      0.00016845
   -0.05355913     -0.01208080      1.52600145      0.00019494
   -0.05364953     -0.01171563      1.50557051      0.00019132
   -0.01075318     -0.05399178      1.50619979      0.00016047
   -0.01084567     -0.05399048      1.46703030      0.00018639
   -0.01064993     -0.05402482      1.48709367      0.00015211
   -0.05514273     -0.00638281      1.51581459      0.00019753
   -0.00533343     -0.05551254      1.47693506      0.00016453
   -0.03836704     -0.04099504      1.33215313      0.00015988
   -0.04210486     -0.03744350      1.67129843      0.00013539
   -0.01148253     -0.05394087      1.56436355      0.00016461
   -0.03998689     -0.03998578      1.29200396      0.00010732
   -0.03998755     -0.03998904      1.69916156      0.00012961
   -0.02760658     -0.04726546      1.55269777      0.00016201
   -0.04719618     -0.02755283      1.53880249      0.00016084
   -0.01143032     -0.05409640      1.58397926      0.00018163
   -0.04037262     -0.03676322      1.50832085      0.00012697
   -0.03633438     -0.04069276      1.48321566      0.00014684
   -0.02567055     -0.05037385      1.69900214      0.00013385
   -0.02627596     -0.05005446      1.29385875      0.00015684
   -0.05029143     -0.02583527      1.69942884      0.00012245
   -0.05000889     -0.02635858      1.29389761      0.00015788
   -0.03324753     -0.04575357      1.69416370      0.00013169
   -0.00583453     -0.05546803      1.57452249      0.00017925
   -0.04566967     -0.03341374      1.69459040      0.00012205
   -0.04538647     -0.03393379      1.29790157      0.00011866
   -0.03385228     -0.04543092      1.29786271      0.00011987
   -0.04142188     -0.03618919      1.55869780      0.00014654
   -0.03324187     -0.04576677      1.68356097      0.00015217
   -0.04388190     -0.03555878      1.33900112      0.00014316
   -0.02114482     -0.05012880      1.48860759      0.00015695
   -0.04958150     -0.02247004      1.50408342      0.00017697
   -0.03605006     -0.04117498      1.53293005      0.00015304
   -0.05645951     -0.00422044      1.69313870      0.00012643
   -0.00412089     -0.05647876      1.29901643      0.00012342
   -0.00396002     -0.05651276      1.69319400      0.00011856
   -0.05646271     -0.00419439      1.29912089      0.00012565
   -0.02422160     -0.05075067      1.33699397      0.00013048
   -0.02484354     -0.05052922      1.67903179      0.00015384
   -0.03695268     -0.04061345      1.55084778      0.00015629
   -0.00983135     -0.05558284      1.69979718      0.00011249
   -0.05553278     -0.01006571      1.29251772      0.00012090
   -0.03915763     -0.04032998      1.32319493      0.00014871
   -0.02671568     -0.04747477      1.48119320      0.00014614
   -0.04683659     -0.02815905      1.51104545      0.00011280
   -0.04053223     -0.03687114      1.54088775      0.00016082
   -0.05552958     -0.01009176      1.69974188      0.00011396
   -0.00999221     -0.05554884      1.29241325      0.00011811
   -0.04891317     -0.02796866      1.67227601      0.00012756
   -0.04003505     -0.03995401      1.67997176      0.00012953
   -0.02650391     -0.04939869      1.65165098      0.00009695
   -0.05543008     -0.01013012      1.68351356      0.00012124
   -0.03161831     -0.04687786      1.33833763      0.00011479
   -0.00900020     -0.05572785      1.30880751      0.00010826
   -0.00901000     -0.05572501      1.68382638      0.00010487
   -0.05569711     -0.00913201      1.30893855      0.00010808
   -0.05024509     -0.02582539      1.68121661      0.00011767
   -0.03753457     -0.04030747      1.56851689      0.00015699
   -0.03981177     -0.03973756      1.34871588      0.00012110
   -0.04739090     -0.02681776      1.49363905      0.00015232
   -0.02609714     -0.04940590      1.63837907      0.00010295
   -0.02032550     -0.05236654      1.64490816      0.00010436
   -0.02622812     -0.04937513      1.35352186      0.00010730
   -0.04005950     -0.03718052      1.52397905      0.00013266
   -0.02649016     -0.04760325      1.49834982      0.00014774
   -0.01983492     -0.05250811      1.34706697      0.00011215
   -0.03227555     -0.04643805      1.64512190      0.00009574
   -0.05328011     -0.01892614      1.68554557      0.00011469
   -0.01823692     -0.05334092      1.30806308      0.00012664
   -0.01764130     -0.05365746      1.68543169      0.00011058
   -0.05326461     -0.01845134      1.30823298      0.00012550
   -0.01846265     -0.05351529      1.69479931      0.00010034
   -0.05310028     -0.01938505      1.29841533      0.00012182
   -0.01922893     -0.05316190      1.29827200      0.00011988
   -0.05337962     -0.01888778      1.69517071      0.00009540
   -0.04572283     -0.03336551      1.68600332      0.00010107
   -0.03304237     -0.04578125      1.34813091      0.00009280
    0.00304538     -0.02659949      1.70400000      0.00015361
   -0.02881897     -0.03549844      1.70400000      0.00014816
    0.03603144     -0.02831129      1.70400000      0.00014086
   -0.03766666     -0.03479088      1.70400000      0.00013544
    0.03288785     -0.00503778      1.70400000      0.00012092
    0.03461944     -0.03705696      1.70400000      0.00015021
    0.01338640     -0.02921917      1.70400000      0.00016739
    0.02511944     -0.04395911      1.70400000      0.00015318
    0.01602816     -0.04124152      1.70400000      0.00018280
    0.03907508      0.00107900      1.70400000      0.00009338
   -0.00270029     -0.03445037      1.70400000      0.00012259
   -0.04456882     -0.02529088      1.70400000      0.00013657
   -0.04244729     -0.01630244      1.70400000      0.00016697
   -0.03118632     -0.01382970      1.70400000      0.00016435
   -0.01130057     -0.03367210      1.70400000      0.00011054
   -0.03008109     -0.00375249      1.70400000      0.00013379
    0.03540209     -0.01296159      1.70400000      0.00009457
    0.02931190     -0.02113835      1.70400000      0.00012207
    0.01996154     -0.02056041      1.70400000      0.00015387
    0.02296949      0.02892588      1.70400000      0.00010602
   -0.02433206     -0.02798387      1.70400000      0.00008069
    0.02892076      0.02297461      1.70400000      0.00010608
    0.01155638      0.01043013      1.70400000      0.00015371
   -0.00981878     -0.01309767      1.70400000      0.00015540
    0.00794797     -0.04972381      1.70400000      0.00015898
    0.02322168      0.04557511      1.70400000      0.00013771
   -0.00804459      0.05070161      1.70400000      0.00013275
    0.04557511      0.02322168      1.70400000      0.00013771
   -0.04632639      0.02320883      1.70400000      0.00011996
   -0.02356287     -0.04531687      1.70400000      0.00013972
   -0.05031987     -0.00805080      1.70400000      0.00014281
    0.04602132     -0.02366490      1.70400000      0.00012170
    0.00021990     -0.01574681      1.70400000      0.00013805
    0.00719995     -0.00782332      1.70400000      0.00013719
    0.00439514      0.00221174      1.70400000      0.00013278
   -0.01227330     -0.00291632      1.70400000      0.00013990
   -0.00503944      0.00446960      1.70400000      0.00012489
   -0.00784038      0.01419148      1.70400000      0.00012146
    0.00832188      0.02016053      1.70400000      0.00014384
   -0.00164030      0.02166402      1.70400000      0.00012193
    0.01407956      0.02830690      1.70400000      0.00012330
   -0.02397954      0.04530147      1.70400000      0.00013503
   -0.01498488      0.04356168      1.70400000      0.00012469
   -0.02154666      0.00071030      1.70400000      0.00013137
   -0.02597234      0.02858564      1.70400000      0.00008925
   -0.00423831      0.03130821      1.70400000      0.00011801
    0.04504281      0.01417555      1.70400000      0.00010469
    0.05190910      0.00799312      1.70400000      0.00010106
   -0.01856588      0.02624920      1.70400000      0.00010239
    0.02861180      0.01389792      1.70400000      0.00012794
   -0.01266333      0.03341243      1.70400000      0.00011153
    0.02119731      0.00774094      1.70400000      0.00014409
    0.02343669     -0.00267138      1.70400000      0.00011925
    0.01660057     -0.01001725      1.70400000      0.00013442
   -0.01546547     -0.02763027      1.70400000      0.00007991
    0.02772500      0.03787987      1.70400000      0.00010054
   -0.04568444      0.01433108      1.70400000      0.00008804
    0.03691389      0.03691408      1.70400000      0.00010952
   -0.05179944      0.00816150      1.70400000      0.00010325
   -0.04697916      0.00011070      1.70400000      0.00010115
    0.00018853      0.04754333      1.70400000      0.00009704
    0.01441555      0.04511558      1.70400000      0.00009817
   -0.00043946     -0.04555233      1.70400000      0.00011953
   -0.01491106     -0.04384414      1.70400000      0.00010577
    0.03787968      0.02772519      1.70400000      0.00010054
    0.00823312      0.05198187      1.70400000      0.00009813
   -0.00838743     -0.05096866      1.70400000      0.00012426
    0.05124045     -0.00821227      1.70400000      0.00011781
   -0.03749548      0.03679651      1.70400000      0.00010074
   -0.01575096     -0.01915338      1.70400000      0.00008865
    0.04482037     -0.01483793      1.70400000      0.00010046
   -0.01634094      0.01667243      1.70400000      0.00010720
   -0.03921255      0.02759477      1.70400000      0.00008912
   -0.02461754     -0.01950698      1.70400000      0.00008943
    0.01002895      0.03680136      1.70400000      0.00009961
    0.00167325      0.03829918      1.70400000      0.00010017
    0.03703842      0.00960238      1.70400000      0.00009725
   -0.03191704      0.02289515      1.70400000      0.00008587
   -0.03763655      0.01028533      1.70400000      0.00008603
   -0.02906445      0.03748866      1.70400000      0.00009395
   -0.03098300      0.01446345      1.70400000      0.00009786
   -0.03800135      0.00193627      1.70400000      0.00009158
    0.04800940     -0.00021915      1.70400000      0.00008995
   -0.02281336      0.01057718      1.70400000      0.00010686
   -0.34838758      0.05066504      1.87968955      0.00021016
   -0.34965882      0.04106616      1.88500795      0.00020623
   -0.40068830      0.05263945      1.81653345      0.00021694
   -0.34743680      0.07995633      1.84879869      0.00018943
   -0.40690407      0.04511805      1.81075547      0.00020419
   -0.40713345      0.03104514      1.83013138      0.00018695
   -0.36269064      0.02618093      1.88575370      0.00017220
   -0.34130456      0.07659873      1.85812921      0.00016222
   -0.35578555      0.08669437      1.82606942      0.00017555
   -0.39743955      0.05098327      1.82812835      0.00019344
   -0.35767704      0.07539851      1.84794803      0.00017853
   -0.33923088      0.05589447      1.88010874      0.00015436
   -0.40917752      0.02153221      1.83429048      0.00013350
   -0.35679896      0.02021098      1.89105246      0.00013386
   -0.36296066      0.08150546      1.83068748      0.00014417
   -0.36083240      0.03616235      1.88208976      0.00017248
   -0.34605691      0.08915442      1.82999388      0.00017491
   -0.40068224      0.04085679      1.83467512      0.00019255
   -0.38968276      0.05904591      1.83202947      0.00016660
   -0.40644958      0.01939741      1.84266280      0.00013148
   -0.38517194      0.05742345      1.84221610      0.00015797
   -0.37649821      0.06396980      1.84522073      0.00015965
   -0.37093882      0.06166840      1.85444027      0.00016455
   -0.37388915      0.05305199      1.86075206      0.00015556
   -0.36716094      0.04973816      1.86930200      0.00015906
   -0.35776960      0.05499412      1.87154211      0.00016386
   -0.36647454      0.00535981      1.89069011      0.00016123
   -0.32515167      0.07564721      1.86690868      0.00015511
   -0.39586609      0.06236674      1.80977798      0.00017420
   -0.36625704      0.08678301      1.80943071      0.00016340
   -0.32569423      0.04655022      1.89053520      0.00017147
   -0.39603323      0.00527580      1.86639429      0.00015885
   -0.32525329      0.09422025      1.83261429      0.00015752
   -0.36377192      0.07664326      1.83985631      0.00014142
   -0.33143906      0.02454293      1.89802135      0.00014003
   -0.34453162      0.01145381      1.89802070      0.00013961
   -0.34865202      0.02190365      1.89379771      0.00011460
   -0.41601523      0.01094813      1.82149271      0.00009597
   -0.33043626      0.01694041      1.90022378      0.00011283
   -0.33693927      0.01043740      1.90022378      0.00011288
   -0.41404746      0.01138117      1.82846875      0.00013773
   -0.33070461      0.08004398      1.85878865      0.00016277
   -0.40977224      0.03727137      1.81490184      0.00009499
   -0.40065318      0.01019217      1.85824755      0.00014177
   -0.40989438      0.03156643      1.82195301      0.00009522
   -0.38868327      0.01056599      1.87257017      0.00015308
   -0.39566790      0.04058957      1.84467151      0.00018563
   -0.40670182      0.00491637      1.85069861      0.00014777
   -0.34510379      0.06868045      1.86583045      0.00016440
   -0.38791440      0.04909359      1.84831138      0.00015244
   -0.34209014      0.08641735      1.84029430      0.00018600
   -0.32555294      0.08647864      1.85072532      0.00016721
   -0.38245493      0.00529019      1.87998077      0.00015928
   -0.38530701      0.06704917      1.82587685      0.00015469
   -0.35502837      0.06392330      1.86488713      0.00017771
   -0.37359208      0.08085311      1.81487299      0.00015583
   -0.38824159      0.06871382      1.81522026      0.00016860
   -0.34877884      0.09419290      1.80914978      0.00015441
   -0.37408412      0.01065000      1.88458902      0.00015494
   -0.33080623      0.08949441      1.84156148      0.00016824
   -0.38219100      0.04702352      1.85762781      0.00015404
   -0.33868832      0.06498070      1.87290463      0.00013233
   -0.38218039      0.07615196      1.80944228      0.00016391
   -0.33119355      0.09812227      1.80869054      0.00013978
   -0.32469054      0.09812227      1.81519355      0.00013978
   -0.41568094      0.02107230      1.81208490      0.00013017
   -0.36895251      0.04050527      1.87453125      0.00015627
   -0.32987871      0.05436476      1.88467295      0.00014243
   -0.32933615      0.06850221      1.87332341      0.00012299
   -0.37243293      0.02102128      1.88197874      0.00014856
   -0.36146938      0.06728376      1.85633522      0.00016416
   -0.35725775      0.08977143      1.81458049      0.00014718
   -0.35023526      0.00440134      1.89789296      0.00013205
   -0.41390622      0.02162046      1.81913607      0.00009703
   -0.32438658      0.03024657      1.89789360      0.00013160
   -0.41392533      0.00433000      1.83417369      0.00012992
   -0.38402552      0.03828655      1.86273886      0.00013972
   -0.39075380      0.03239868      1.85916375      0.00011348
   -0.37176791      0.07865261      1.82464083      0.00012531
   -0.38701695      0.02048406      1.87007560      0.00013574
   -0.41407266      0.02993145      1.80814637      0.00012422
   -0.34206246      0.02848976      1.89379835      0.00011620
   -0.34070422      0.03671238      1.89089819      0.00014207
   -0.32418448      0.06265989      1.88021961      0.00012555
   -0.37742163      0.07228682      1.82986671      0.00012396
   -0.37312366      0.07082991      1.83902396      0.00012484
   -0.41843044      0.01039997      1.80793853      0.00011691
   -0.37913742      0.02557954      1.87487592      0.00015144
   -0.32988680      0.00338493      1.90263339      0.00010020
   -0.32338379      0.00988794      1.90263339      0.00010016
   -0.41843044      0.00389696      1.81444154      0.00011568
   -0.32994383      0.09552037      1.82454871      0.00010919
   -0.35893167      0.00976114      1.89337859      0.00010381
   -0.33008081      0.03901865      1.89322432      0.00010832
   -0.39212305      0.02409877      1.86271694      0.00010303
   -0.34071326      0.09549301      1.81384031      0.00011203
   -0.37751524      0.03508212      1.87109237      0.00014973
   -0.39840932      0.01909707      1.85706477      0.00010651
   -0.40148487      0.02397230      1.84908445      0.00012297
   -0.39667278      0.03263165      1.85041283      0.00013041
   -0.40942267      0.00924637      1.84309417      0.00010536
   -0.33946354      0.09353159      1.82319548      0.00010687
   -0.35027397     -0.05734732      1.87380566      0.00019663
   -0.32603890     -0.07605999      1.86600536      0.00018220
   -0.34451310     -0.05081197      1.88143763      0.00019119
   -0.36628081     -0.00612275      1.89053024      0.00018462
   -0.32639185     -0.04582446      1.89067626      0.00019289
   -0.34411523     -0.06601971      1.86906180      0.00019398
   -0.37855122     -0.02932673      1.87333645      0.00018862
   -0.33231546     -0.05322925      1.88449330      0.00019074
   -0.33173215     -0.08071048      1.85736077      0.00016648
   -0.33196250     -0.06850524      1.87209938      0.00018415
   -0.38653802     -0.02383363      1.86880035      0.00016810
   -0.35706197     -0.01155256      1.89350479      0.00016951
   -0.39588003     -0.00616006      1.86616961      0.00018590
   -0.34159527     -0.08747071      1.83860022      0.00015543
   -0.40735007     -0.02026369      1.84009313      0.00013072
   -0.37384622     -0.01201144      1.88423734      0.00017899
   -0.39809137     -0.02329670      1.85476158      0.00017228
   -0.34518638     -0.02566545      1.89362745      0.00015709
   -0.39152226     -0.02955275      1.85990984      0.00015916
   -0.36102146     -0.06776945      1.85608939      0.00016998
   -0.36525636     -0.07194853      1.84628304      0.00017049
   -0.40225316     -0.02746801      1.84472690      0.00017994
   -0.34811753     -0.08191871      1.84495385      0.00017055
   -0.40050127     -0.01168890      1.85766803      0.00016846
   -0.38848590     -0.01204875      1.87215368      0.00017297
   -0.34227806     -0.03478498      1.89110187      0.00015239
   -0.34991144     -0.07107849      1.86012084      0.00018361
   -0.39123652     -0.05780430      1.83110735      0.00015413
   -0.33123358     -0.03666055      1.89380022      0.00015416
   -0.34857334     -0.09425875      1.80920087      0.00015587
   -0.40670310     -0.00552884      1.85034377      0.00016640
   -0.38241075     -0.00588869      1.87978896      0.00017758
   -0.40670515     -0.04638646      1.80943302      0.00016351
   -0.32569325     -0.08673235      1.85020076      0.00017139
   -0.32592361     -0.06225014      1.87989891      0.00017869
   -0.38231534     -0.07603212      1.80946711      0.00016467
   -0.34855929     -0.00542981      1.89817902      0.00016293
   -0.36176910     -0.05395274      1.86971433      0.00017256
   -0.36672038     -0.05931610      1.86093902      0.00017747
   -0.38083979     -0.04538934      1.86050798      0.00016827
   -0.37636636     -0.05506954      1.85617575      0.00016683
   -0.38025201     -0.05946458      1.84646851      0.00016835
   -0.37484094     -0.06789021      1.84142542      0.00016322
   -0.38624468     -0.06611478      1.82584908      0.00016023
   -0.37791812     -0.07117137      1.83100785      0.00016399
   -0.34345197     -0.07821451      1.85451383      0.00017031
   -0.37158462     -0.07829477      1.82562541      0.00015823
   -0.37193456     -0.02366460      1.88113815      0.00017142
   -0.38872681     -0.04023082      1.85559884      0.00015384
   -0.41401125     -0.02453924      1.81543793      0.00014000
   -0.41401840     -0.01145576      1.82853408      0.00013970
   -0.36622372     -0.04452121      1.87379815      0.00016528
   -0.41620884     -0.01691822      1.81441480      0.00011336
   -0.39812565     -0.05175428      1.82572592      0.00015284
   -0.37564844     -0.04020436      1.86935507      0.00016969
   -0.41008149     -0.02178713      1.83207676      0.00010424
   -0.41620884     -0.01041521      1.82091781      0.00011338
   -0.37371600     -0.08074665      1.81489912      0.00016123
   -0.35535034     -0.02243311      1.89080643      0.00015320
   -0.36624600     -0.08679640      1.80943200      0.00016340
   -0.40062334     -0.05383753      1.81500054      0.00015850
   -0.38851051     -0.06852365      1.81503463      0.00016463
   -0.34521623     -0.09001992      1.82887545      0.00013532
   -0.39232242     -0.04488170      1.84610732      0.00015962
   -0.32519755     -0.09426051      1.83257756      0.00015576
   -0.39600006     -0.06229641      1.80956752      0.00016778
   -0.35704122     -0.08985067      1.81463288      0.00015297
   -0.35984947     -0.03863543      1.88137409      0.00015985
   -0.34963397     -0.04153161      1.88492224      0.00015814
   -0.32466841     -0.09815743      1.81517142      0.00013898
   -0.33117142     -0.09815743      1.80866841      0.00013898
   -0.38832105     -0.05443526      1.84130921      0.00015306
   -0.36265752     -0.02865646      1.88473271      0.00016389
   -0.32463477     -0.01113778      1.90214645      0.00013807
   -0.33113778     -0.00463477      1.90214645      0.00013807
   -0.36206297     -0.08202684      1.83051444      0.00016137
   -0.33089080     -0.08978839      1.84100019      0.00015630
   -0.32484173     -0.02861422      1.89832845      0.00014506
   -0.41389150     -0.00440348      1.83423791      0.00013212
   -0.41388435     -0.03024307      1.80838565      0.00013163
   -0.35881190     -0.07896176      1.84075450      0.00016687
   -0.35498957     -0.08753299      1.82498902      0.00014741
   -0.40216740     -0.04187847      1.83020410      0.00017118
   -0.39927965     -0.03837493      1.84038364      0.00018397
   -0.41861930     -0.00336293      1.81386553      0.00009961
   -0.41861930     -0.00986594      1.80736252      0.00009960
   -0.41007434     -0.02836760      1.82548362      0.00010272
   -0.34043795     -0.01006458      1.89950332      0.00011029
   -0.34048564     -0.09559403      1.81386928      0.00010804
   -0.40734497     -0.03642666      1.82386437      0.00012413
   -0.40939012     -0.00993232      1.84280355      0.00010236
   -0.40938502     -0.03885140      1.81381867      0.00010207
   -0.32986596     -0.09559579      1.82448986      0.00010809
   -0.33918018     -0.09367287      1.82318772      0.00010235
   -0.32947650     -0.02049288      1.89965274      0.00010606
   -0.33877667     -0.01941968      1.89765009      0.00010485
   -0.38218658      0.00656082      1.72830498      0.00019826
   -0.39091682      0.03014081      1.74791054      0.00019034
   -0.34893233      0.05895879      1.73482760      0.00018697
   -0.34332456      0.06696540      1.73946788      0.00018004
   -0.34891846      0.07196041      1.74835368      0.00017135
   -0.34290262      0.07854910      1.75379995      0.00017752
   -0.36147486      0.02894867      1.72285122      0.00019726
   -0.38584980      0.02474220      1.73903348      0.00017894
   -0.39807140      0.02405962      1.75380969      0.00018229
   -0.38834227      0.01257116      1.73598291      0.00018639
   -0.37369536      0.01258540      1.72385172      0.00018162
   -0.34809685      0.08224188      1.76367847      0.00015926
   -0.34218605      0.08747256      1.76990796      0.00014115
   -0.34251154      0.05258042      1.72679126      0.00016562
   -0.37135759      0.02491909      1.72702841      0.00017921
   -0.35626990      0.02101658      1.71698196      0.00013757
   -0.40674397      0.00608985      1.75810437      0.00018363
   -0.40062268      0.01210019      1.75082276      0.00018324
   -0.34686534      0.04273874      1.72262015      0.00018999
   -0.34824509      0.02204620      1.71407431      0.00011180
   -0.37735634      0.03106556      1.73453223      0.00017596
   -0.37777607      0.07126436      1.77690556      0.00015455
   -0.40748274      0.02184543      1.76967086      0.00014868
   -0.41426573      0.02850268      1.79879618      0.00015603
   -0.32561969      0.07607103      1.74182252      0.00016941
   -0.39603302      0.06231489      1.79853253      0.00016467
   -0.36631633      0.08679614      1.79873601      0.00015836
   -0.32542325      0.04664491      1.71742337      0.00016318
   -0.39596057      0.00601034      1.74187304      0.00018138
   -0.36635412      0.00602458      1.71746488      0.00018155
   -0.32554392      0.09414660      1.77544094      0.00016640
   -0.36415191      0.04655487      1.73421892      0.00017558
   -0.35981471      0.05596934      1.73872924      0.00017949
   -0.36010489      0.06899861      1.75268147      0.00015232
   -0.36539337      0.06101415      1.74769731      0.00016549
   -0.37490753      0.05652440      1.75183497      0.00016374
   -0.39171279      0.04564037      1.76178027      0.00016413
   -0.37931142      0.06039097      1.76152435      0.00016515
   -0.38769552      0.05499014      1.76648815      0.00016062
   -0.38608872      0.06627477      1.78216176      0.00016160
   -0.39108446      0.05795738      1.77691167      0.00016368
   -0.39821912      0.05157957      1.78226479      0.00016057
   -0.33144484      0.02454592      1.70996935      0.00014005
   -0.34453348      0.01145581      1.70996780      0.00013959
   -0.37167019      0.07823967      1.78246576      0.00015780
   -0.33043582      0.01693798      1.70776493      0.00011298
   -0.38760033      0.04138889      1.75205728      0.00017053
   -0.37917917      0.04687209      1.74707577      0.00017717
   -0.33693883      0.01043497      1.70776493      0.00011295
   -0.37400220      0.04194737      1.73842779      0.00016740
   -0.40074456      0.05367606      1.79306145      0.00016262
   -0.33144789      0.08083767      1.75081037      0.00017500
   -0.35762333      0.03970264      1.72614618      0.00019767
   -0.41002731      0.02499913      1.77908755      0.00014073
   -0.40185901      0.02880578      1.76352493      0.00016119
   -0.36469534      0.07246569      1.76198645      0.00016263
   -0.40679340      0.04620651      1.79852892      0.00016465
   -0.32582820      0.08684850      1.75814250      0.00017564
   -0.33128407      0.05432088      1.72380413      0.00016372
   -0.37375470      0.08074008      1.79318943      0.00015799
   -0.33148052      0.06878746      1.73592631      0.00016495
   -0.38851185      0.06853580      1.79298596      0.00016502
   -0.40193429      0.04211042      1.77740977      0.00016117
   -0.34165946      0.02863331      1.71407586      0.00010971
   -0.32586082      0.06252132      1.72829890      0.00017677
   -0.34881129      0.09421567      1.79900496      0.00014977
   -0.38228371      0.07602580      1.79845343      0.00016711
   -0.33137212      0.08979061      1.76736158      0.00015309
   -0.40985465      0.03693106      1.79332510      0.00015456
   -0.40981641      0.01108893      1.76723723      0.00015117
   -0.40752097      0.03493145      1.78300261      0.00014652
   -0.33118991      0.09812048      1.79931310      0.00013968
   -0.32468690      0.09812048      1.79281009      0.00013968
   -0.37438771      0.06834780      1.76669167      0.00015238
   -0.34002852      0.03694891      1.71694200      0.00013423
   -0.41834250      0.01060449      1.79983328      0.00012383
   -0.41427692      0.00499907      1.77535473      0.00014983
   -0.35734949      0.08980733      1.79374096      0.00014340
   -0.35023540      0.00440161      1.71010295      0.00013204
   -0.32439064      0.03024784      1.71010450      0.00013171
   -0.41834250      0.00410148      1.79333027      0.00012190
   -0.39881690      0.03913845      1.76734878      0.00016195
   -0.34591001      0.08986254      1.77949530      0.00013221
   -0.35870315      0.07912027      1.76753718      0.00016536
   -0.36228963      0.08197768      1.77780261      0.00016369
   -0.32988464      0.00338077      1.70536273      0.00010006
   -0.32338163      0.00988378      1.70536273      0.00010009
   -0.35540730      0.08748928      1.78353124      0.00014463
   -0.41578608      0.01984805      1.79462946      0.00011384
   -0.33023083      0.09544491      1.78351015      0.00011066
   -0.35881139      0.01042619      1.71477231      0.00010746
   -0.32981389      0.03911462      1.71473234      0.00010794
   -0.34074208      0.09551398      1.79431805      0.00011148
   -0.41388133      0.01834411      1.78524331      0.00012363
   -0.41579726      0.00910056      1.78394412      0.00011189
   -0.33978299      0.09347891      1.78501812      0.00010651
   -0.39569929     -0.05066293      1.77559898      0.00021011
   -0.40101158     -0.04106885      1.77433639      0.00020619
   -0.33253862     -0.05264673      1.72329523      0.00021706
   -0.36479964     -0.07994657      1.77656396      0.00018958
   -0.32675954     -0.04512243      1.71708272      0.00020421
   -0.34613764     -0.03105288      1.71684322      0.00018695
   -0.40175633     -0.02618892      1.76130247      0.00017231
   -0.37413244     -0.07659072      1.78269389      0.00016234
   -0.34206439     -0.08668231      1.76821917      0.00017549
   -0.34413453     -0.05099117      1.72653992      0.00019355
   -0.36395262     -0.07538973      1.76631700      0.00017857
   -0.39611729     -0.05589274      1.78475952      0.00015439
   -0.35029437     -0.02153690      1.71481007      0.00013351
   -0.40706001     -0.02021588      1.76720201      0.00013406
   -0.34668552     -0.08149723      1.76104242      0.00014422
   -0.39809304     -0.03616563      1.76315685      0.00017251
   -0.34598938     -0.08913868      1.77794167      0.00017488
   -0.35068113     -0.04086390      1.72329574      0.00019255
   -0.34803376     -0.05905044      1.73430641      0.00016662
   -0.35866569     -0.01940142      1.71754167      0.00013146
   -0.35822164     -0.05742503      1.73881517      0.00015799
   -0.36122815     -0.06396905      1.74748952      0.00015966
   -0.37044877     -0.06166513      1.75304695      0.00016456
   -0.37675930     -0.05305014      1.75009386      0.00015554
   -0.38531019     -0.04973591      1.75682123      0.00015904
   -0.38755284     -0.05498866      1.76621252      0.00016379
   -0.38291101     -0.07564445      1.79884577      0.00015519
   -0.40669278     -0.00536406      1.75752314      0.00016133
   -0.32542800     -0.08677973      1.75774734      0.00016335
   -0.40653748     -0.04655205      1.79830474      0.00017149
   -0.32577908     -0.06236965      1.72813065      0.00017421
   -0.38239391     -0.00527543      1.72796647      0.00015884
   -0.34861211     -0.09421328      1.79874496      0.00015762
   -0.35585995     -0.07663660      1.76022335      0.00014146
   -0.40980825     -0.02190562      1.77534996      0.00011463
   -0.41403083     -0.02454637      1.79255491      0.00014005
   -0.41403321     -0.01145446      1.77946795      0.00013954
   -0.33749866     -0.01094826      1.70798238      0.00009579
   -0.41623611     -0.01694697      1.79355595      0.00011274
   -0.34447170     -0.01138374      1.70994488      0.00013776
   -0.41623611     -0.01044396      1.78705294      0.00011273
   -0.33796537     -0.03157206      1.71408575      0.00009500
   -0.33091295     -0.03727575      1.71421324      0.00009504
   -0.37479023     -0.08003852      1.79329611      0.00016282
   -0.37424742     -0.01019237      1.72334482      0.00014177
   -0.38857034     -0.01056706      1.73531342      0.00015306
   -0.36067386     -0.04059237      1.72831778      0.00018558
   -0.36669886     -0.00491694      1.71729649      0.00014778
   -0.38183860     -0.06867165      1.77888514      0.00016448
   -0.36431514     -0.04909422      1.73607072      0.00015243
   -0.35629142     -0.08640317      1.78191115      0.00018600
   -0.36672457     -0.08647594      1.79845034      0.00016713
   -0.39598132     -0.00529163      1.74154206      0.00015930
   -0.34188138     -0.06705551      1.73868652      0.00015476
   -0.38089620     -0.06391574      1.76895765      0.00017776
   -0.33087153     -0.08085225      1.75041259      0.00015583
   -0.33122261     -0.06871915      1.73575544      0.00016867
   -0.32514741     -0.09418863      1.77522175      0.00015437
   -0.35755855     -0.08948474      1.79319531      0.00016826
   -0.40059223     -0.01065569      1.74991055      0.00015505
   -0.37363218     -0.04702326      1.74179198      0.00015403
   -0.38891323     -0.06497438      1.78530055      0.00013239
   -0.32544353     -0.07615438      1.74181991      0.00016393
   -0.33119043     -0.09812080      1.79931258      0.00013970
   -0.32468742     -0.09812080      1.79280957      0.00013970
   -0.32809665     -0.02107118      1.70832073      0.00013035
   -0.39053810     -0.04050695      1.75502816      0.00015622
   -0.40067734     -0.05436652      1.79411793      0.00014242
   -0.38932786     -0.06849938      1.79465896      0.00012302
   -0.39798388     -0.02102939      1.75155477      0.00014857
   -0.37234303     -0.06727798      1.76251944      0.00016419
   -0.33057541     -0.08976388      1.76674721      0.00014705
   -0.41389981     -0.00440067      1.77376563      0.00013200
   -0.41389743     -0.03024869      1.79960870      0.00013171
   -0.33514907     -0.02162059      1.71009009      0.00009685
   -0.35017540     -0.00433132      1.71007237      0.00012994
   -0.37874120     -0.03828675      1.73995887      0.00013970
   -0.37516455     -0.03239976      1.73323379      0.00011345
   -0.34064007     -0.07865132      1.75223572      0.00012534
   -0.38607608     -0.02048555      1.73697581      0.00013569
   -0.32415341     -0.02993146      1.70992604      0.00012441
   -0.40980587     -0.02849451      1.78193391      0.00011616
   -0.40690233     -0.03671765      1.78329244      0.00014196
   -0.39622173     -0.06265982      1.79981319      0.00012561
   -0.34587083     -0.07228981      1.74657412      0.00012398
   -0.35502973     -0.07082877      1.75086836      0.00012489
   -0.32394323     -0.01039885      1.70557252      0.00011706
   -0.39087871     -0.02558383      1.74484867      0.00015139
   -0.41864006     -0.00339017      1.79410673      0.00010032
   -0.41864006     -0.00989318      1.80060974      0.00010033
   -0.33044624     -0.00389584      1.70557252      0.00011566
   -0.34054342     -0.09551193      1.79405754      0.00010924
   -0.40938811     -0.00976473      1.76506690      0.00010391
   -0.40923042     -0.03902261      1.79391344      0.00010839
   -0.37871695     -0.02409941      1.73186973      0.00010303
   -0.32983483     -0.09548728      1.78329044      0.00011206
   -0.38709622     -0.03508468      1.74646767      0.00014965
   -0.37306471     -0.01909786      1.72558569      0.00010651
   -0.36508572     -0.02397559      1.72250569      0.00012297
   -0.36641425     -0.03263443      1.72731397      0.00013038
   -0.35909612     -0.00924826      1.71457334      0.00010535
   -0.33918782     -0.09351889      1.78453841      0.00010696
    0.76655523     -0.07569744      1.86618980      0.00019808
    0.79013510     -0.05609730      1.87494041      0.00019035
    0.81895263     -0.06918779      1.83295525      0.00018697
    0.82696844     -0.06455251      1.82734302      0.00018030
    0.83196961     -0.05567416      1.83293909      0.00017170
    0.83856859     -0.05022476      1.82691472      0.00017757
    0.78893016     -0.08114551      1.84549064      0.00019724
    0.78473309     -0.06497706      1.86986788      0.00017892
    0.78405709     -0.05020454      1.88209374      0.00018215
    0.77256569     -0.06802441      1.87235214      0.00018629
    0.77257265     -0.08014889      1.85769860      0.00018144
    0.84226439     -0.04034428      1.83210788      0.00015946
    0.84749704     -0.03410711      1.82619302      0.00014127
    0.81257267     -0.07721078      1.82652582      0.00016575
    0.78489704     -0.07697165      1.85537063      0.00017908
    0.76608939     -0.04590524      1.89075093      0.00018354
    0.78100675     -0.08701632      1.84027532      0.00013753
    0.77209985     -0.05319175      1.88463629      0.00018306
    0.80272930     -0.08137840      1.83088201      0.00019001
    0.78204232     -0.08992065      1.83224930      0.00011181
    0.83126404     -0.02710172      1.86178830      0.00015478
    0.79104702     -0.06947285      1.86137757      0.00017580
    0.78184389     -0.03434358      1.89149980      0.00014868
    0.82231334     -0.00546673      1.88003228      0.00016466
    0.83607709     -0.06218399      1.80962285      0.00016945
    0.84680166     -0.00527087      1.85031860      0.00015852
    0.80664068     -0.08657458      1.80942636      0.00016329
    0.76601046     -0.06213185      1.87996722      0.00018133
    0.76601743     -0.08653331      1.85035414      0.00018135
    0.78850487     -0.00520807      1.89827099      0.00015612
    0.85415435     -0.02856141      1.80954558      0.00016640
    0.80653785     -0.06978745      1.84817988      0.00017568
    0.81595898     -0.06528898      1.84384463      0.00017938
    0.82900088     -0.05134674      1.84413111      0.00015255
    0.82100606     -0.05632628      1.84942443      0.00016552
    0.81651614     -0.05218027      1.85893496      0.00016378
    0.82038478     -0.04248561      1.86333545      0.00016527
    0.80562228     -0.04220256      1.87575231      0.00016473
    0.81497174     -0.03749511      1.87173346      0.00016144
    0.82626791     -0.02183782      1.87009695      0.00016151
    0.81794025     -0.02706790      1.87511354      0.00016382
    0.81156822     -0.02171981      1.88224264      0.00015980
    0.78454309     -0.09402051      1.81544367      0.00014003
    0.77145398     -0.09402807      1.82853174      0.00013956
    0.83824736     -0.02154825      1.85567754      0.00015796
    0.77692848     -0.09622088      1.81442637      0.00011316
    0.80138024     -0.05194862      1.87162538      0.00017060
    0.80686106     -0.05693582      1.86320604      0.00017715
    0.77042547     -0.09622088      1.82092938      0.00011313
    0.80192985     -0.06558030      1.85803076      0.00016730
    0.81367779     -0.01094298      1.88474540      0.00016260
    0.84085136     -0.05320431      1.81545428      0.00017501
    0.79968813     -0.07785387      1.84164669      0.00019778
    0.78500025     -0.02492153      1.89404267      0.00014055
    0.78879990     -0.04048460      1.88588132      0.00016118
    0.83247560     -0.04203742      1.84871307      0.00016282
    0.84685614     -0.04586567      1.80983143      0.00017567
    0.80620979     -0.00547625      1.89079499      0.00016478
    0.81431628     -0.08019640      1.81529074      0.00016384
    0.84074278     -0.01081762      1.85775879      0.00015817
    0.82879315     -0.06808279      1.81548723      0.00016505
    0.82853144     -0.01101348      1.87251293      0.00016496
    0.80209738     -0.02657575      1.88596517      0.00016029
    0.78862842     -0.08991309      1.82566424      0.00010975
    0.85422449     -0.00499876      1.83281299      0.00014983
    0.82252094     -0.07570369      1.80986438      0.00017686
    0.83602298     -0.00554675      1.86628554      0.00016712
    0.84980601     -0.03664895      1.81537700      0.00015323
    0.79693653     -0.01068432      1.89386150      0.00015472
    0.77109062     -0.03677701      1.89382686      0.00015120
    0.85813125     -0.00468735      1.81519036      0.00013965
    0.85813125     -0.01119036      1.80868735      0.00013965
    0.79493369     -0.02100700      1.89153444      0.00014646
    0.82834942     -0.03732231      1.85840688      0.00015263
    0.79694098     -0.08705003      1.82403760      0.00013424
    0.77059012     -0.00415486      1.90234944      0.00012346
    0.76500124     -0.02864990      1.89828041      0.00014987
    0.84982167     -0.01026963      1.84135346      0.00014353
    0.76440098     -0.09389805      1.83423485      0.00013201
    0.79024620     -0.09389049      1.80839067      0.00013174
    0.76408711     -0.01065787      1.90234944      0.00012146
    0.79911995     -0.03663130      1.88285492      0.00016175
    0.84988820     -0.02451532      1.82991546      0.00013221
    0.83914013     -0.03648436      1.84271421      0.00016556
    0.84199727     -0.02621577      1.84629725      0.00016373
    0.76337247     -0.09862822      1.81387638      0.00009985
    0.76987548     -0.09862822      1.80737337      0.00009988
    0.84751270     -0.02048390      1.83941336      0.00014466
    0.77983587     -0.00936293      1.89979826      0.00011409
    0.85546345     -0.02049265      1.81423293      0.00011070
    0.77041841     -0.08922688      1.84281086      0.00010744
    0.79910875     -0.08926059      1.81381703      0.00010791
    0.85553358     -0.00968612      1.82474423      0.00011150
    0.77833409     -0.01875371      1.89789701      0.00012424
    0.76908835     -0.02004865      1.89980769      0.00011206
    0.85350626     -0.01898840      1.82378680      0.00010658
    0.82223366      0.07576643      1.81029163      0.00018999
    0.83090145      0.05606723      1.83422055      0.00019210
    0.80169758      0.08083808      1.83349177      0.00018071
    0.78916209      0.06918391      1.86287149      0.00017756
    0.82587317      0.06501653      1.82855640      0.00018582
    0.83808864      0.05020075      1.82805233      0.00018211
    0.82839381      0.06809143      1.81630045      0.00018271
    0.81355522      0.08026559      1.81645480      0.00018522
    0.78276932      0.07718340      1.85634556      0.00018105
    0.78376811      0.06481444      1.87053292      0.00016827
    0.78755656      0.08090720      1.84701857      0.00019304
    0.81122449      0.07708658      1.82877519      0.00018538
    0.76616024      0.06216591      1.87987384      0.00018596
    0.79495533      0.08702870      1.82632624      0.00015730
    0.78025885      0.03608615      1.89134157      0.00013074
    0.84674842      0.04590397      1.81008774      0.00018352
    0.78329203      0.05075839      1.88207842      0.00017214
    0.78954172      0.05592126      1.87550046      0.00015931
    0.84063159      0.05318851      1.81609656      0.00018301
    0.78746208      0.04072592      1.88624687      0.00017998
    0.77168815      0.05366233      1.88449133      0.00016849
    0.77199052      0.06815516      1.87249339      0.00017192
    0.78531059      0.08969477      1.82950944      0.00014854
    0.81779313      0.02712393      1.87523712      0.00015408
    0.81738230      0.06951252      1.83486798      0.00018469
    0.84749616      0.03433934      1.82584242      0.00014873
    0.78124939      0.08719652      1.83943840      0.00015662
    0.76524704      0.09422429      1.83260549      0.00015734
    0.83603134      0.00546632      1.86631239      0.00016466
    0.80638650      0.00543352      1.89070737      0.00016352
    0.76583028      0.07579413      1.86642443      0.00017583
    0.76552791      0.04634177      1.89069935      0.00016640
    0.83596503      0.06212989      1.81000882      0.00018130
    0.80616690      0.08658103      1.81016317      0.00018583
    0.85427037      0.00520747      1.83250515      0.00015611
    0.80449446      0.06950160      1.85067779      0.00016624
    0.80008378      0.06519447      1.85996716      0.00016189
    0.80534759      0.05652079      1.86484899      0.00016773
    0.81493352      0.05218375      1.86049170      0.00016343
    0.81933342      0.04248824      1.86436495      0.00016506
    0.83174745      0.04219972      1.84961583      0.00016473
    0.82772661      0.03749177      1.85896417      0.00016144
    0.82610385      0.02186073      1.87024351      0.00016057
    0.83110855      0.02706562      1.86193487      0.00016382
    0.83823937      0.02171843      1.85556482      0.00015979
    0.80019951      0.05161704      1.87272087      0.00015372
    0.78454141      0.01143470      1.89801766      0.00014002
    0.77145223      0.02452988      1.89801012      0.00013964
    0.81175263      0.02173414      1.88212873      0.00015292
    0.77692946      0.01042526      1.90020997      0.00011305
    0.82758581      0.05191905      1.84546419      0.00016942
    0.78178252      0.02807108      1.89407369      0.00010418
    0.77042645      0.01692827      1.90020997      0.00011310
    0.81916507      0.05690662      1.85093928      0.00017414
    0.81398983      0.06555079      1.84600721      0.00016559
    0.84074381      0.01094243      1.85767624      0.00016260
    0.85004093      0.02491797      1.82900070      0.00014054
    0.84187783      0.04048231      1.83279693      0.00016118
    0.79836001      0.07721483      1.84425514      0.00018022
    0.84679433      0.00547611      1.85020919      0.00016478
    0.81383690      0.01100462      1.88462762      0.00015853
    0.82852220      0.01103743      1.87250962      0.00016476
    0.77063187      0.08976045      1.84118630      0.00015501
    0.77121510      0.08045292      1.85793802      0.00016843
    0.80485665      0.04211705      1.87632788      0.00015911
    0.84196225      0.02657432      1.84609508      0.00016025
    0.78870515      0.09421609      1.80915486      0.00015456
    0.82229575      0.00557110      1.88000211      0.00016788
    0.84986022      0.01068358      1.84093621      0.00015469
    0.76538483      0.08674065      1.85035894      0.00016201
    0.84982381      0.03677324      1.81508900      0.00015124
    0.84753258      0.02100580      1.83893351      0.00014644
    0.81440464      0.03732528      1.87232926      0.00015283
    0.85834918      0.00415454      1.81459096      0.00012345
    0.77100217      0.09821086      1.80850007      0.00013393
    0.76449916      0.09821086      1.81500308      0.00013390
    0.85427987      0.02864740      1.80900126      0.00014987
    0.79709392      0.08959264      1.81531803      0.00015951
    0.76440066      0.03023442      1.89788627      0.00013207
    0.79024596      0.00438313      1.89789381      0.00013150
    0.85834918      0.01065755      1.80808795      0.00012149
    0.83885227      0.03662946      1.84311678      0.00016172
    0.80187641      0.02620725      1.88616892      0.00017128
    0.79836891      0.03638879      1.88327593      0.00018410
    0.76337488      0.00987670      1.90262347      0.00009994
    0.76987789      0.00337369      1.90262347      0.00009990
    0.85579739      0.00936201      1.82383699      0.00011407
    0.78836869      0.02147891      1.89408123      0.00010275
    0.76974620      0.09561299      1.82434945      0.00011109
    0.79642850      0.01986086      1.89135714      0.00012422
    0.78044820      0.09560479      1.81365493      0.00011241
    0.76992856      0.03879806      1.89338114      0.00010237
    0.79885433      0.00981665      1.89339670      0.00010202
    0.77919223      0.09364741      1.82300130      0.00011258
    0.85389559      0.01875029      1.82233524      0.00012419
    0.85580689      0.02004582      1.81308921      0.00011204
    0.82976478      0.03022146      1.74656981      0.00019416
    0.82957174      0.05871762      1.77532390      0.00017822
    0.82199560      0.00604255      1.72793639      0.00018233
    0.84654311      0.00630628      1.75787315      0.00019028
    0.82490043      0.06679998      1.78094151      0.00017504
    0.81597216      0.07187510      1.77537429      0.00017342
    0.81021681      0.07857708      1.78113247      0.00017602
    0.82500737      0.02414363      1.73794584      0.00019300
    0.80035061      0.08225476      1.77595723      0.00015905
    0.79408803      0.08747915      1.78182530      0.00014079
    0.81334915      0.01173529      1.72328796      0.00016628
    0.84948673      0.01185052      1.76709176      0.00016971
    0.83727441      0.02436520      1.75280396      0.00018165
    0.82805575      0.01198110      1.73546150      0.00018345
    0.84032629      0.01224483      1.75043871      0.00018190
    0.83742885      0.05214231      1.78137660      0.00017041
    0.79472916      0.02155518      1.71657121      0.00015324
    0.81207331      0.04103216      1.73623362      0.00016965
    0.80227679      0.04525558      1.73205942      0.00017041
    0.80096604      0.02811236      1.72209565      0.00016984
    0.84117548      0.04286534      1.77670575      0.00017153
    0.81609606      0.02992583      1.73291826      0.00018348
    0.78707664      0.07124970      1.74621311      0.00015484
    0.84692795      0.02293117      1.76933239      0.00015294
    0.78855886      0.09414595      1.79845621      0.00016640
    0.85414810      0.00554424      1.77544049      0.00016640
    0.83586504      0.00593855      1.74172022      0.00017917
    0.76546663      0.06231467      1.72796971      0.00016466
    0.84669797      0.04634103      1.79847244      0.00016640
    0.80619890      0.00569274      1.71726971      0.00017139
    0.76525445      0.08679511      1.75768000      0.00015808
    0.82216987      0.07608703      1.79836641      0.00016976
    0.76520280      0.02857533      1.70974215      0.00015593
    0.82557988      0.05581661      1.76441796      0.00017759
    0.82991444      0.04629576      1.75984447      0.00018198
    0.82568433      0.04173951      1.75000979      0.00017421
    0.81690417      0.04676801      1.74470118      0.00017770
    0.81210346      0.05650043      1.74903176      0.00016988
    0.80241816      0.06034707      1.74462338      0.00017091
    0.79742235      0.05483809      1.73611860      0.00016319
    0.84961603      0.02615009      1.77911772      0.00014251
    0.78182035      0.06626141      1.73790151      0.00016116
    0.78700536      0.05791464      1.73283656      0.00016398
    0.81049800      0.02345604      1.72578549      0.00017004
    0.78162163      0.05158164      1.72571412      0.00015823
    0.81654906      0.06099277      1.75891387      0.00017474
    0.78151768      0.07822993      1.75232718      0.00015802
    0.81161266      0.06896890      1.76425258      0.00016216
    0.77089631      0.05371469      1.72325855      0.00016119
    0.81317350      0.08085999      1.79254433      0.00017497
    0.83765293      0.03991981      1.76607955      0.00017575
    0.76542968      0.04624537      1.71720698      0.00016335
    0.80584898      0.08685483      1.79817791      0.00017546
    0.84039256      0.05394253      1.79262780      0.00017134
    0.77079476      0.08073186      1.75024098      0.00015781
    0.82814144      0.06872899      1.79252178      0.00016811
    0.77100694      0.06852839      1.73549023      0.00016476
    0.78500818      0.02517864      1.71402084      0.00013727
    0.84714309      0.03567175      1.78289054      0.00015096
    0.78869010      0.00516356      1.70976861      0.00015475
    0.85420838      0.02878431      1.79893360      0.00015192
    0.76499431      0.09421618      1.77518481      0.00014974
    0.77063248      0.03704256      1.71415360      0.00015294
    0.83577645      0.06244685      1.79815537      0.00017623
    0.76554031      0.07601861      1.74171563      0.00016696
    0.80200636      0.07254141      1.75940005      0.00016101
    0.79662971      0.08979630      1.79263413      0.00015273
    0.84093245      0.02950730      1.76247901      0.00017380
    0.76469228      0.09811734      1.79280471      0.00013985
    0.77119529      0.09811734      1.79930772      0.00013985
    0.85812177      0.00468808      1.79280891      0.00013971
    0.85812177      0.01119109      1.79931192      0.00013971
    0.76467561      0.01117862      1.70585106      0.00013923
    0.77117862      0.00467561      1.70585106      0.00013923
    0.79725746      0.06841192      1.74965296      0.00015161
    0.78652940      0.04205507      1.72199096      0.00016167
    0.79711087      0.01085631      1.71424280      0.00015273
    0.77024876      0.08980681      1.76664294      0.00014326
    0.84970187      0.03734721      1.79340603      0.00015005
    0.79676758      0.03880558      1.72505422      0.00016636
    0.78100688      0.03498532      1.71648202      0.00014794
    0.78450848      0.08986331      1.77809132      0.00013223
    0.79649966      0.07912529      1.76534652      0.00016652
    0.78619181      0.08197603      1.76171350      0.00016414
    0.78046320      0.08748966      1.76859023      0.00014489
    0.76987841      0.02049483      1.70841537      0.00010801
    0.85544771      0.01023232      1.78350852      0.00011065
    0.78049503      0.09544114      1.79376393      0.00011059
    0.78060960      0.00983918      1.70844183      0.00011026
    0.85550799      0.02071628      1.79424552      0.00011147
    0.76968659      0.09551136      1.78324864      0.00011150
    0.77930939      0.01915538      1.71036565      0.00010470
    0.85347442      0.01975751      1.78494513      0.00010557
    0.77898633      0.09347565      1.78420786      0.00010637
    0.76656318     -0.06218809      1.72830287      0.00019831
    0.79014792     -0.07092348      1.74790571      0.00019036
    0.81897146     -0.02894418      1.73481762      0.00018708
    0.82697739     -0.02333389      1.73946041      0.00018014
    0.83197500     -0.02892904      1.74834637      0.00017142
    0.83856101     -0.02290891      1.75379405      0.00017758
    0.78895258     -0.04147787      1.72284772      0.00019747
    0.78474984     -0.06585727      1.73902723      0.00017900
    0.78406280     -0.07807456      1.75380922      0.00018237
    0.77257484     -0.06834558      1.73597948      0.00018644
    0.77258746     -0.05369695      1.72384843      0.00018165
    0.84225391     -0.02810376      1.76367389      0.00015929
    0.84748178     -0.02219006      1.76990462      0.00014119
    0.81258789     -0.02251861      1.72678267      0.00016568
    0.78492629     -0.05136383      1.72702360      0.00017931
    0.78101646     -0.03626953      1.71697499      0.00013758
    0.76608988     -0.08674463      1.75810591      0.00018363
    0.77210154     -0.08062514      1.75082298      0.00018330
    0.80274289     -0.02686857      1.72261282      0.00019005
    0.78204757     -0.02824583      1.71406336      0.00011177
    0.79107701     -0.05736665      1.73452578      0.00017596
    0.83127445     -0.05778754      1.77690144      0.00015455
    0.78184607     -0.08748119      1.76967965      0.00014869
    0.78850212     -0.09426267      1.79879821      0.00015599
    0.83607451     -0.00562120      1.74182008      0.00016943
    0.76602428     -0.04635421      1.71746370      0.00018153
    0.82231504     -0.07603588      1.79853166      0.00016468
    0.84679822     -0.04631751      1.79873690      0.00015832
    0.80664584     -0.00542418      1.71742179      0.00016320
    0.76601166     -0.07596238      1.74187172      0.00018140
    0.85414877     -0.00554439      1.77544028      0.00016640
    0.80657088     -0.04416677      1.73420862      0.00017561
    0.81598634     -0.03983063      1.73871749      0.00017958
    0.82901468     -0.04011904      1.75267434      0.00015235
    0.82103195     -0.04541034      1.74768824      0.00016548
    0.81654048     -0.05492322      1.75182673      0.00016374
    0.82040411     -0.05932544      1.76151819      0.00016515
    0.80564810     -0.07171999      1.76177737      0.00016415
    0.81499981     -0.06770653      1.76648418      0.00016063
    0.82628138     -0.06609891      1.78215801      0.00016164
    0.81796279     -0.07109390      1.77690897      0.00016366
    0.81157792     -0.07822150      1.78226573      0.00016055
    0.78454883     -0.01144700      1.70995942      0.00014006
    0.77145810     -0.02453595      1.70995765      0.00013959
    0.83824805     -0.05167832      1.78246429      0.00015783
    0.77733724     -0.01083423      1.70789395      0.00010105
    0.77083423     -0.01733724      1.70789395      0.00010105
    0.80139909     -0.06760962      1.75205162      0.00017053
    0.80688717     -0.05919393      1.74706696      0.00017720
    0.80196317     -0.05401719      1.73841961      0.00016739
    0.81367292     -0.08074487      1.79306246      0.00016261
    0.84084459     -0.01145081      1.75080637      0.00017503
    0.79971100     -0.03763028      1.72613891      0.00019782
    0.78499918     -0.09002204      1.77909683      0.00014063
    0.78880704     -0.08185990      1.76352812      0.00016126
    0.83247926     -0.04470792      1.76198105      0.00016268
    0.80620323     -0.08679085      1.79853080      0.00016462
    0.84685194     -0.00582961      1.75814094      0.00017566
    0.81432420     -0.01128711      1.72380048      0.00016377
    0.82879333     -0.01148414      1.73592180      0.00016499
    0.84074484     -0.05375870      1.79318920      0.00015799
    0.82853863     -0.06851753      1.79298397      0.00016507
    0.80210801     -0.08193334      1.77741393      0.00016116
    0.78863529     -0.02165989      1.71406513      0.00010969
    0.82252370     -0.00586294      1.72829683      0.00017681
    0.85421893     -0.02881336      1.79900353      0.00014979
    0.83602848     -0.06228653      1.79845231      0.00016711
    0.79692721     -0.08984904      1.79332900      0.00015447
    0.84979623     -0.01137400      1.76735935      0.00015310
    0.77109018     -0.08981533      1.76724368      0.00015127
    0.79492699     -0.08751489      1.78300886      0.00014642
    0.85812208     -0.00468809      1.79280890      0.00013971
    0.85812208     -0.01119110      1.79931191      0.00013971
    0.82836016     -0.05440144      1.76668641      0.00015239
    0.79695063     -0.02002868      1.71693486      0.00013422
    0.77061287     -0.09834209      1.79982533      0.00012406
    0.76500030     -0.09427518      1.77535964      0.00014988
    0.84981267     -0.03735274      1.79374042      0.00014337
    0.76440271     -0.03023667      1.71009796      0.00013204
    0.79024956     -0.00439161      1.71009974      0.00013171
    0.76410986     -0.09834209      1.79332232      0.00012215
    0.79914117     -0.07881920      1.76735037      0.00016201
    0.84987158     -0.02591469      1.77949209      0.00013223
    0.83913248     -0.03871278      1.76753292      0.00016541
    0.84198698     -0.04229708      1.77780114      0.00016377
    0.76377884     -0.01028185      1.70549692      0.00011202
    0.77028185     -0.00377884      1.70549692      0.00011202
    0.84749822     -0.03541269      1.78352958      0.00014463
    0.77985586     -0.09578260      1.79462354      0.00011374
    0.85544869     -0.01023248      1.78350831      0.00011065
    0.77042699     -0.03881275      1.71476614      0.00010747
    0.79911727     -0.00981578      1.71472600      0.00010795
    0.85551885     -0.02074533      1.79431544      0.00011150
    0.77835315     -0.09387611      1.78524230      0.00012323
    0.85348596     -0.01978671      1.78501485      0.00010650
    0.76911016     -0.09579512      1.78394108      0.00011176
   -0.28302327      0.08055573      1.86279160      0.00020248
    0.71098652      0.04017481      1.89498202      0.00020424
    0.66996459      0.00658532      1.90308363      0.00019946
   -0.27574082      0.08446059      1.85704200      0.00014820
    0.65961948      0.01276116      1.90218383      0.00020268
   -0.18697921      0.08835860      1.84881044      0.00020070
   -0.19352561      0.09152447      1.84157377      0.00019316
    0.64965489      0.00617584      1.90310020      0.00018723
    0.70059692      0.04753801      1.89145878      0.00021703
    0.61816424      0.04561067      1.89187327      0.00018309
    0.60856450      0.03968659      1.89440350      0.00017388
   -0.25194374      0.08793112      1.85082401      0.00015092
   -0.28960761      0.09217577      1.84161794      0.00020098
   -0.24550411      0.09081453      1.84459521      0.00017839
   -0.10715410      0.08726490      1.84931708      0.00019217
    0.65795407      0.05825976      1.88478741      0.00019597
   -0.11350286      0.09047508      1.84190235      0.00019827
   -0.23328074      0.08862917      1.84913372      0.00017072
   -0.22589223      0.09107689      1.84348921      0.00017534
    0.72079575      0.04307705      1.89378213      0.00015405
   -0.15468054      0.08843716      1.84795254      0.00015921
   -0.06719302      0.08697594      1.84892292      0.00019222
   -0.14677784      0.09071360      1.84235521      0.00020138
    0.56975196      0.03999534      1.89379845      0.00018650
   -0.21342020      0.08897682      1.84813963      0.00018807
   -0.20632177      0.09168024      1.84151861      0.00017447
   -0.07372881      0.09007026      1.84177313      0.00020110
    0.62842911      0.06204414      1.88171116      0.00018336
   -0.29800905      0.08956420      1.84739574      0.00019279
   -0.31383599      0.02977666      1.89908565      0.00018129
    0.54965660      0.06136729      1.88140975      0.00019200
   -0.17376344      0.08796632      1.84930531      0.00019811
    0.69000056      0.03113785      1.89813882      0.00021141
    0.72766939      0.09064810      1.84545921      0.00016986
    0.67986704      0.02575771      1.89951725      0.00021656
    0.58935895      0.06186971      1.88148340      0.00018979
   -0.16692571      0.09073223      1.84287268      0.00018269
    0.02250231      0.09267232      1.83203849      0.00018699
    0.01642502      0.09488587      1.82460814      0.00019045
    0.67995201      0.01255832      1.90233594      0.00019062
   -0.00289760      0.09333425      1.83050522      0.00016206
    0.00421070      0.09503155      1.82424079      0.00016309
    0.51006264      0.03028521      1.89667304      0.00018918
    0.64785384      0.04226135      1.89374426      0.00019361
    0.49002134      0.00608411      1.90267554      0.00018680
    0.63921378      0.01198302      1.90220998      0.00018501
    0.05584705      0.09308252      1.83017821      0.00019000
    0.06390039      0.09489935      1.82380211      0.00016613
   -0.12577025      0.09083385      1.84126176      0.00017401
    0.08251113      0.09250023      1.83159474      0.00018404
    0.52006938      0.02397944      1.89858063      0.00018936
    0.07638447      0.09474713      1.82424957      0.00018750
   -0.13366170      0.08836854      1.84763138      0.00019683
    0.68988184      0.04337558      1.89349380      0.00019345
    0.11586399      0.09298815      1.82975083      0.00018754
    0.12391228      0.09484003      1.82347086      0.00016256
   -0.09385768      0.08711033      1.84930580      0.00018797
   -0.30894146      0.02187146      1.90116405      0.00013747
    0.58544549      0.08841561      1.84788762      0.00015437
    0.59328771      0.09105185      1.84184630      0.00018571
    0.65824807      0.04865949      1.89078522      0.00017920
    0.17587660      0.09297958      1.82941190      0.00018544
    0.18391364      0.09484472      1.82321122      0.00015926
    0.59942398      0.02273858      1.89968420      0.00017038
   -0.29450029      0.08329940      1.85873138      0.00017491
   -0.08708055      0.09015448      1.84196305      0.00019785
    0.64860456      0.03086262      1.89792184      0.00021091
    0.48005349      0.01222836      1.90129420      0.00018757
    0.23587628      0.09303183      1.82919092      0.00018432
    0.24391496      0.09490411      1.82300496      0.00015718
    0.14250118      0.09242096      1.83125881      0.00018054
    0.57948781      0.04583525      1.89133304      0.00018216
    0.73605250      0.09299288      1.83954321      0.00017112
    0.44997352      0.02982929      1.89628675      0.00018815
    0.13637594      0.09468131      1.82398781      0.00018316
   -0.05395247      0.08707681      1.84841641      0.00018495
    0.33590501      0.09330950      1.82888786      0.00018240
    0.34394028      0.09512755      1.82275294      0.00015445
    0.53970434      0.05669281      1.88468169      0.00018289
    0.64780817      0.06255508      1.88149657      0.00018498
    0.63764160      0.05719352      1.88535739      0.00017247
    0.39592009      0.09358437      1.82880402      0.00018155
    0.40395357      0.09534500      1.82268402      0.00015335
    0.45434608      0.09397395      1.82860988      0.00017091
    0.46254130      0.09553368      1.82305282      0.00016215
    0.72825756      0.08580841      1.85489131      0.00017128
    0.43000185      0.00595642      1.90259433      0.00018360
   -0.04737019      0.09001617      1.84134218      0.00017341
    0.53985648      0.04584262      1.89082950      0.00019582
    0.20248269      0.09242708      1.83100905      0.00017694
   -0.29146364      0.06787817      1.87712920      0.00019586
   -0.29080023      0.05903179      1.88442784      0.00019134
    0.47003215      0.00614425      1.90261866      0.00018893
    0.19632051      0.09467519      1.82380541      0.00017830
   -0.30149905      0.07987907      1.86374122      0.00012976
    0.26271369      0.09256807      1.83066119      0.00017763
   -0.29071472      0.09580341      1.83089700      0.00018133
    0.52993388      0.04091571      1.89292657      0.00019193
    0.73078594      0.02658706      1.89990462      0.00016162
    0.57945518      0.05666671      1.88512846      0.00018275
    0.42001579      0.01197253      1.90114391      0.00018430
    0.55983727      0.04550517      1.89126469      0.00018656
    0.25633324      0.09475192      1.82357788      0.00017577
   -0.01529113      0.09465547      1.82621925      0.00016807
    0.59895517      0.05652061      1.88538886      0.00018857
    0.30263448      0.09263218      1.83066997      0.00017315
    0.46003443      0.02404503      1.89810336      0.00018546
    0.38991655      0.02934010      1.89604645      0.00018552
    0.29629378      0.09477781      1.82364814      0.00017455
    0.55971438      0.05637030      1.88509417      0.00018822
    0.36252736      0.09290056      1.83045616      0.00017440
    0.03484401      0.09254532      1.83215388      0.00016251
    0.41001394      0.00601611      1.90254957      0.00018565
    0.35635979      0.09500141      1.82333192      0.00017269
    0.42254206      0.09323654      1.83039435      0.00017371
    0.36998637      0.00586520      1.90254249      0.00018131
    0.50005493      0.02432530      1.89831391      0.00019063
    0.04277753      0.09448394      1.82564096      0.00018482
    0.48810820      0.09066776      1.83978441      0.00014183
    0.62789734      0.04035235      1.89431870      0.00018011
   -0.02215931      0.09284655      1.83257757      0.00014314
    0.46005027      0.01209100      1.90124868      0.00018637
    0.49366460      0.08803345      1.84646256      0.00015978
    0.41637388      0.09524147      1.82327062      0.00017143
    0.53297736      0.08827851      1.84688238      0.00017517
    0.72392767      0.05168144      1.88942652      0.00014465
    0.67245117      0.08969165      1.84705283      0.00016659
    0.57304058      0.08855847      1.84730234      0.00017992
    0.53005220      0.02923981      1.89721554      0.00018076
    0.63295197      0.08933877      1.84705097      0.00017545
    0.50004602      0.01215382      1.90140059      0.00018653
    0.35997667      0.01181300      1.90104449      0.00018254
    0.09485331      0.09237618      1.83178663      0.00015995
    0.56649596      0.09133519      1.84024256      0.00018027
    0.52643299      0.09094590      1.84003578      0.00017771
    0.60891969      0.02849256      1.89829543      0.00016597
    0.66607675      0.09239700      1.84027651      0.00017304
    0.62661666      0.09205698      1.84011257      0.00017753
    0.39998201      0.02362450      1.89787465      0.00018316
    0.32982589      0.02910730      1.89586495      0.00017862
    0.34999031      0.00594780      1.90250200      0.00018401
    0.59886457      0.04545060      1.89173455      0.00018040
    0.10278845      0.09435778      1.82535577      0.00018255
    0.73069968      0.03592527      1.89699578      0.00014456
    0.43999122      0.02383168      1.89802640      0.00018781
    0.40001982      0.01186672      1.90111737      0.00018339
    0.15483949      0.09229770      1.83152582      0.00015724
    0.44001997      0.01190317      1.90122435      0.00018379
    0.16277575      0.09430300      1.82516301      0.00018071
    0.31976019      0.02350235      1.89763164      0.00017835
    0.21481172      0.09229348      1.83137697      0.00015370
    0.33989986      0.02350085      1.89768199      0.00017929
    0.30987346      0.00601395      1.90245609      0.00018627
   -0.28082037      0.07271838      1.87225852      0.00020295
    0.48156599      0.09551734      1.82365141      0.00014619
    0.25998956      0.02255695      1.89782021      0.00017823
    0.33996070      0.01188194      1.90099260      0.00018440
    0.27971141      0.04472670      1.88927846      0.00017705
    0.37994072      0.02344753      1.89783165      0.00018514
    0.22271132      0.09429553      1.82508232      0.00018077
    0.27615598      0.09259046      1.83065746      0.00017531
    0.61844768      0.05660900      1.88551561      0.00019373
    0.31485627      0.09253281      1.83106439      0.00015219
    0.37999225      0.01171581      1.90111029      0.00018153
    0.47337196      0.09424349      1.82819216      0.00013718
    0.31984385      0.01194809      1.90094669      0.00018764
    0.28295707      0.09475424      1.82367829      0.00017504
    0.29977626      0.02320881      1.89767639      0.00017427
    0.37484971      0.09279754      1.83095335      0.00015168
    0.21989113      0.02248255      1.89782918      0.00017558
    0.26994765      0.02824451      1.89601004      0.00017734
    0.70006610      0.02369286      1.90029509      0.00018909
    0.15955783      0.04409955      1.88959565      0.00017616
    0.24995514      0.02810752      1.89603653      0.00017672
    0.32273407      0.09448931      1.82482349      0.00017931
    0.09949750      0.04410029      1.88985876      0.00017490
    0.28985371      0.02851694      1.89595180      0.00017855
    0.43486118      0.09315613      1.83092622      0.00015115
    0.20980834      0.02819220      1.89599263      0.00017869
    0.71033698      0.02856739      1.89917331      0.00018012
    0.50649632      0.08799935      1.84685697      0.00016747
    0.54630580      0.08841962      1.84692487      0.00017523
    0.26982535      0.03923774      1.89176631      0.00017497
    0.22988316      0.02804228      1.89604927      0.00017661
    0.60648054      0.08958410      1.84586925      0.00018334
    0.38274605      0.09469612      1.82474552      0.00017861
    0.23971834      0.04447777      1.88931608      0.00018067
    0.64626894      0.08945615      1.84706018      0.00017582
    0.68497904      0.08989604      1.84679372      0.00015755
    0.44218348      0.09507508      1.82435107      0.00017535
    0.10948652      0.03891744      1.89211942      0.00017237
    0.11972638      0.02243901      1.89795436      0.00018039
    0.16962383      0.03883228      1.89194240      0.00017612
    0.18999266      0.00575584      1.90250779      0.00017838
    0.63837683      0.02366816      1.89982766      0.00017981
    0.47002803      0.03034216      1.89628845      0.00018730
   -0.27966760      0.02251234      1.90075629      0.00016622
    0.51317444      0.09077568      1.84010571      0.00017649
    0.14950166      0.03882142      1.89200796      0.00017531
    0.22975546      0.03906139      1.89177709      0.00018118
    0.50995453      0.04172091      1.89242064      0.00017894
    0.13978094      0.02239439      1.89792699      0.00017707
    0.12959825      0.02808122      1.89615334      0.00017758
    0.51984294      0.04709104      1.89003925      0.00018058
    0.55308553      0.09122161      1.84011015      0.00017855
    0.61436638      0.09206735      1.83964775      0.00015659
   -0.00017896      0.02246461      1.89845029      0.00017446
    0.05970547      0.02240579      1.89816592      0.00017391
    0.19987403      0.02273574      1.89775008      0.00017790
    0.07961249      0.02241535      1.89808386      0.00017586
    0.65300876      0.09228646      1.84022292      0.00017760
    0.29984028      0.01173246      1.90098518      0.00017927
    0.24985217      0.03910167      1.89178417      0.00017806
    0.40993938      0.02971310      1.89604805      0.00018319
    0.06953968      0.02798778      1.89641468      0.00017362
    0.18964585      0.03905983      1.89181813      0.00017362
    0.34986778      0.02928272      1.89587861      0.00018001
    0.17960240      0.04421672      1.88948925      0.00017571
    0.35991499      0.02352902      1.89773171      0.00018265
   -0.29020256      0.02732366      1.89967423      0.00017759
    0.28975870      0.03956786      1.89166954      0.00017692
    0.08943766      0.03881628      1.89226969      0.00017465
    0.00974659      0.02801213      1.89675790      0.00017399
    0.17993484      0.01135182      1.90106445      0.00017724
   -0.01027990      0.02807395      1.89688389      0.00017436
    0.14965968      0.02794502      1.89615261      0.00017868
   -0.26992938      0.02822857      1.89928828      0.00016973
    0.23994901      0.02246451      1.89784062      0.00017539
    0.19997720      0.01138863      1.90104786      0.00017625
    0.08953986      0.02797265      1.89633127      0.00017751
    0.03979349      0.02238918      1.89825997      0.00017234
   -0.02019308      0.02250364      1.89856341      0.00017425
   -0.08038401      0.04416790      1.89148850      0.00017416
   -0.21011831      0.02826352      1.89878572      0.00017377
    0.10957946      0.02800447      1.89624237      0.00017553
   -0.09030537      0.03884229      1.89386684      0.00017323
    0.36987316      0.02931293      1.89595107      0.00018449
    0.30972579      0.02904455      1.89583225      0.00017283
   -0.21020563      0.03918038      1.89507876      0.00017445
    0.02973574      0.02794973      1.89664738      0.00017414
    0.46989392      0.04156806      1.89206258      0.00017514
    0.62813019      0.02891919      1.89836151      0.00017188
   -0.22010886      0.02269975      1.90026355      0.00017399
   -0.22004865      0.01138594      1.90244172      0.00017259
   -0.20953043      0.09513825      1.83113522      0.00014197
   -0.05026835      0.02802103      1.89722980      0.00017438
    0.18978122      0.02828640      1.89598114      0.00017382
    0.04966021      0.02795401      1.89653155      0.00017236
    0.40980748      0.04083004      1.89181383      0.00017464
   -0.25999652      0.02273483      1.90057672      0.00017213
    0.47980488      0.04714043      1.88958815      0.00017230
   -0.03026569      0.02806792      1.89704334      0.00017438
    0.01983250      0.02242310      1.89834786      0.00017439
   -0.25938745      0.09624218      1.82763853      0.00020361
   -0.25997782      0.01141994      1.90264298      0.00017141
   -0.26001128      0.09864971      1.81538071      0.00017194
   -0.26929980      0.09500750      1.83297069      0.00019847
   -0.26930603      0.09162173      1.84321180      0.00015263
   -0.06018877      0.02241880      1.89887659      0.00017438
   -0.07035831      0.03886558      1.89363191      0.00017290
   -0.10035518      0.04423844      1.89169040      0.00017452
    0.70853420      0.07271181      1.87240371      0.00015522
   -0.27004785      0.05907090      1.88442234      0.00017128
   -0.23002833      0.00569882      1.90324774      0.00017245
   -0.27991728      0.09682925      1.82624194      0.00016797
    0.41997904      0.02391174      1.89788510      0.00018649
   -0.21937098      0.09626951      1.82668647      0.00016804
   -0.04017461      0.02244415      1.89871919      0.00017451
    0.58000077      0.09804772      1.81507244      0.00016863
    0.69911689      0.07612214      1.86856609      0.00016674
    0.27992872      0.02268255      1.89780445      0.00017654
    0.68926596      0.07214800      1.87301430      0.00016681
   -0.28975692      0.00559866      1.90340175      0.00016892
   -0.27972462      0.01130488      1.90274730      0.00016515
   -0.27999590      0.05437733      1.88762092      0.00017077
   -0.22863435      0.09491156      1.83241943      0.00016889
   -0.23916658      0.09636947      1.82689156      0.00017997
   -0.28999365      0.09941422      1.80952907      0.00016680
   -0.27999981      0.09876716      1.81519239      0.00016859
   -0.26009031      0.04443812      1.89313247      0.00017116
    0.72999361      0.00552951      1.90341415      0.00016681
   -0.26008835      0.05436606      1.88761949      0.00016865
    0.72023248      0.02213143      1.90088227      0.00016118
    0.69996799      0.01172740      1.90258989      0.00017699
    0.67937469      0.09651203      1.82627327      0.00016864
    0.67919590      0.07576123      1.86897205      0.00016746
    0.73694372      0.08191468      1.86078268      0.00017115
    0.70805794      0.08603693      1.85441730      0.00017489
   -0.24019283      0.07946785      1.86426251      0.00016744
    0.58000536      0.09558397      1.82634452      0.00017775
   -0.23990003      0.09853855      1.81544396      0.00017592
    0.71997418      0.01128391      1.90275173      0.00017062
    0.70988850      0.09925746      1.81021272      0.00018771
    0.66893905      0.07184496      1.87324909      0.00017482
    0.67970924      0.09860755      1.81503347      0.00015915
    0.17982657      0.02253527      1.89783558      0.00017484
   -0.24996322      0.06788527      1.87719646      0.00016597
    0.57000077      0.09902754      1.80938269      0.00016409
    0.69958850      0.09857666      1.81578386      0.00018367
   -0.24010382      0.07208498      1.87303439      0.00016165
   -0.06041186      0.04422130      1.89123650      0.00017300
   -0.25007046      0.02833666      1.89911599      0.00017243
   -0.25000512      0.09929677      1.80971739      0.00017281
   -0.25001012      0.00571373      1.90329743      0.00017270
   -0.25011780      0.03920066      1.89539929      0.00017215
   -0.26996770      0.00570622      1.90334555      0.00017231
   -0.27000617      0.09935294      1.80966331      0.00017100
    0.23956338      0.05470496      1.88353160      0.00017520
    0.70957046      0.06331956      1.88092857      0.00019402
    0.41971609      0.04635377      1.88935364      0.00017387
   -0.00006775      0.01126762      1.90138470      0.00017408
   -0.20005754      0.09643173      1.82559790      0.00013765
   -0.03051982      0.08239753      1.85667329      0.00018880
   -0.20005809      0.02265764      1.90009623      0.00017264
   -0.24864784      0.09472015      1.83342283      0.00019583
   -0.23083819      0.08290745      1.85927813      0.00016581
    0.54002315      0.02286640      1.89909574      0.00017248
   -0.22989491      0.09924179      1.80972656      0.00017330
   -0.20002031      0.01139506      1.90232632      0.00017329
   -0.20000318      0.09832120      1.81542258      0.00017327
   -0.21002031      0.00568713      1.90319398      0.00017232
   -0.19007335      0.02822203      1.89860180      0.00017174
    0.68938519      0.06384055      1.88069249      0.00017553
   -0.15007981      0.02815660      1.89819795      0.00017137
   -0.05038408      0.03892704      1.89338844      0.00017331
   -0.15154397      0.08283921      1.85832389      0.00015351
   -0.21989809      0.09843065      1.81544121      0.00017042
    0.18926788      0.08188995      1.85492410      0.00016981
    0.29955748      0.05518215      1.88339707      0.00017349
    0.12923412      0.08182872      1.85537167      0.00016895
    0.16971263      0.02792426      1.89612572      0.00017565
   -0.18001881      0.09591027      1.82660935      0.00017451
    0.40923011      0.08823617      1.84388609      0.00017618
    0.34922021      0.08779241      1.84395578      0.00017613
    0.18918709      0.08712797      1.84467468      0.00017625
    0.35955090      0.05577146      1.88338651      0.00017329
    0.17953301      0.05436293      1.88378466      0.00017505
    0.12914423      0.08708252      1.84514119      0.00017538
    0.65891387      0.07546278      1.86919304      0.00017034
    0.06923114      0.08188273      1.85593634      0.00016949
    0.46885041      0.08891122      1.84369190      0.00018019
    0.70998057      0.00575440      1.90333758      0.00017377
    0.06913264      0.08715501      1.84570910      0.00017507
    0.41957230      0.05635998      1.88353845      0.00017436
    0.66879282      0.06346511      1.88093443      0.00018043
    0.18950183      0.05921438      1.88044234      0.00017501
   -0.18003557      0.02265850      1.89990773      0.00017170
    0.00923093      0.08204889      1.85658953      0.00016983
    0.24919804      0.08729482      1.84429821      0.00017591
    0.68970000      0.09931919      1.80957114      0.00016838
    0.28951475      0.05983523      1.88010451      0.00017416
    0.19930780      0.07888849      1.85977594      0.00016681
    0.00912608      0.08734071      1.84637599      0.00017470
    0.13927727      0.07878793      1.86019210      0.00016694
   -0.17006758      0.02819956      1.89839846      0.00017196
    0.13944191      0.04417029      1.88963972      0.00017274
    0.34950542      0.06038908      1.88005310      0.00017325
    0.33966715      0.04551736      1.88915288      0.00017611
    0.07927687      0.07880374      1.86072672      0.00016766
    0.54993163      0.03965198      1.89372808      0.00018334
   -0.14004780      0.02258782      1.89954116      0.00017152
   -0.19006442      0.09492596      1.83118367      0.00015663
    0.16802646      0.08696295      1.84520999      0.00016994
    0.67916890      0.05907393      1.88433558      0.00018352
    0.39971016      0.04601946      1.88932899      0.00017785
    0.27958207      0.05491242      1.88348215      0.00017513
    0.10801730      0.08698502      1.84564551      0.00017115
    0.20928268      0.08185868      1.85496116      0.00016778
   -0.16003242      0.02263784      1.89971908      0.00017203
    0.40952137      0.06095072      1.88015889      0.00017577
    0.14907434      0.08173049      1.85541570      0.00016358
    0.28932162      0.08732130      1.84442019      0.00017771
    0.01927819      0.07892997      1.86135012      0.00016836
   -0.18000875      0.09822718      1.81530893      0.00017148
    0.33954886      0.05557031      1.88337312      0.00017323
    0.54997997      0.02835165      1.89770534      0.00017519
    0.47961124      0.05707356      1.88373535      0.00017513
    0.04800762      0.08712196      1.84618767      0.00017242
    0.08906998      0.08176308      1.85591244      0.00016427
    0.32822561      0.08748143      1.84453038      0.00016172
    0.39956784      0.05613393      1.88348924      0.00017490
    0.17814828      0.08928884      1.83959715      0.00019351
    0.26953202      0.05960538      1.88018759      0.00017695
   -0.21000318      0.09918886      1.80971465      0.00017316
    0.38823614      0.08788455      1.84445068      0.00016124
    0.21932816      0.07896705      1.85963251      0.00016771
    0.02906774      0.08190941      1.85651002      0.00016501
    0.15950160      0.05426342      1.88390432      0.00017613
    0.24927087      0.08209324      1.85456697      0.00017002
    0.65926898      0.08238008      1.85995779      0.00017647
    0.15915165      0.07879525      1.86006260      0.00016640
    0.11813317      0.08928052      1.84003878      0.00019424
   -0.17000875      0.09909484      1.80960099      0.00017021
    0.26928307      0.08207017      1.85471315      0.00016689
    0.28928519      0.08217415      1.85464535      0.00016582
    0.32950604      0.06020088      1.88005267      0.00017322
   -0.14000041      0.01137000      1.90198646      0.00017322
    0.69838559      0.08299585      1.85926233      0.00017486
    0.09914991      0.07878413      1.86054244      0.00016714
    0.63994709      0.09622230      1.82601659      0.00017828
    0.05811830      0.08937953      1.84058619      0.00019507
    0.13946738      0.05423686      1.88400521      0.00017502
    0.64862175      0.07137825      1.87358754      0.00017552
   -0.12005804      0.02252976      1.89936706      0.00017159
   -0.16001596      0.09813196      1.81520645      0.00017046
    0.46953468      0.06164556      1.88030402      0.00017634
    0.19953868      0.05450024      1.88366541      0.00017416
   -0.10003996      0.01126417      1.90179649      0.00017176
    0.38950604      0.06080285      1.88008560      0.00017322
   -0.13009329      0.02810137      1.89800156      0.00017156
    0.03915005      0.07887766      1.86113575      0.00016808
    0.60000741      0.09815239      1.81509466      0.00016891
    0.60102126      0.09595670      1.82581605      0.00016140
    0.64001630      0.09842836      1.81483039      0.00016418
    0.45959627      0.05678351      1.88369098      0.00017627
   -0.18000000      0.01140699      1.90220817      0.00017321
    0.30928936      0.08230620      1.85456183      0.00016723
   -0.13902550      0.09564524      1.82615203      0.00016801
    0.44824314      0.08839741      1.84445625      0.00016088
    0.63888035      0.07513900      1.86937973      0.00017667
   -0.12001561      0.09792945      1.81512173      0.00016975
    0.56000022      0.01135095      1.90188113      0.00017322
   -0.00089507      0.08965450      1.84101663      0.00017321
    0.32930034      0.08252907      1.85433117      0.00016941
   -0.08001392      0.09774764      1.81504791      0.00016919
    0.44951726      0.06143436      1.88023482      0.00017524
   -0.17000000      0.00569906      1.90307584      0.00017321
    0.50029484      0.09776375      1.81460007      0.00015742
    0.50029711      0.09501620      1.82580966      0.00017817
    0.33818601      0.08979077      1.83893276      0.00019176
   -0.03928677      0.09738565      1.81582008      0.00019498
   -0.16000041      0.01138885      1.90209601      0.00017320
   -0.11001214      0.00564620      1.90292021      0.00017246
    0.39820012      0.09017098      1.83884375      0.00019150
   -0.15000041      0.00568979      1.90302018      0.00017321
   -0.08006580      0.01122369      1.90170868      0.00017157
   -0.10009025      0.09509226      1.82671835      0.00018948
    0.61000741      0.09913221      1.80940491      0.00016422
    0.65000836      0.09924866      1.80937831      0.00016292
   -0.13000889      0.09899311      1.80955100      0.00016925
    0.57000022      0.00568034      1.90296626      0.00017321
    0.34927870      0.08268688      1.85427255      0.00016978
   -0.09000819      0.09889967      1.80951146      0.00016861
    0.54001565      0.01153632      1.90173578      0.00017595
    0.59101844      0.09436074      1.83168322      0.00019055
    0.45719710      0.09058924      1.83903546      0.00016354
    0.07944369      0.05416641      1.88442401      0.00017432
    0.51004334      0.09889947      1.80930998      0.00016268
    0.52004033      0.01193542      1.90154595      0.00018255
   -0.04990901      0.09879285      1.80958765      0.00017150
   -0.09002782      0.00561797      1.90287628      0.00017188
   -0.12001214      0.01132641      1.90188649      0.00017252
   -0.02006933      0.01127034      1.90145079      0.00017280
   -0.05997167      0.09481286      1.82657034      0.00018601
    0.02997470      0.00560797      1.90265555      0.00017301
    0.05986405      0.01123299      1.90123879      0.00017317
   -0.03002439      0.00562668      1.90274512      0.00017295
    0.12999999      0.00559420      1.90257231      0.00017321
    0.03991306      0.01123859      1.90128143      0.00017250
    0.26000381      0.01127648      1.90108553      0.00017518
    0.06992569      0.00560237      1.90261291      0.00017315
    0.04910320      0.08193066      1.85614005      0.00017493
    0.24999282      0.00563453      1.90254168      0.00017461
    0.11992532      0.01117785      1.90115898      0.00017494
    0.10910601      0.08183342      1.85554994      0.00017432
   -0.14001610      0.09803022      1.81515646      0.00016990
    0.20998454      0.00563279      1.90254008      0.00017457
    0.21996416      0.01127025      1.90107885      0.00017451
   -0.10001491      0.09783601      1.81508218      0.00016934
    0.16911122      0.08184634      1.85507795      0.00017406
   -0.05991475      0.09764083      1.81512411      0.00017304
    0.23997244      0.01127199      1.90108045      0.00017500
    0.22929137      0.08201961      1.85465600      0.00017018
    0.67000924      0.09928836      1.80946233      0.00016525
    0.66001760      0.09853702      1.81484065      0.00016411
   -0.19000000      0.09913234      1.80970793      0.00017321
    0.59000000      0.09902018      1.80968975      0.00017321
    0.26988375      0.09854296      1.80964483      0.00017490
   -0.11000672      0.09893634      1.80957073      0.00017014
    0.49025150      0.09886428      1.80929009      0.00016232
    0.02995134      0.09861818      1.80975310      0.00017750
    0.20987969      0.09852000      1.80970466      0.00017681
    0.14993627      0.09853740      1.80968894      0.00017622
    0.08995280      0.09856896      1.80970153      0.00017635
    0.57991276      0.01135322      1.90198908      0.00017068
   -0.02937775      0.09859280      1.81023243      0.00019168
    0.42989487      0.09869157      1.80957204      0.00017171
    0.36989107      0.09861732      1.80958384      0.00017257
    0.30988713      0.09856653      1.80961468      0.00017384
    0.53001565      0.00586571      1.90282091      0.00017949
    0.57977912      0.02281433      1.89946045      0.00017709
    0.58991254      0.00567289      1.90302282      0.00017269
    0.51002468      0.00606971      1.90272504      0.00018607
   -0.15000721      0.09903712      1.80960546      0.00017063
    0.63000794      0.09917970      1.80945208      0.00016540
   -0.07000573      0.09884797      1.80953646      0.00016965
    0.53000490      0.09892199      1.80940974      0.00016548
    0.52004824      0.09782146      1.81471971      0.00016313
    0.61940588      0.08208724      1.85993640      0.00017547
    0.62885428      0.07116645      1.87364254      0.00016860
    0.60893853      0.06175493      1.88170015      0.00019769
    0.61923348      0.07511060      1.86925110      0.00017324
    0.16994217      0.00559598      1.90255666      0.00017337
    0.10992533      0.00558364      1.90258667      0.00017279
    0.60929916      0.07113422      1.87350428      0.00017095
    0.04993835      0.00563063      1.90262588      0.00017388
    0.59938785      0.07506026      1.86907863      0.00017628
    0.58943100      0.07103008      1.87336905      0.00017839
    0.56959644      0.06169193      1.88142336      0.00018673
   -0.01004494      0.00564366      1.90270567      0.00017371
    0.45001812      0.00594676      1.90263002      0.00018308
    0.55944089      0.08146786      1.85990894      0.00017655
    0.57939339      0.07481413      1.86911536      0.00017656
    0.56946259      0.07067898      1.87352460      0.00017332
    0.55942612      0.07449647      1.86923471      0.00017358
    0.62001535      0.09831191      1.81485699      0.00016483
    0.22997962      0.00563746      1.90253877      0.00017471
    0.27001099      0.00564195      1.90254386      0.00017480
    0.54950218      0.07050641      1.87344904      0.00017334
    0.32997039      0.00593414      1.90249060      0.00018369
    0.39000588      0.00585061      1.90256780      0.00018070
    0.53942748      0.07435528      1.86911968      0.00017397
    0.52957384      0.06202422      1.88076345      0.00017515
    0.51943588      0.08110800      1.85973613      0.00017551
    0.55000000      0.00567061      1.90291487      0.00017321
    0.52945139      0.07054758      1.87316216      0.00017088
    0.48953083      0.06193585      1.88034001      0.00017351
    0.51938779      0.07436397      1.86886377      0.00016578
   -0.07003798      0.00560572      1.90283240      0.00017178
    0.50943054      0.07053145      1.87293059      0.00016625
    0.49938296      0.07417701      1.86878074      0.00016707
    0.62955889      0.00580718      1.90310978      0.00017625
   -0.19000000      0.00570793      1.90313234      0.00017321
    0.48940929      0.07035736      1.87282927      0.00016678
    0.45931828      0.08085698      1.85903831      0.00017321
   -0.13000000      0.00568021      1.90296628      0.00017321
    0.47937290      0.07413616      1.86850635      0.00016954
    0.46941789      0.07028664      1.87258576      0.00017321
    0.45938144      0.07404840      1.86829016      0.00017321
    0.42950929      0.06124793      1.88015973      0.00017347
    0.44941922      0.07005817      1.87255227      0.00017321
    0.43956950      0.05661747      1.88358298      0.00017458
    0.68998742      0.00597300      1.90325231      0.00018059
    0.43938267      0.07382793      1.86826394      0.00017321
    0.42942050      0.06983459      1.87252323      0.00017321
    0.39931963      0.08024975      1.85900396      0.00017321
    0.41938384      0.07361358      1.86824328      0.00017321
    0.40942169      0.06961766      1.87250022      0.00017321
    0.39938492      0.07340694      1.86822967      0.00017321
    0.37968077      0.04591458      1.88922075      0.00017708
    0.36950718      0.06059125      1.88006372      0.00017321
    0.38942279      0.06940893      1.87248470      0.00017321
    0.38977660      0.04061812      1.89173500      0.00017824
    0.37955253      0.05598484      1.88341110      0.00017321
    0.37938590      0.07320945      1.86822442      0.00017321
    0.36942379      0.06920978      1.87247793      0.00017321
    0.33931923      0.07973288      1.85905032      0.00017321
    0.35938678      0.07302233      1.86822870      0.00017321
    0.34942468      0.06902142      1.87248107      0.00017321
    0.33938756      0.07284667      1.86824352      0.00017321
    0.31964467      0.04532526      1.88914168      0.00017611
    0.30950681      0.06002548      1.88006430      0.00017321
    0.32942547      0.06884490      1.87249510      0.00017321
    0.32971952      0.04008943      1.89160333      0.00017670
    0.31954946      0.05538375      1.88337078      0.00017321
    0.29930886      0.07936036      1.85931987      0.00016715
    0.31938825      0.07268337      1.86826976      0.00017321
    0.30942617      0.06868108      1.87252086      0.00017321
    0.29938886      0.07253320      1.86830817      0.00017321
    0.28942678      0.06853068      1.87255905      0.00017321
    0.27938940      0.07239676      1.86835934      0.00017321
    0.25930722      0.07913410      1.85945205      0.00016734
    0.26942731      0.06839426      1.87261025      0.00017321
    0.23931605      0.07912818      1.85936553      0.00017321
    0.24953321      0.05951077      1.88021729      0.00017550
    0.22820658      0.08707642      1.84484927      0.00016233
    0.25960029      0.05472624      1.88354173      0.00017619
    0.25938988      0.07227450      1.86842374      0.00017320
    0.23815844      0.08938657      1.83929005      0.00019246
    0.24942750      0.06827015      1.87267665      0.00017325
    0.23939003      0.07216468      1.86850351      0.00017329
    0.20950344      0.05935712      1.88032077      0.00017321
    0.22942795      0.06816277      1.87275498      0.00017324
    0.21939076      0.07207371      1.86859351      0.00017320
    0.16949821      0.05914235      1.88054649      0.00017490
    0.20942868      0.06807226      1.87284539      0.00017320
    0.17931383      0.07893421      1.85971454      0.00017321
    0.19939120      0.07199541      1.86869918      0.00017321
    0.18942912      0.06799441      1.87295149      0.00017321
    0.17939167      0.07193175      1.86881869      0.00017321
    0.14947090      0.05905185      1.88068212      0.00017590
    0.16942959      0.06793114      1.87307137      0.00017321
    0.15939218      0.07188252      1.86895187      0.00017321
    0.14943010      0.06788215      1.87320479      0.00017321
    0.11931177      0.07887513      1.86017369      0.00017300
    0.13939250      0.07185232      1.86909191      0.00017333
    0.12943074      0.06786153      1.87333681      0.00017325
    0.11939316      0.07184354      1.86923902      0.00017304
    0.08945697      0.05899113      1.88109388      0.00017470
    0.10943025      0.06784486      1.87349238      0.00017308
    0.09939277      0.07182715      1.86941954      0.00017301
    0.08943064      0.06781966      1.87367826      0.00017311
    0.05931239      0.07891596      1.86076581      0.00017320
    0.07939467      0.07181729      1.86961543      0.00017332
    0.06943218      0.06781190      1.87386878      0.00017332
    0.05939563      0.07183157      1.86980954      0.00017332
    0.02949824      0.05902344      1.88162067      0.00017302
    0.04943309      0.06782421      1.87406148      0.00017332
    0.03939669      0.07185559      1.87001346      0.00017333
    0.02943366      0.06784229      1.87426613      0.00017341
   -0.00068535      0.07906029      1.86143731      0.00017320
    0.01939746      0.07188492      1.87022854      0.00017347
    0.00943399      0.06786456      1.87448159      0.00017356
   -0.00060156      0.07192101      1.87045095      0.00017362
    0.27932781      0.07921307      1.85943394      0.00016542
   -0.03050067      0.05905355      1.88227623      0.00017202
   -0.01056538      0.06788689      1.87470852      0.00017383
    0.38930506      0.08300224      1.85426322      0.00016924
   -0.04076931      0.07925293      1.86172231      0.00018683
   -0.02060005      0.07194715      1.87069573      0.00017377
    0.67934100      0.04949340      1.89044725      0.00017488
   -0.03056317      0.06788993      1.87496391      0.00017389
   -0.04059417      0.07188033      1.87106095      0.00017210
    0.03952672      0.05422927      1.88473399      0.00017308
   -0.05055854      0.06782801      1.87531092      0.00017006
   -0.06059800      0.07184584      1.87139737      0.00017027
   -0.08067825      0.07915591      1.86263264      0.00017723
   -0.09049064      0.05912759      1.88294746      0.00017310
    0.12946482      0.05907637      1.88077277      0.00017397
   -0.07056406      0.06787832      1.87552854      0.00017002
    0.40928070      0.08319725      1.85423377      0.00016968
   -0.08059417      0.07191347      1.87160610      0.00017007
    0.19961331      0.04449189      1.88933660      0.00017238
    0.01952588      0.05423873      1.88492580      0.00017293
    0.36929369      0.08273953      1.85446683      0.00016703
   -0.09055262      0.06794297      1.87572739      0.00017047
    0.44930722      0.08357768      1.85428208      0.00016911
    0.31933145      0.07948134      1.85929904      0.00016618
   -0.12063776      0.07948838      1.86281572      0.00018024
    0.05948375      0.05420175      1.88456849      0.00017237
   -0.10059075      0.07199335      1.87179527      0.00017083
    0.70027237      0.05842244      1.88476914      0.00021072
   -0.11055512      0.06802333      1.87590633      0.00017052
   -0.02047432      0.05427448      1.88534061      0.00017237
    0.46990751      0.08399869      1.85386892      0.00019264
   -0.12058719      0.07214077      1.87189682      0.00017166
   -0.24003845      0.01141254      1.90254517      0.00017211
    0.35930913      0.07980158      1.85921337      0.00016692
    0.06945487      0.05898955      1.88126173      0.00017393
   -0.04047253      0.05429012      1.88556718      0.00017165
   -0.15046829      0.05926851      1.88354089      0.00017203
    0.37933345      0.07995995      1.85922864      0.00016592
    0.42929595      0.08328232      1.85446414      0.00016690
    0.04949853      0.05901674      1.88142747      0.00017305
   -0.13054279      0.06813674      1.87602417      0.00017363
   -0.08046275      0.05430992      1.88603035      0.00017280
   -0.00047450      0.05425738      1.88512624      0.00017274
   -0.14043118      0.05446662      1.88664194      0.00017317
   -0.16063918      0.07951199      1.86343457      0.00017448
    0.65940610      0.02576280      1.89938779      0.00021621
    0.41930813      0.08035037      1.85920253      0.00016676
    0.43933383      0.08053887      1.85924560      0.00016573
    0.00949783      0.05903722      1.88182432      0.00017283
   -0.14057293      0.07223147      1.87203825      0.00017370
    0.20968299      0.03917492      1.89174215      0.00017674
   -0.24018422      0.04446919      1.89300967      0.00017213
   -0.10046171      0.05438172      1.88622917      0.00017263
   -0.01050215      0.05905060      1.88204107      0.00017255
    0.47992569      0.08103963      1.85904137      0.00018389
   -0.13046289      0.05923988      1.88333607      0.00017343
   -0.15053014      0.06813649      1.87624910      0.00017382
    0.01958313      0.04415660      1.89043358      0.00017315
   -0.24024830      0.05450274      1.88745316      0.00017196
   -0.06046943      0.05430384      1.88579545      0.00017203
   -0.07049462      0.05909015      1.88273271      0.00017255
   -0.25017990      0.05916215      1.88432981      0.00016876
   -0.05049941      0.05907418      1.88250483      0.00017166
    0.55999632      0.09800385      1.81476500      0.00016436
   -0.11048807      0.05922708      1.88312016      0.00017230
    0.49982059      0.04720329      1.88976622      0.00017739
   -0.16055626      0.07218243      1.87232712      0.00017258
    0.55997270      0.02270191      1.89931164      0.00017620
   -0.19019765      0.03910691      1.89490644      0.00017436
    0.66966625      0.03278635      1.89746890      0.00020755
   -0.19042825      0.05931441      1.88388119      0.00017227
   -0.17051272      0.06808635      1.87651563      0.00017104
   -0.15021788      0.03904479      1.89448693      0.00017392
   -0.12044023      0.05444766      1.88642255      0.00017276
   -0.18041214      0.05453149      1.88701733      0.00017188
    0.22949559      0.05946244      1.88024242      0.00017305
   -0.18054092      0.07215080      1.87257242      0.00017120
   -0.17045035      0.05928102      1.88373248      0.00017179
   -0.19049466      0.06812838      1.87665313      0.00017072
   -0.13021868      0.03896162      1.89428845      0.00017378
   -0.17019864      0.03908930      1.89469711      0.00017435
   -0.16043204      0.05450911      1.88683577      0.00017169
   -0.01053556      0.08746355      1.84653576      0.00016641
   -0.02038155      0.07908215      1.86174375      0.00017139
   -0.23039340      0.06814229      1.87687561      0.00017210
   -0.22081982      0.07963702      1.86392769      0.00017343
   -0.04041477      0.04422553      1.89100973      0.00017304
   -0.12031595      0.04429977      1.89189983      0.00017375
    0.00997719      0.00562396      1.90267902      0.00017331
    0.21963809      0.04448438      1.88930652      0.00017864
   -0.20051423      0.07223254      1.87265325      0.00017123
   -0.14150384      0.07960462      1.86300559      0.00017781
   -0.21045388      0.06818391      1.87673294      0.00017239
    0.56983905      0.02849241      1.89786814      0.00017490
   -0.14031125      0.04433625      1.89211704      0.00017450
   -0.22046404      0.07225473      1.87275328      0.00017233
   -0.20026972      0.04445939      1.89269390      0.00017398
   -0.23032119      0.05928318      1.88416103      0.00017220
   -0.06007065      0.01121524      1.90162087      0.00017211
    0.21953317      0.05465824      1.88355633      0.00017296
    0.66925893      0.04428431      1.89304391      0.00017119
   -0.23013019      0.02832068      1.89895440      0.00017301
   -0.22032311      0.05454557      1.88731972      0.00017206
   -0.23018698      0.03920528      1.89525076      0.00017221
    0.48991576      0.04194176      1.89210868      0.00017598
   -0.18029093      0.04443312      1.89251101      0.00017417
   -0.20049491      0.07992501      1.86317960      0.00019592
   -0.16030155      0.04441577      1.89230672      0.00017387
   -0.21079034      0.08325867      1.85843370      0.00019489
    0.74799441      0.08290314      1.85932072      0.00018836
    0.25976429      0.04454433      1.88932413      0.00017641
   -0.01043068      0.08216116      1.85674289      0.00016437
    0.54999555      0.09897631      1.80938231      0.00016436
    0.01995189      0.01123192      1.90133458      0.00017309
   -0.13152427      0.08285750      1.85791041      0.00020185
   -0.20037911      0.05456852      1.88716233      0.00017237
   -0.21038516      0.05933386      1.88401396      0.00017206
    0.11945243      0.04425148      1.88968878      0.00017176
   -0.24008009      0.02272059      1.90043000      0.00017267
    0.48006522      0.02447224      1.89810931      0.00019162
    0.42980530      0.04114922      1.89184033      0.00017697
    0.13998374      0.01116853      1.90114134      0.00017251
    0.15992592      0.01117030      1.90112569      0.00017194
    0.42993634      0.02982413      1.89613757      0.00018770
    0.75477465      0.07695140      1.86739801      0.00015375
   -0.22025298      0.04450122      1.89285295      0.00017228
   -0.31415182      0.06328920      1.88104413      0.00017206
   -0.31498557      0.08729549      1.85210247      0.00014751
    0.53992794      0.09532097      1.82593171      0.00017803
    0.75468704      0.04729405      1.89175115      0.00015630
    0.75447160      0.09539286      1.83276053      0.00016260
    0.07983992      0.01120274      1.90120922      0.00017288
    0.09983956      0.01118401      1.90118298      0.00017328
    0.54000045      0.09789830      1.81479205      0.00016469
    0.43972172      0.04652497      1.88944840      0.00017768
    0.45976186      0.04663914      1.88959673      0.00017851
    0.14998375      0.00557433      1.90256903      0.00017265
    0.02961244      0.03882144      1.89267080      0.00017377
    0.28996682      0.00571851      1.90252909      0.00017714
   -0.10010665      0.02244077      1.89920850      0.00017180
   -0.04005706      0.01123620      1.90153359      0.00017278
    0.44983507      0.04119750      1.89200598      0.00017789
   -0.09018936      0.02795438      1.89763082      0.00017176
    0.07939330      0.04411208      1.88998658      0.00017191
    0.03958367      0.04410941      1.89027634      0.00017449
    0.49004198      0.03049947      1.89640397      0.00019150
   -0.05003267      0.00560952      1.90278847      0.00017217
    0.75321976      0.08803360      1.85076806      0.00019943
    0.34974144      0.04031710      1.89161112      0.00017563
    0.08991423      0.00560037      1.90259631      0.00017321
    0.51963505      0.05734937      1.88402395      0.00017690
   -0.03039012      0.03894329      1.89317524      0.00017234
    0.49962931      0.05726425      1.88385035      0.00017548
    0.36975315      0.04050197      1.89165162      0.00017641
   -0.29041042      0.03827425      1.89589181      0.00020138
    0.74972328      0.07040814      1.87465560      0.00014663
    0.29967209      0.04510050      1.88916578      0.00017602
    0.12941723      0.03898073      1.89201072      0.00017260
   -0.07025095      0.02796909      1.89743065      0.00017291
    0.00962052      0.03887391      1.89282021      0.00017287
    0.74963568      0.05571033      1.88673176      0.00014505
    0.09946642      0.05422080      1.88424552      0.00017472
    0.27997781      0.01136046      1.90107295      0.00017481
    0.75494863      0.06326163      1.88106248      0.00014864
   -0.02042153      0.04422881      1.89079706      0.00017200
   -0.26997583      0.03906786      1.89556073      0.00017159
    0.11947455      0.05428056      1.88408534      0.00017351
   -0.08016065      0.02238350      1.89905121      0.00017225
   -0.11025725      0.03893592      1.89405867      0.00017438
    0.09969263      0.02234368      1.89804330      0.00017521
    0.74769136      0.09222198      1.84175046      0.00017982
    0.15980465      0.02231513      1.89792362      0.00017391
    0.06942269      0.03884087      1.89237898      0.00017081
    0.05950197      0.04410741      1.89012317      0.00017241
    0.50955535      0.06204020      1.88048947      0.00017678
   -0.01038392      0.03892376      1.89298564      0.00017284
    0.58950519      0.02845027      1.89809140      0.00017340
    0.35966864      0.04575244      1.88916476      0.00017529
    0.30971663      0.03988533      1.89160391      0.00017587
   -0.11012473      0.02802615      1.89781279      0.00017156
   -0.26003272      0.07258384      1.87242238      0.00019717
    0.10947757      0.05906703      1.88090274      0.00017356
   -0.00040905      0.04417620      1.89061435      0.00017303
    0.73017785      0.09947237      1.80916267      0.00015569
   -0.17002237      0.09448851      1.83188078      0.00017155
    0.69073269      0.09263524      1.84028169      0.00014072
   -0.14902016      0.09436271      1.83158039      0.00019142
    0.04957369      0.03880253      1.89252450      0.00017320
   -0.27992191      0.04430223      1.89324632      0.00017421
   -0.26176142      0.08850714      1.84983865      0.00011382
   -0.12889173      0.09446144      1.83055723      0.00013601
   -0.10995550      0.09404591      1.83121755      0.00015781
   -0.27020891      0.06856557      1.87635858      0.00020416
   -0.09016441      0.09384321      1.83123026      0.00016541
   -0.07014354      0.09370730      1.83106534      0.00016354
   -0.31413695      0.09514926      1.83357750      0.00017244
    0.75386737      0.02946915      1.89918209      0.00018037
   -0.17061348      0.08234402      1.85949585      0.00016169
   -0.19049318      0.08274896      1.85905226      0.00017290
   -0.29969574      0.05374624      1.88796015      0.00015430
   -0.05026209      0.09349722      1.83119210      0.00015486
    0.59969769      0.01142231      1.90208700      0.00017045
    0.61934404      0.01155661      1.90217395      0.00016962
   -0.01830740      0.09735665      1.81561819      0.00019403
    0.72006635      0.09872983      1.81537539      0.00017932
   -0.09065482      0.08184199      1.85889520      0.00015710
   -0.11062381      0.08202753      1.85896650      0.00016139
   -0.16001952      0.09584253      1.82618581      0.00016637
    0.02007591      0.09761429      1.81408974      0.00015123
   -0.30066530      0.07229518      1.87267213      0.00014668
    0.71770995      0.07658910      1.86803578      0.00014912
   -0.05076975      0.08184081      1.85805671      0.00016226
   -0.07068420      0.08176095      1.85863951      0.00016044
    0.04075339      0.09733936      1.81500717      0.00019240
    0.08003028      0.09753037      1.81395922      0.00015093
    0.10075874      0.09726508      1.81487352      0.00019064
    0.03780284      0.08888633      1.84229260      0.00013616
    0.01892172      0.08903917      1.84224581      0.00015294
    0.14001426      0.09748198      1.81389122      0.00014980
    0.61875229      0.02298347      1.89980800      0.00016909
   -0.30870615      0.09955218      1.80878070      0.00014405
   -0.25905551      0.07962185      1.86434470      0.00014662
    0.74876375      0.00442638      1.90360157      0.00013333
    0.16074243      0.09722693      1.81479941      0.00019007
    0.07893015      0.08885133      1.84164990      0.00015270
    0.09781298      0.08871104      1.84178842      0.00013542
   -0.11988906      0.09578277      1.82513239      0.00013762
    0.19995005      0.09746121      1.81386758      0.00014864
   -0.30843880      0.00485091      1.90354105      0.00014618
    0.22067850      0.09721515      1.81477658      0.00019098
   -0.31510547      0.01135392      1.90290056      0.00014393
    0.13893901      0.08877825      1.84115453      0.00015222
    0.56996571      0.09450858      1.83035770      0.00015912
    0.15781852      0.08864839      1.84138755      0.00013475
    0.25995526      0.09749563      1.81376462      0.00014711
    0.27980347      0.09747555      1.81386876      0.00015297
    0.29980685      0.09749912      1.81383861      0.00015215
   -0.26589381      0.08362151      1.85846840      0.00011693
    0.19900846      0.08882228      1.84074551      0.00015221
    0.32069202      0.09730999      1.81461954      0.00018793
    0.66957160      0.09549948      1.83043461      0.00015106
    0.21802482      0.08871963      1.84104478      0.00013197
    0.35996839      0.09761469      1.81365288      0.00014509
    0.51001520      0.09396211      1.83019063      0.00015812
    0.61117637      0.09513106      1.82975764      0.00013119
    0.63009384      0.09516818      1.83026962      0.00014750
    0.38069896      0.09741242      1.81456928      0.00018665
   -0.29869838      0.02096711      1.90120629      0.00013547
    0.64983607      0.09534925      1.83029700      0.00015521
    0.41997544      0.09773590      1.81362828      0.00014432
    0.52990198      0.09415485      1.83022045      0.00015431
    0.25923570      0.08901375      1.84033027      0.00015825
    0.44013259      0.09764992      1.81417686      0.00016503
    0.27936554      0.08903830      1.84035575      0.00015795
    0.48049760      0.09784917      1.81390725      0.00015143
    0.29915538      0.08911747      1.84032283      0.00014866
    0.31806681      0.08904366      1.84072638      0.00013146
    0.63739326      0.04650006      1.89160726      0.00017697
    0.35904589      0.08946420      1.84009929      0.00015125
    0.37805977      0.08939936      1.84061879      0.00013185
    0.41905761      0.08989386      1.84004089      0.00015126
    0.54988339      0.09434376      1.83022490      0.00015652
    0.71985377      0.05992157      1.88368793      0.00017722
    0.43806982      0.08986317      1.84060582      0.00013169
    0.50961913      0.08341023      1.85589447      0.00015280
    0.66915589      0.08491696      1.85611967      0.00015037
    0.49010257      0.08339559      1.85545582      0.00015377
    0.52949142      0.08358747      1.85600669      0.00015470
    0.54950889      0.08377367      1.85609544      0.00015569
   -0.30912252      0.09124026      1.84390184      0.00017802
    0.56948194      0.08385921      1.85636142      0.00015232
    0.60859060      0.08476921      1.85545756      0.00019096
    0.74855441      0.03898507      1.89572876      0.00016415
    0.62943905      0.08457415      1.85619644      0.00015523
    0.64938923      0.08472662      1.85622090      0.00015598
   -0.08009481      0.09543493      1.82513056      0.00014138
    0.68839639      0.08517641      1.85581637      0.00014861
    0.58930098      0.03996825      1.89403367      0.00018630
   -0.31003711      0.07046977      1.87458833      0.00014235
   -0.31087086      0.08219908      1.86060621      0.00011378
    0.69828014      0.09691715      1.82578062      0.00013314
    0.74865897      0.09957237      1.80863616      0.00013968
    0.72176083      0.09696338      1.82592425      0.00016424
   -0.02943965      0.08734737      1.84751933      0.00014469
   -0.18055876      0.07907891      1.86444520      0.00015032
   -0.31537281      0.09891169      1.81528371      0.00013606
    0.75543041      0.01092939      1.90296108      0.00013437
    0.73969255      0.05664323      1.88612437      0.00013418
    0.75532563      0.09893188      1.81513917      0.00013745
   -0.03958292      0.09491798      1.82597829      0.00014463
    0.60978515      0.00574943      1.90306417      0.00017475
   -0.00892964      0.09876385      1.80938576      0.00016577
   -0.30973096      0.05571600      1.88672314      0.00014364
   -0.30941513      0.03927068      1.89564204      0.00014679
   -0.10060887      0.07864994      1.86393655      0.00013968
    0.00119493      0.09775997      1.81372240      0.00013131
    0.01012457      0.09899612      1.80833664      0.00013354
   -0.06063407      0.07848604      1.86348181      0.00014136
    0.05080205      0.09872118      1.80925407      0.00016222
    0.06087953      0.09768260      1.81351176      0.00013292
    0.07007748      0.09896141      1.80825769      0.00013148
    0.71796499      0.08304051      1.85935314      0.00014508
    0.71459753      0.09548381      1.83195902      0.00012310
    0.11080594      0.09869612      1.80917199      0.00016001
    0.12088393      0.09764070      1.81337427      0.00013116
    0.02881612      0.08672678      1.84761924      0.00013351
   -0.03644443      0.08979907      1.84164002      0.00012198
    0.13007799      0.09894458      1.80820228      0.00012998
    0.70492803      0.09559075      1.83140692      0.00010121
    0.17080616      0.09868952      1.80911047      0.00015827
    0.18087652      0.09763073      1.81327338      0.00012966
    0.72682926      0.06599953      1.87896975      0.00011774
    0.08882176      0.08653840      1.84706286      0.00013258
    0.19007036      0.09894121      1.80816292      0.00012886
   -0.31557914      0.04727215      1.89176087      0.00013009
    0.73846176      0.04109667      1.89477142      0.00013089
    0.23079881      0.09869515      1.80907191      0.00015711
    0.24087031      0.09764782      1.81319171      0.00012872
    0.73594445      0.06406408      1.88064629      0.00010599
    0.25007150      0.09895267      1.80811979      0.00012753
    0.14882597      0.08646702      1.84660861      0.00013158
    0.28991972      0.09893259      1.80822393      0.00013070
    0.33080489      0.09874346      1.80900486      0.00015481
    0.34088221      0.09774084      1.81307390      0.00012688
    0.20906412      0.08655445      1.84618016      0.00013271
    0.35007732      0.09899737      1.80806904      0.00012572
   -0.29937991      0.04306381      1.89379872      0.00015551
    0.52001783      0.09563165      1.82439077      0.00013274
    0.39080789      0.09879510      1.80898544      0.00015387
    0.55995667      0.09594863      1.82446793      0.00013354
    0.62017046      0.09650645      1.82448833      0.00012933
   -0.27881640      0.08981584      1.84720398      0.00013751
    0.40088846      0.09783943      1.81304168      0.00012615
    0.65991451      0.09684367      1.82457313      0.00013260
    0.41008057      0.09904433      1.80805624      0.00012502
    0.45023772      0.09895836      1.80860482      0.00014163
    0.46048382      0.09794324      1.81322198      0.00014190
    0.47024610      0.09898489      1.80861716      0.00014182
    0.26928437      0.08674824      1.84586013      0.00013521
    0.30909946      0.08691616      1.84578996      0.00013183
    0.73301059      0.09627662      1.82921294      0.00014303
    0.36908894      0.08729663      1.84566952      0.00013208
    0.73883682      0.09904474      1.81379883      0.00011264
    0.42909602      0.08778689      1.84565018      0.00013203
    0.72572169      0.07327481      1.87184246      0.00011934
    0.49952346      0.08031177      1.86087226      0.00013520
   -0.29869979      0.09896640      1.81430978      0.00012320
    0.53941941      0.08065115      1.86109185      0.00013434
    0.73875736      0.00995589      1.90301572      0.00011927
    0.57939796      0.08102296      1.86127794      0.00012451
    0.58855460      0.08389727      1.85679963      0.00012044
    0.59850688      0.08171862      1.86034662      0.00015461
    0.67905763      0.08191593      1.86107788      0.00013590
   -0.03213840      0.09308006      1.83213471      0.00011455
    0.63929272      0.08157006      1.86124834      0.00013386
    0.70814530      0.09060900      1.84565998      0.00013943
   -0.31588529      0.07698546      1.86734909      0.00012111
    0.47683006      0.09100575      1.83840566      0.00013858
   -0.29819572      0.01044957      1.90294280      0.00012333
    0.49132216      0.09378490      1.83024384      0.00013348
   -0.24907502      0.08230616      1.86034690      0.00013604
   -0.30950976      0.09723879      1.82560209      0.00012777
    0.74929778      0.02113942      1.90132102      0.00013639
    0.74979723      0.09750259      1.82464058      0.00011174
    0.68805710      0.09556416      1.83080770      0.00012985
   -0.01940627      0.08933437      1.84238266      0.00012895
   -0.29950341      0.09729350      1.82462816      0.00013306
    0.73929140      0.02016592      1.90137566      0.00013687
    0.73997508      0.09761544      1.82330024      0.00011301
    0.74066222      0.07027769      1.87484681      0.00011206
    0.73466290      0.07583249      1.86905118      0.00011613
    0.73465127      0.05033855      1.89018641      0.00011391
    0.71746419      0.09245227      1.84116371      0.00011964
    0.70074846      0.09272356      1.84023933      0.00010335
    0.57044218      0.07707583      1.74185812      0.00018442
    0.71550536      0.04523407      1.71530427      0.00021464
    0.64912648      0.09016904      1.76286385      0.00019317
    0.73542191      0.03652236      1.71138459      0.00023311
   -0.28297844      0.05934228      1.72384240      0.00019982
    0.63888351      0.08770326      1.75765821      0.00019309
    0.54102900      0.08010170      1.74643617      0.00019542
    0.73104315      0.06184818      1.72572717      0.00017642
    0.58987459      0.08954969      1.76313250      0.00020727
    0.72890526      0.04485928      1.71509605      0.00022287
    0.67050388      0.09409077      1.77304664      0.00020536
   -0.27570042      0.05423122      1.72028218      0.00014066
    0.60902306      0.07759342      1.74214710      0.00020283
    0.65916065      0.08722099      1.75647767      0.00020079
   -0.19478877      0.04486819      1.71556201      0.00018115
   -0.18601416      0.03946667      1.71329630      0.00019308
    0.56111317      0.08068750      1.74698221      0.00017467
    0.61871940      0.08166047      1.74762736      0.00019736
   -0.14712867      0.04616767      1.71669059      0.00019613
   -0.15341522      0.03869503      1.71338309      0.00020346
   -0.13438251      0.04639917      1.71696040      0.00017218
   -0.12653048      0.03982723      1.71410172      0.00020516
    0.62894676      0.07722808      1.74149052      0.00021258
   -0.28938621      0.03787315      1.71194848      0.00020262
   -0.25183320      0.04697755      1.71616240      0.00015104
    0.68188392      0.09511682      1.77609043      0.00018961
   -0.24553925      0.04060630      1.71319152      0.00017865
    0.53010812      0.09867439      1.79749155      0.00019926
    0.71955669      0.06209046      1.72589112      0.00017248
   -0.31382696      0.09508784      1.77423028      0.00018155
    0.70647413      0.03800947      1.71200831      0.00020234
   -0.23334342      0.04513613      1.71537225      0.00017104
   -0.08747900      0.04425038      1.71644622      0.00018605
   -0.22530114      0.03956939      1.71295434      0.00018932
   -0.09428360      0.03779841      1.71370851      0.00017678
    0.49003354      0.09230231      1.77321716      0.00019521
    0.52016966      0.09732841      1.79111985      0.00019865
    0.66943706      0.08960456      1.76116133      0.00019495
   -0.21374987      0.04486557      1.71539399      0.00016409
   -0.20607246      0.03941830      1.71306732      0.00015950
    0.55097156      0.07682116      1.74183690      0.00019215
   -0.29779000      0.04367284      1.71456763      0.00019164
   -0.01757048      0.02821673      1.71109792      0.00018823
    0.47001796      0.09861769      1.79785217      0.00018904
    0.63894218      0.08083969      1.74628554      0.00021832
   -0.02363600      0.02075827      1.70893118      0.00019210
   -0.17345439      0.04468981      1.71568031      0.00019249
    0.71162127      0.05504919      1.72076487      0.00017267
   -0.30893243      0.09716624      1.78213548      0.00013737
    0.51006154      0.09865402      1.79762830      0.00019537
    0.54111156      0.08605678      1.75630184      0.00017632
    0.46005121      0.09716993      1.79159720      0.00019040
   -0.16570535      0.03814555      1.71305068      0.00017591
   -0.04299512      0.02676519      1.71043479      0.00016280
   -0.03586124      0.02043170      1.70878455      0.00016414
    0.04243314      0.02768427      1.71132927      0.00018477
    0.59934701      0.08724435      1.75760063      0.00018227
    0.50010134      0.09417147      1.77916996      0.00019193
    0.03632044      0.02032508      1.70912235      0.00018847
    0.42991292      0.09197226      1.77367744      0.00018810
    0.01576294      0.02630105      1.71073084      0.00019008
    0.02382926      0.01989014      1.70896409      0.00016653
    0.55059574      0.09321092      1.77423295      0.00020758
   -0.11349863      0.04422186      1.71615589      0.00019585
    0.54028220      0.09449645      1.77921463      0.00020071
   -0.29446473      0.05492669      1.72081204      0.00017209
    0.07577690      0.02577323      1.71087664      0.00018705
    0.45003325      0.09855225      1.79774503      0.00019261
    0.08383825      0.01947721      1.70906485      0.00016219
    0.10267000      0.02716473      1.71142699      0.00018304
   -0.10594149      0.03764682      1.71352397      0.00016649
    0.09630585      0.01998817      1.70922935      0.00018324
    0.40998924      0.09850230      1.79780438      0.00019122
    0.59924900      0.08082345      1.74661025      0.00018240
    0.14250245      0.02699513      1.71148451      0.00017366
    0.17577610      0.02509190      1.71091347      0.00018297
    0.38989367      0.09193041      1.77432615      0.00018590
    0.18383121      0.01893236      1.70906810      0.00015643
    0.36999403      0.09851932      1.79804853      0.00018399
    0.50009567      0.09732321      1.79151744      0.00019223
    0.72859660      0.09135134      1.76411565      0.00016009
    0.13622926      0.01989274      1.70927987      0.00017611
    0.58592797      0.04392166      1.71559079      0.00016247
    0.59375529      0.03799627      1.71303233      0.00019655
    0.73650763      0.05443212      1.72039270      0.00017896
   -0.30149261      0.05975456      1.72413188      0.00012976
    0.23579384      0.02478611      1.71083444      0.00018154
    0.24384397      0.01865904      1.70898930      0.00015375
   -0.29083221      0.08046923      1.74502780      0.00019122
    0.44001133      0.09383046      1.77948713      0.00018680
    0.58022141      0.08685453      1.75737635      0.00019612
   -0.29148683      0.07316503      1.73616159      0.00019548
    0.29986373      0.08516801      1.75897315      0.00018306
    0.64577818      0.04384893      1.71492433      0.00015877
    0.65364358      0.03789588      1.71234376      0.00019345
    0.54010812      0.09758926      1.79182094      0.00018343
    0.58016089      0.08049370      1.74630762      0.00016957
    0.29581265      0.02452682      1.71067773      0.00018004
    0.30386092      0.01844264      1.70886192      0.00015157
   -0.29051122      0.02687902      1.70820494      0.00018078
    0.35583050      0.02433727      1.71044639      0.00017870
    0.20239485      0.02661894      1.71144012      0.00017580
    0.36387631      0.01828586      1.70867971      0.00014978
    0.36000304      0.09699566      1.79200662      0.00018504
    0.73107209      0.02633567      1.70804004      0.00017899
    0.41584523      0.02422215      1.71012994      0.00017761
    0.42388901      0.01818980      1.70842912      0.00014836
   -0.05535230      0.02253245      1.70914332      0.00016804
    0.19624631      0.01949222      1.70922764      0.00017518
    0.72833146      0.08674998      1.75475381      0.00017205
    0.48004584      0.09407173      1.77941681      0.00019451
    0.32987000      0.09173548      1.77453866      0.00018251
    0.44004083      0.09710079      1.79161050      0.00019159
    0.31991988      0.09365412      1.78063707      0.00018557
    0.26240810      0.02628461      1.71130806      0.00017450
    0.35000901      0.09847634      1.79795809      0.00018693
    0.41993166      0.09374488      1.77960519      0.00018581
    0.25625903      0.01921250      1.70913573      0.00017223
    0.48005209      0.09728687      1.79174132      0.00018880
   -0.00521543      0.02829171      1.71123031      0.00016306
    0.28032254      0.09359896      1.78075282      0.00019130
   -0.06200364      0.02914947      1.71098641      0.00014279
    0.32242761      0.02603194      1.71110316      0.00017331
    0.00272999      0.02174068      1.70934128      0.00018513
    0.31627677      0.01899676      1.70899404      0.00016976
    0.38244479      0.02586049      1.71081725      0.00017239
    0.39999063      0.09704829      1.79187146      0.00018690
    0.33995727      0.09358794      1.78021226      0.00018182
    0.41999682      0.09705084      1.79166985      0.00019069
    0.25996085      0.08511435      1.75907423      0.00018259
    0.37629283      0.01884371      1.70879305      0.00016773
    0.05479086      0.02784533      1.71146116      0.00016001
    0.29020268      0.08753635      1.76410891      0.00016958
    0.44260760      0.02569019      1.71041035      0.00017193
    0.39992442      0.09377603      1.78003473      0.00018111
    0.37995392      0.09372199      1.78021141      0.00018771
    0.34000494      0.09695530      1.79198153      0.00018634
    0.43630631      0.01875346      1.70851802      0.00016611
    0.49374977      0.04205629      1.71576760      0.00015171
    0.69294342      0.04169899      1.71360270      0.00019769
    0.06273955      0.02138895      1.70952194      0.00018238
    0.53296777      0.04250548      1.71552882      0.00016942
    0.57299101      0.04288125      1.71523074      0.00017469
    0.63291950      0.04285006      1.71454782      0.00017410
    0.27036245      0.09178813      1.77513834      0.00018588
    0.37999542      0.09706531      1.79211562      0.00018382
    0.25004385      0.08759213      1.76444502      0.00017777
    0.68527040      0.03504168      1.71101024      0.00015030
    0.24006985      0.09368482      1.78108881      0.00018415
    0.48833985      0.03573531      1.71328159      0.00012764
    0.11614290      0.02698719      1.71141701      0.00017866
    0.52643118      0.03579337      1.71294433      0.00017374
    0.56646266      0.03594696      1.71253570      0.00017416
    0.19987124      0.09377866      1.78134420      0.00017705
    0.66058670      0.09597039      1.78016299      0.00020623
    0.62663237      0.03581293      1.71180049      0.00017236
    0.18977694      0.09196215      1.77567916      0.00017813
    0.12296379      0.01987637      1.70925483      0.00017567
   -0.28083206      0.06864410      1.73160050      0.00019570
    0.15471170      0.02733751      1.71163221      0.00015378
    0.25015309      0.09189494      1.77550274      0.00018173
    0.17980466      0.09378227      1.78132949      0.00017937
    0.20986626      0.09195090      1.77568408      0.00017838
    0.62899433      0.09044156      1.76386537      0.00018175
    0.15953629      0.08541298      1.75953396      0.00017720
    0.61963582      0.09583581      1.78109545      0.00017439
    0.21968466      0.08511110      1.75912101      0.00018014
    0.48143402      0.01935910      1.70842873      0.00016133
    0.30982782      0.08757574      1.76408222      0.00017726
    0.16263753      0.02102100      1.70965018      0.00017962
    0.27024659      0.08744022      1.76401913      0.00018021
    0.51013754      0.09230510      1.77260935      0.00019403
    0.30995414      0.09194553      1.77534802      0.00018031
    0.21473805      0.02701830      1.71158344      0.00015238
    0.13971607      0.09384926      1.78134614      0.00017663
    0.47395002      0.02365962      1.70961890      0.00012872
    0.11974189      0.09388202      1.78131077      0.00017618
    0.22998663      0.09185639      1.77542630      0.00018223
    0.20971982      0.08762382      1.76458921      0.00018117
    0.12964638      0.09208349      1.77570203      0.00017531
    0.29029061      0.09185852      1.77524798      0.00017936
    0.71605835      0.06909647      1.73176798      0.00012083
    0.16972177      0.09201438      1.77576823      0.00017891
    0.14953782      0.08787033      1.76487248      0.00017584
    0.16961241      0.08777174      1.76477105      0.00017614
    0.22265389      0.02077594      1.70960981      0.00017910
    0.44998932      0.09199392      1.77328371      0.00018798
    0.27475108      0.02674719      1.71144777      0.00015132
    0.22987455      0.08755263      1.76438903      0.00017785
    0.14965887      0.09206598      1.77580123      0.00017763
    0.07987780      0.09407365      1.78154548      0.00017405
    0.08977979      0.09228966      1.77590280      0.00017479
   -0.27961589      0.09675563      1.78148323      0.00016556
    0.06978042      0.09237009      1.77589102      0.00017818
    0.72243474      0.09721029      1.78314910      0.00016085
    0.71516117      0.09588980      1.77752217      0.00012361
    0.51003442      0.08798014      1.76123059      0.00017598
    0.33476722      0.02654627      1.71123204      0.00015037
    0.28266726      0.02055908      1.70950222      0.00017798
    0.00959950      0.08882731      1.76515384      0.00017485
    0.64948570      0.09443222      1.77466386      0.00018470
    0.34991584      0.09172095      1.77427366      0.00018278
    0.55130095      0.08905538      1.76260031      0.00018183
    0.62943081      0.09439963      1.77516456      0.00017715
   -0.04044111      0.08702044      1.75980539      0.00017437
   -0.17011819      0.09431283      1.77553902      0.00017661
    0.52026104      0.08552212      1.75578947      0.00017657
    0.01957375      0.08644804      1.75988715      0.00017500
    0.39478131      0.02642133      1.71092904      0.00014964
    0.09958809      0.08569081      1.75956415      0.00017572
    0.10994075      0.09855970      1.79831738      0.00017587
   -0.02021953      0.09458376      1.78156586      0.00017435
    0.39965615      0.08506706      1.75749743      0.00018169
   -0.07002731      0.09882871      1.79837845      0.00017227
    0.34268147      0.02039733      1.70933308      0.00017692
    0.08965565      0.08816444      1.76496895      0.00017611
    0.05001244      0.09860030      1.79827290      0.00017687
    0.05988416      0.09409103      1.78136149      0.00017660
    0.02944920      0.07752993      1.74487036      0.00017556
    0.23000226      0.09851738      1.79828606      0.00017709
   -0.05035793      0.08940243      1.76510777      0.00017220
   -0.19000871      0.09911731      1.79821169      0.00017566
   -0.26990635      0.09529168      1.77578246      0.00016886
   -0.18007977      0.09584533      1.78111555      0.00017526
    0.45565344      0.02586059      1.71036050      0.00016177
    0.50643792      0.04244835      1.71579920      0.00016009
    0.21994317      0.09374195      1.78125316      0.00017862
   -0.08009931      0.09501718      1.78149236      0.00017247
    0.44983347      0.08766951      1.76201429      0.00017604
   -0.11010768      0.09376201      1.77581714      0.00017379
   -0.15025610      0.09037922      1.76468510      0.00017403
   -0.12004543      0.09532757      1.78132983      0.00017342
   -0.01029863      0.09290060      1.77598313      0.00017432
   -0.08003377      0.09769221      1.79270357      0.00017241
    0.54631182      0.04253235      1.71537981      0.00016668
    0.21998806      0.09704362      1.79260373      0.00017704
    0.09990983      0.09714179      1.79266468      0.00017461
   -0.00023705      0.09446325      1.78158838      0.00017487
   -0.15011115      0.09413826      1.77566223      0.00017417
    0.40269374      0.02029659      1.70909182      0.00017606
    0.28011874      0.08492888      1.75849455      0.00016747
   -0.16003998      0.09567998      1.78124228      0.00017544
   -0.03038933      0.08919001      1.76510679      0.00017384
    0.03957646      0.08623173      1.75980136      0.00017496
    0.03997273      0.09725719      1.79266989      0.00017624
    0.73693312      0.09337715      1.76947118      0.00016770
    0.03948624      0.08064865      1.74964336      0.00017401
   -0.21021535      0.09474314      1.77558807      0.00017446
    0.38975765      0.08756133      1.76299187      0.00017793
   -0.18000156      0.09819230      1.79250856      0.00017491
   -0.09012925      0.09357951      1.77587476      0.00017232
    0.04960345      0.08842590      1.76496396      0.00017399
   -0.20004732      0.09830447      1.79248594      0.00017537
    0.60686722      0.04168944      1.71434380      0.00017594
    0.11987514      0.09710118      1.79261058      0.00017613
    0.13949084      0.08544613      1.75945684      0.00017532
   -0.10029980      0.08765271      1.75966864      0.00017301
    0.45973003      0.08514072      1.75643973      0.00017486
    0.23984854      0.08507825      1.75899381      0.00017417
    0.09981184      0.09397001      1.78141776      0.00017462
    0.26018595      0.09376506      1.78125116      0.00017630
    0.01948493      0.08087454      1.74969701      0.00017529
    0.06001246      0.09721251      1.79266866      0.00017472
    0.40972563      0.08758420      1.76269996      0.00018055
    0.00970651      0.09278024      1.77605842      0.00017490
   -0.25999580      0.09657878      1.78126955      0.00017179
   -0.12999501      0.09895661      1.79827354      0.00017462
   -0.14033185      0.08803069      1.75947802      0.00017470
   -0.22016977      0.09623770      1.78118612      0.00017361
   -0.25997199      0.09864234      1.79257657      0.00017142
   -0.29014551      0.09567556      1.77667750      0.00017760
    0.46261838      0.01916916      1.70847682      0.00016531
    0.02962823      0.08868651      1.76521851      0.00017391
   -0.22800836      0.02850136      1.70912267      0.00018676
   -0.06006090      0.09761504      1.79275978      0.00017220
   -0.22006777      0.09842850      1.79253886      0.00017329
   -0.03028209      0.09306659      1.77600142      0.00017364
   -0.00045220      0.08656193      1.75972317      0.00017434
   -0.22035046      0.08331652      1.74945265      0.00017326
    0.46003678      0.09388193      1.77925925      0.00019202
    0.40985787      0.09192408      1.77390299      0.00018091
    0.34977681      0.08740549      1.76320402      0.00017459
   -0.23002916      0.09924134      1.79826462      0.00017356
    0.35995754      0.09360763      1.78009145      0.00018591
    0.24004059      0.09704414      1.79259799      0.00017764
   -0.25938327      0.02362724      1.70775646      0.00020367
   -0.26000534      0.01136713      1.70534809      0.00017158
   -0.28973334      0.09940039      1.79839375      0.00016915
   -0.13999501      0.09797679      1.79258378      0.00017405
   -0.27969734      0.09874614      1.79268888      0.00016473
   -0.27989332      0.02211793      1.70714741      0.00016861
   -0.05022218      0.09323494      1.77599253      0.00017268
    0.66677815      0.04159057      1.71371958      0.00017818
    0.68893854      0.06826630      1.73115497      0.00015843
    0.72000809      0.02246344      1.70725334      0.00017702
    0.69859919      0.06529853      1.72841229      0.00014298
    0.10970951      0.09216875      1.77577065      0.00017488
   -0.15978234      0.01127889      1.70588390      0.00016863
   -0.25003599      0.07321607      1.73613559      0.00016590
   -0.27010488      0.08046060      1.74498146      0.00017124
   -0.11998444      0.01123755      1.70609469      0.00017188
    0.62016770      0.01067501      1.70565285      0.00015817
   -0.11022809      0.09001099      1.76492124      0.00017244
    0.65923088      0.08037016      1.74528733      0.00020125
   -0.28003744      0.08366555      1.74969181      0.00017057
   -0.23916407      0.02288521      1.70762917      0.00018016
    0.53035254      0.09238440      1.77221377      0.00019485
   -0.14005903      0.09551005      1.78130060      0.00017301
   -0.27997814      0.01108919      1.70521643      0.00016677
    0.52024000      0.09413123      1.77844838      0.00019648
   -0.28997798      0.00543935      1.70457156      0.00016408
   -0.26012154      0.08915544      1.75960596      0.00017073
    0.72999361      0.00552951      1.70458585      0.00016681
    0.67927812      0.06402358      1.72743716      0.00016420
   -0.11899594      0.02237732      1.70860527      0.00017225
    0.70002269      0.01104046      1.70529340      0.00016666
    0.69849624      0.07968950      1.74394269      0.00015872
   -0.20012205      0.09605125      1.78115251      0.00017332
    0.66935163      0.06817354      1.73111623      0.00016508
   -0.23989449      0.01143921      1.70546066      0.00017599
   -0.06040270      0.08719507      1.75969794      0.00017369
   -0.13010946      0.09394349      1.77570571      0.00017277
   -0.11999501      0.09787396      1.79261447      0.00017361
    0.72000347      0.01114684      1.70522529      0.00016780
   -0.15959908      0.02151796      1.70794566      0.00013961
    0.71000000      0.09934083      1.79826425      0.00017321
    0.51311933      0.03582939      1.71310391      0.00017024
   -0.14994862      0.00558370      1.70495904      0.00016996
    0.57999799      0.09799192      1.79265636      0.00017287
   -0.25000799      0.09929659      1.79828144      0.00017285
   -0.24003714      0.09853793      1.79254605      0.00017266
   -0.26013667      0.08364969      1.74968231      0.00016874
    0.53047670      0.08810027      1.76093362      0.00017400
    0.70882837      0.08797445      1.75695212      0.00014496
    0.46984637      0.08769774      1.76163961      0.00017842
    0.61016214      0.00525889      1.70483909      0.00015976
   -0.26929327      0.02893870      1.70898422      0.00019848
   -0.24018335      0.06904220      1.73192205      0.00016157
   -0.25000518      0.00571729      1.70470322      0.00017281
   -0.26996400      0.09934575      1.79829513      0.00017227
    0.68898707      0.07599072      1.73929026      0.00016056
   -0.26930788      0.03984258      1.71272594      0.00017682
   -0.10998444      0.00555734      1.70506097      0.00016973
   -0.21040831      0.08001024      1.74466812      0.00017332
   -0.25008401      0.09511762      1.77566541      0.00017203
   -0.27000016      0.00564984      1.70464487      0.00017060
   -0.19026219      0.09080983      1.76463161      0.00017255
    0.15946299      0.07965882      1.74935629      0.00017645
    0.21953228      0.07929309      1.74894604      0.00017556
   -0.25014773      0.09141208      1.76482470      0.00017150
   -0.19950456      0.02275753      1.70793987      0.00017434
   -0.20835403      0.02838303      1.70926892      0.00015701
   -0.12899840      0.02871012      1.71021917      0.00020942
   -0.24865269      0.02942341      1.70928010      0.00019581
   -0.16999286      0.09907499      1.79829687      0.00017333
   -0.22988931      0.00572191      1.70475744      0.00017315
   -0.19016165      0.09451713      1.77548525      0.00017251
   -0.24027996      0.06027915      1.72454311      0.00016720
   -0.19999987      0.01141485      1.70567743      0.00017306
   -0.16859415      0.02727492      1.70932908      0.00013926
   -0.21873866      0.02276227      1.70776392      0.00017095
    0.69888199      0.02164236      1.70713504      0.00015751
    0.66936107      0.07622718      1.73979182      0.00019140
   -0.21988918      0.01142883      1.70556721      0.00017017
    0.28920352      0.04987101      1.72139791      0.00016864
    0.14900638      0.05104110      1.72204793      0.00016238
    0.15906536      0.05571168      1.72496192      0.00016476
    0.34920924      0.04967903      1.72097734      0.00016881
   -0.17877740      0.02274378      1.70813498      0.00017900
    0.28812448      0.04011420      1.71648976      0.00016077
    0.34813720      0.03990722      1.71613834      0.00016004
    0.71000986      0.00561733      1.70463944      0.00016961
    0.33968011      0.08493481      1.75804877      0.00017649
    0.65930857      0.06394989      1.72747197      0.00016720
    0.40921284      0.04958334      1.72044019      0.00016874
    0.06792355      0.04171050      1.71680470      0.00017113
    0.00791701      0.04236887      1.71661707      0.00017264
    0.40814727      0.03979689      1.71567690      0.00015951
    0.64934251      0.06808800      1.73116108      0.00016869
    0.07948972      0.08019623      1.74946519      0.00017322
    0.07959475      0.08584052      1.75962657      0.00017711
    0.27924433      0.05486799      1.72441712      0.00016548
   -0.05061435      0.04304662      1.71635510      0.00016915
    0.33924719      0.05466911      1.72398283      0.00016514
    0.47007261      0.04937384      1.71970917      0.00018672
    0.66100341      0.02171453      1.70745429      0.00015811
    0.24908706      0.03976831      1.71647223      0.00017614
    0.16901755      0.05070034      1.72193054      0.00017328
    0.39924785      0.05458529      1.72344387      0.00016500
    0.05955307      0.08595862      1.75954467      0.00017292
    0.30910207      0.03945426      1.71618178      0.00017625
    0.46972437      0.03914890      1.71487516      0.00018523
    0.22811352      0.04039220      1.71671583      0.00016118
    0.18907893      0.04021932      1.71666977      0.00017650
    0.26919034      0.05017136      1.72161847      0.00016677
   -0.18844837      0.02839127      1.70947256      0.00018903
    0.36911413      0.03925305      1.71578832      0.00017646
    0.31965542      0.08494666      1.75827741      0.00017456
    0.12920695      0.04086103      1.71680465      0.00017961
    0.32919694      0.04993247      1.72122687      0.00016626
    0.43970377      0.08512179      1.75684196      0.00017936
   -0.04052130      0.08150156      1.74962932      0.00017504
    0.08905700      0.04115935      1.71672598      0.00017604
   -0.25023912      0.08035163      1.74487029      0.00016911
    0.38920026      0.04982567      1.72073546      0.00016626
    0.42912263      0.03914058      1.71528487      0.00017653
   -0.20999987      0.00570692      1.70480977      0.00017292
    0.45936707      0.05453342      1.72278565      0.00016557
    0.20918901      0.05052415      1.72188557      0.00016725
    0.22919829      0.05017813      1.72170478      0.00016991
    0.29807429      0.03448320      1.71418523      0.00019080
    0.18917398      0.05049330      1.72185924      0.00016948
    0.25921946      0.05494948      1.72453292      0.00016665
    0.31953553      0.07908569      1.74820776      0.00017555
    0.12917674      0.05115623      1.72203323      0.00016698
    0.31922220      0.05468087      1.72411752      0.00016602
   -0.17983371      0.01140312      1.70579252      0.00017747
    0.35809099      0.03426333      1.71385396      0.00019036
    0.10917722      0.05137613      1.72205092      0.00016758
    0.33952929      0.07905454      1.74796749      0.00017578
    0.08945260      0.07686058      1.74468097      0.00017351
    0.70887378      0.02753582      1.70850913      0.00019515
    0.02902239      0.04186365      1.71660764      0.00017500
    0.54001565      0.01067781      1.70607727      0.00016313
    0.65100230      0.02764832      1.70900359      0.00018793
    0.08916703      0.05140930      1.72195551      0.00016990
    0.35952886      0.07902746      1.74770158      0.00017442
   -0.03054597      0.07813776      1.74477357      0.00017472
    0.64001157      0.02244374      1.70787184      0.00017750
    0.41964772      0.08502074      1.75702641      0.00017864
    0.37922017      0.05457897      1.72362508      0.00016613
    0.44932097      0.04975689      1.72011462      0.00016947
    0.04944460      0.07727065      1.74476668      0.00017306
    0.64925538      0.07645464      1.74030084      0.00020510
    0.53999644      0.02185138      1.70866524      0.00018105
   -0.16983371      0.00569519      1.70492486      0.00017309
    0.41810444      0.03413507      1.71341895      0.00018999
   -0.02051135      0.08122543      1.74955345      0.00017389
    0.06962152      0.08826217      1.76490597      0.00017620
   -0.10006371      0.09517189      1.78142690      0.00017296
    0.06901506      0.05163119      1.72193540      0.00017444
    0.66000712      0.01109383      1.70550877      0.00016813
    0.43921805      0.05452777      1.72300687      0.00016591
    0.58009272      0.09550043      1.78129774      0.00017641
    0.55000689      0.00529758      1.70500574      0.00016177
   -0.01054778      0.07786568      1.74470922      0.00017300
    0.64000556      0.01113232      1.70562521      0.00016861
    0.50026212      0.01050816      1.70621548      0.00015662
    0.23805638      0.03479509      1.71441686      0.00019136
    0.17803971      0.03518156      1.71454412      0.00019253
    0.50026439      0.02171776      1.70896303      0.00018019
    0.32973187      0.08739782      1.76344479      0.00017722
    0.62918426      0.06885911      1.73205409      0.00017425
    0.63926680      0.06410409      1.72770934      0.00016464
    0.07802591      0.03607323      1.71453808      0.00019382
    0.56001635      0.01069048      1.70598022      0.00016315
    0.02913921      0.05209880      1.72185913      0.00016950
    0.65002225      0.09917234      1.79819352      0.00017596
   -0.03097785      0.04265018      1.71638177      0.00017457
    0.04897949      0.05203219      1.72198884      0.00016436
   -0.00010752      0.09739963      1.79279146      0.00017248
    0.01801502      0.03674595      1.71438781      0.00019486
    0.59000024      0.09902016      1.79831011      0.00017321
    0.42976122      0.08758800      1.76230168      0.00018055
    0.57000946      0.00539290      1.70497447      0.00016441
    0.63000556      0.00541612      1.70481377      0.00016431
    0.67000712      0.00537763      1.70469733      0.00016268
    0.51003875      0.00526568      1.70509060      0.00016132
   -0.04008402      0.09753312      1.79276098      0.00017217
    0.16792421      0.04086313      1.71687818      0.00016930
   -0.01005154      0.09871359      1.79838824      0.00017272
    0.66085909      0.09834484      1.79203798      0.00020261
    0.01990431      0.09734292      1.79280022      0.00017309
   -0.06052092      0.08171275      1.74956975      0.00017273
   -0.05003359      0.09878633      1.79838133      0.00017245
   -0.04100683      0.03731180      1.71407382      0.00017320
    0.30004779      0.09708960      1.79264363      0.00017471
    0.07000002      0.09861221      1.79839576      0.00017321
   -0.00051676      0.08100877      1.74956705      0.00017418
    0.31000221      0.09855127      1.79832915      0.00017559
   -0.02010197      0.09746038      1.79276788      0.00017271
    0.00994402      0.09868603      1.79840322      0.00017247
    0.13987084      0.09708808      1.79263750      0.00017598
    0.15988951      0.09709306      1.79271161      0.00017528
    0.28010771      0.09704913      1.79255371      0.00017689
    0.05948443      0.08038645      1.74950539      0.00017298
    0.17991315      0.09707255      1.79267686      0.00017563
    0.07996910      0.09719430      1.79274305      0.00017322
    0.26010045      0.09703756      1.79255117      0.00017800
   -0.07054433      0.07860452      1.74472386      0.00017175
    0.09949008      0.08003124      1.74943755      0.00017351
    0.18996009      0.09852609      1.79830955      0.00017635
    0.14993644      0.09854660      1.79834430      0.00017518
    0.19994589      0.09705233      1.79262722      0.00017691
    0.27006212      0.09851080      1.79823923      0.00017850
    0.39000139      0.09854599      1.79806709      0.00018325
    0.67083684      0.09917250      1.79784446      0.00018633
   -0.21003861      0.09918716      1.79827424      0.00017349
    0.31999814      0.09703023      1.79235259      0.00018013
    0.60994085      0.09907053      1.79827623      0.00017396
    0.59994109      0.09809068      1.79258634      0.00017205
   -0.15000000      0.09902018      1.79831025      0.00017321
    0.12993440      0.09854148      1.79829320      0.00017671
    0.55000000      0.09891487      1.79832939      0.00017321
    0.29004558      0.09853833      1.79831448      0.00017611
    0.49003414      0.09866919      1.79788915      0.00018762
    0.58001500      0.02234482      1.70841600      0.00017755
    0.02996029      0.09865689      1.79839699      0.00017285
   -0.09000646      0.09886349      1.79832512      0.00017363
    0.20998580      0.09852623      1.79831767      0.00017611
    0.08996908      0.09858209      1.79834729      0.00017483
    0.32999593      0.09847896      1.79802344      0.00018501
    0.59099408      0.02760918      1.70961747      0.00018922
   -0.03005043      0.09874679      1.79837964      0.00017275
    0.43000758      0.09854854      1.79786547      0.00018912
    0.16995306      0.09854646      1.79836731      0.00017452
    0.25003833      0.09852676      1.79831194      0.00017627
    0.65000000      0.00571620      1.70481144      0.00017321
    0.49022337      0.00524248      1.70512487      0.00016085
    0.61927089      0.05515544      1.72142183      0.00017786
    0.58971607      0.07676796      1.74107339      0.00016437
    0.61915590      0.06482142      1.72857854      0.00018240
    0.60922207      0.06912333      1.73253471      0.00017699
    0.59931998      0.06441571      1.72839428      0.00017833
    0.32987111      0.00548512      1.70538700      0.00016973
    0.04994578      0.00571354      1.70539591      0.00017645
    0.58958805      0.06883030      1.73246982      0.00017563
    0.38987538      0.00544704      1.70532679      0.00016819
    0.55945511      0.05519094      1.72206487      0.00017612
   -0.01005528      0.00577748      1.70532749      0.00017784
    0.44987901      0.00542731      1.70524183      0.00016703
    0.57961474      0.06450459      1.72868880      0.00017918
    0.14985811      0.00570383      1.70546663      0.00017668
    0.26986650      0.00554095      1.70542824      0.00017166
    0.20986257      0.00561437      1.70545476      0.00017399
    0.57002405      0.06902438      1.73284287      0.00017250
    0.55980416      0.06460710      1.72897762      0.00017614
    0.53012472      0.07615174      1.74120707      0.00018382
    0.55008068      0.06879221      1.73284756      0.00017534
    0.52004751      0.01064591      1.70616213      0.00016221
    0.51932840      0.05505395      1.72245042      0.00017439
    0.53965276      0.06438235      1.72900063      0.00017233
    0.53000876      0.00538023      1.70507153      0.00016458
    0.52963935      0.06846134      1.73276087      0.00017534
   -0.06938157      0.00637688      1.70535229      0.00019556
    0.51931425      0.06419664      1.72906969      0.00016489
    0.50936458      0.06828941      1.73284686      0.00016545
   -0.13000000      0.00568021      1.70503372      0.00017321
    0.49930925      0.06412579      1.72926716      0.00016639
    0.47996012      0.05435496      1.72252046      0.00018280
    0.46946412      0.07571495      1.74158804      0.00017382
    0.48934109      0.06819882      1.73303091      0.00016602
    0.59000153      0.00568021      1.70497789      0.00017291
    0.47929812      0.06384080      1.72930425      0.00016909
    0.46935134      0.06794867      1.73310169      0.00017321
   -0.19000000      0.00570793      1.70486766      0.00017321
    0.45930780      0.06362241      1.72939438      0.00017321
    0.44935286      0.06793562      1.73334768      0.00017321
    0.43930921      0.06361750      1.72963120      0.00017321
    0.41923164      0.05431776      1.72311958      0.00017321
    0.10992598      0.00568745      1.70544159      0.00017602
    0.42935432      0.06792692      1.73358876      0.00017321
    0.42918425      0.04953682      1.72022220      0.00016920
    0.68001995      0.01080076      1.70535129      0.00016342
    0.40945842      0.07564807      1.74238304      0.00017460
    0.41931054      0.06361813      1.72986181      0.00017321
    0.69001283      0.00542313      1.70465396      0.00016387
    0.40935698      0.06792468      1.73382375      0.00017318
    0.39931307      0.06362626      1.73008520      0.00017323
    0.36945963      0.07560859      1.74281994      0.00017339
    0.38935826      0.06792925      1.73404995      0.00017325
    0.58001099      0.01107311      1.70595236      0.00016846
    0.35923250      0.05439780      1.72370513      0.00017310
    0.37931295      0.06364159      1.73029824      0.00017321
    0.34947264      0.07565875      1.74311793      0.00017604
    0.36918360      0.04961571      1.72080049      0.00016934
    0.36935817      0.06794191      1.73426597      0.00017321
    0.35931429      0.06366139      1.73049745      0.00017330
    0.34935953      0.06795937      1.73446777      0.00017341
    0.32946115      0.07565657      1.74329387      0.00017490
    0.33931569      0.06368586      1.73068095      0.00017351
    0.32936067      0.06798727      1.73465748      0.00017362
    0.29923304      0.05454867      1.72416496      0.00017255
    0.30948394      0.07569182      1.74351998      0.00017767
    0.31931742      0.06371893      1.73085002      0.00017375
    0.30918178      0.04976292      1.72125337      0.00016888
    0.30936632      0.06799435      1.73479862      0.00017313
    0.29932236      0.06374204      1.73097772      0.00017254
    0.28936804      0.06802892      1.73493927      0.00017266
    0.27931953      0.06383253      1.73114573      0.00017249
    0.26955587      0.07574564      1.74379916      0.00017550
    0.26936732      0.06813378      1.73512739      0.00017263
    0.23922984      0.05487428      1.72454914      0.00017312
    0.25932124      0.06394735      1.73131323      0.00017306
    0.24917575      0.05006157      1.72161557      0.00016954
    0.24936783      0.06823759      1.73528955      0.00017314
    0.22949721      0.07593522      1.74414782      0.00017570
    0.23932015      0.06405243      1.73144282      0.00017305
    0.21924248      0.05518375      1.72473378      0.00016719
    0.22936501      0.06834829      1.73542788      0.00017317
    0.19922109      0.05535121      1.72482660      0.00016621
    0.21931889      0.06417576      1.73156321      0.00017328
    0.20936418      0.06846437      1.73554378      0.00017323
    0.17922810      0.05529275      1.72478596      0.00017321
    0.18945321      0.07610712      1.74432460      0.00017347
    0.19931986      0.06429942      1.73165538      0.00017320
    0.18936515      0.06858718      1.73563686      0.00017320
    0.17932051      0.06443842      1.73173480      0.00017321
    0.16936600      0.06872709      1.73571936      0.00017324
    0.15932141      0.06459276      1.73180190      0.00017329
    0.13921770      0.05580029      1.72495317      0.00016770
    0.14942320      0.07640736      1.74457707      0.00017600
    0.14936670      0.06887858      1.73578546      0.00017325
    0.13932197      0.06475669      1.73185072      0.00017321
    0.11923657      0.05600659      1.72498328      0.00016717
    0.12936392      0.06904287      1.73583746      0.00017333
    0.09921913      0.05621246      1.72499374      0.00016708
    0.10944597      0.07668271      1.74463478      0.00017360
    0.11931948      0.06493682      1.73188997      0.00017328
    0.10936431      0.06922331      1.73588058      0.00017325
    0.07922745      0.05624387      1.72489831      0.00017320
    0.09932331      0.06512940      1.73191671      0.00017336
    0.06944785      0.07704572      1.74470531      0.00017275
    0.08936750      0.06941815      1.73591433      0.00017348
    0.07932373      0.06533578      1.73193416      0.00017356
    0.06936696      0.06962769      1.73594091      0.00017371
    0.05932397      0.06555410      1.73194218      0.00017382
    0.04936502      0.06985632      1.73596787      0.00017418
    0.03932311      0.06578963      1.73194951      0.00017443
    0.01922953      0.05695026      1.72482195      0.00017320
    0.00944612      0.07770065      1.74480757      0.00017493
    0.02936565      0.07008525      1.73597533      0.00017432
    0.01932606      0.06601718      1.73192880      0.00017429
    0.00937080      0.07028797      1.73593439      0.00017375
   -0.00067011      0.06623413      1.73187988      0.00017333
   -0.01062582      0.07050372      1.73589524      0.00017343
   -0.02066877      0.06648082      1.73185470      0.00017351
   -0.04076676      0.05773501      1.72468116      0.00017343
   -0.05055633      0.07840123      1.74480351      0.00017462
    0.00901470      0.05233803      1.72179973      0.00017498
   -0.03062534      0.07075511      1.73588881      0.00017378
   -0.04066881      0.06674837      1.73184233      0.00017383
   -0.05062447      0.07103068      1.73590128      0.00017393
    0.41951271      0.07907030      1.74694191      0.00017425
   -0.06066185      0.06713014      1.73192052      0.00017212
   -0.09050501      0.07885585      1.74474973      0.00017375
    0.05906835      0.05664950      1.72497252      0.00016725
   -0.07061713      0.07139245      1.73597686      0.00017012
   -0.08066276      0.06747838      1.73196641      0.00017036
   -0.10075524      0.05871648      1.72465696      0.00017668
   -0.11049898      0.07905113      1.74468921      0.00017400
   -0.08047377      0.08192997      1.74952741      0.00017178
   -0.03085718      0.05286145      1.72167161      0.00016992
   -0.09062120      0.07161634      1.73593573      0.00017006
    0.03919321      0.05687010      1.72494015      0.00016771
    0.45954326      0.07918234      1.74646307      0.00017498
   -0.13049758      0.07925132      1.74464568      0.00017399
   -0.10065697      0.06767999      1.73189754      0.00017027
   -0.10043266      0.08217660      1.74954408      0.00017374
   -0.11060711      0.07179403      1.73585666      0.00017058
   -0.05049495      0.05325856      1.72167260      0.00016087
   -0.01101928      0.05274039      1.72181139      0.00016526
    0.47954099      0.07920875      1.74615111      0.00017478
   -0.00092968      0.05735111      1.72485207      0.00016830
   -0.12064783      0.06778740      1.73175594      0.00017178
    0.43953261      0.07913993      1.74673435      0.00017577
   -0.12043175      0.08237247      1.74948102      0.00017439
    0.59982741      0.09560430      1.78101583      0.00018021
   -0.02080265      0.05760051      1.72479867      0.00016855
   -0.13060553      0.07192335      1.73575315      0.00017332
    0.42945504      0.07565570      1.74210957      0.00017387
    0.44947553      0.07572926      1.74193002      0.00017658
   -0.14975227      0.02771291      1.70969567      0.00016514
   -0.06043438      0.05837137      1.72485301      0.00016674
   -0.14064739      0.06802837      1.73174632      0.00017175
   -0.16072781      0.05944218      1.72450088      0.00017594
   -0.17048116      0.07963059      1.74458041      0.00017223
    0.18966331      0.08767136      1.76464341      0.00017949
    0.48947117      0.07580048      1.74139142      0.00017472
   -0.15059885      0.07222756      1.73581390      0.00016976
   -0.09988407      0.01122072      1.70619570      0.00017366
   -0.16063185      0.06831720      1.73179091      0.00016969
   -0.22029992      0.08884390      1.75946644      0.00017170
    0.35968221      0.08489392      1.75770640      0.00017447
   -0.17057804      0.07241383      1.73579797      0.00017007
    0.20944537      0.07599477      1.74420668      0.00017306
   -0.15999286      0.09809517      1.79260711      0.00017309
    0.67929215      0.05493020      1.72082827      0.00017254
   -0.18061156      0.06850250      1.73177721      0.00017026
    0.16945108      0.07626437      1.74448213      0.00017550
    0.69881204      0.08572317      1.75300419      0.00014564
    0.36990703      0.09178797      1.77422915      0.00018759
   -0.24030275      0.08345781      1.74950424      0.00017190
    0.17958167      0.08524885      1.75929656      0.00017598
   -0.19055274      0.07259827      1.73580926      0.00017007
    0.57051415      0.09386912      1.77549750      0.00017047
   -0.23046731      0.07286854      1.73584950      0.00017207
   -0.23092681      0.05528028      1.72109287      0.00016572
   -0.22090586      0.05991146      1.72435072      0.00017351
    0.37968159      0.08495466      1.75756171      0.00017780
   -0.20058035      0.06862479      1.73174029      0.00017134
   -0.10000646      0.09778085      1.79266605      0.00017307
   -0.21051709      0.07271045      1.73579137      0.00017259
    0.19961117      0.08516079      1.75921358      0.00018034
   -0.21177119      0.05506349      1.72106976      0.00015957
   -0.24022649      0.08901251      1.75953500      0.00017193
   -0.22054297      0.06873668      1.73172841      0.00017224
    0.55310612      0.03584882      1.71266003      0.00017068
    0.19948910      0.07934976      1.74900602      0.00017310
   -0.20147157      0.05980305      1.72439638      0.00017383
   -0.13994862      0.01126390      1.70599275      0.00017025
    0.17949364      0.07949564      1.74918531      0.00017459
    0.03986422      0.09422876      1.78149989      0.00017388
   -0.23038358      0.08014859      1.74469699      0.00017189
    0.04977564      0.09245040      1.77579573      0.00017240
   -0.08989962      0.00566338      1.70513473      0.00017328
    0.60016367      0.01093909      1.70581698      0.00017051
    0.15976670      0.09385127      1.78145990      0.00017701
   -0.09024493      0.08981134      1.76501240      0.00017301
    0.74793877      0.08322760      1.74921174      0.00019344
    0.67933609      0.07980163      1.74424805      0.00018225
   -0.06873411      0.04508662      1.71697103      0.00014123
   -0.11000000      0.09891735      1.79834093      0.00017285
    0.56999775      0.09897176      1.79834625      0.00017239
    0.46999727      0.09211454      1.77318972      0.00019404
   -0.31415413      0.07705084      1.74071901      0.00017199
   -0.16031442      0.08819753      1.75933743      0.00017208
   -0.24008936      0.09642252      1.78123705      0.00017200
    0.69078388      0.09285336      1.76830885      0.00014736
    0.49983975      0.08542472      1.75615051      0.00018160
    0.75444342      0.07708727      1.74076546      0.00016348
   -0.01040677      0.08895221      1.76502250      0.00017528
   -0.07996813      0.02333163      1.70918214      0.00018028
   -0.31498565      0.04810356      1.71670515      0.00014751
    0.58998128      0.09404228      1.77538098      0.00017348
   -0.13993552      0.02315405      1.70866763      0.00019289
    0.56041942      0.09527549      1.78118551      0.00018095
    0.75434344      0.04699132      1.71608543      0.00016640
    0.68944909      0.08855095      1.75853094      0.00017095
    0.39952395      0.07908137      1.74726501      0.00017521
   -0.06013539      0.09486724      1.78154719      0.00017398
    0.13944953      0.07973732      1.74933912      0.00017377
   -0.07928119      0.01204026      1.70648702      0.00019756
    0.36977073      0.08738973      1.76291374      0.00017762
    0.60115221      0.02159635      1.70799291      0.00016588
    0.75479238      0.09544843      1.77543523      0.00015317
    0.02974381      0.09265905      1.77608526      0.00017384
    0.37952384      0.07903999      1.74747274      0.00017498
    0.55999775      0.09788663      1.79267564      0.00017275
    0.67948231      0.08632819      1.75442722      0.00018278
   -0.20027933      0.08865462      1.75944052      0.00017234
    0.63994337      0.09829017      1.79241207      0.00017837
    0.61986198      0.09818836      1.79249478      0.00017421
   -0.02043490      0.08675880      1.75971060      0.00017452
    0.73759603      0.06982307      1.73277759      0.00017018
    0.51999161      0.07952867      1.74592858      0.00018554
   -0.21027209      0.09105381      1.76472972      0.00017218
    0.47973647      0.08523315      1.75622602      0.00017955
    0.12954220      0.08787601      1.76474149      0.00017639
    0.11947220      0.07984808      1.74934096      0.00017270
    0.61428157      0.03515877      1.71172980      0.00015028
    0.23962358      0.07927885      1.74892757      0.00017776
   -0.23018337      0.09493514      1.77560287      0.00017173
    0.75349536      0.08822220      1.75760093      0.00019133
   -0.23025679      0.09123067      1.76474154      0.00017123
    0.38946770      0.07566097      1.74267048      0.00017624
    0.49963132      0.07936909      1.74604037      0.00017805
   -0.14045406      0.08254260      1.74937090      0.00017297
    0.74871708      0.07026105      1.73327583      0.00017542
   -0.13023733      0.09022316      1.76486027      0.00017286
   -0.16044958      0.08272023      1.74930541      0.00017119
    0.74861710      0.05512464      1.72087278      0.00015856
    0.10960991      0.08801477      1.76485090      0.00017441
    0.62992112      0.09911784      1.79821855      0.00017545
    0.48987508      0.08788053      1.76157648      0.00018015
    0.75427366      0.06297867      1.72670548      0.00016847
    0.12943497      0.07649472      1.74453425      0.00017236
   -0.17024768      0.09058942      1.76461130      0.00017242
    0.25968102      0.07919869      1.74874982      0.00017697
    0.11953811      0.08552056      1.75943048      0.00017536
   -0.20036502      0.08313843      1.74939270      0.00017233
   -0.04019812      0.09472954      1.78158477      0.00017280
    0.67407405      0.03506049      1.71111411      0.00014933
    0.30007799      0.09385997      1.78137801      0.00017473
   -0.12029371      0.08785623      1.75958849      0.00017225
   -0.08034655      0.08740936      1.75966552      0.00017359
   -0.26996838      0.09157388      1.76495959      0.00017038
    0.01979633      0.09437351      1.78165849      0.00017382
    0.50955657      0.07593105      1.74125955      0.00017752
   -0.18040812      0.08293310      1.74933531      0.00017179
    0.61882564      0.08801039      1.75862954      0.00018114
    0.74828773      0.09246615      1.76681429      0.00016747
   -0.26007354      0.06879687      1.73172251      0.00018933
   -0.15051347      0.07941383      1.74454596      0.00017090
    0.24953906      0.07587707      1.74405437      0.00017782
   -0.19044619      0.07981211      1.74458492      0.00017144
    0.27970786      0.07914995      1.74859899      0.00017812
   -0.18030981      0.08841463      1.75933419      0.00017111
    0.56136001      0.08696664      1.75787996      0.00017782
    0.29963975      0.07914506      1.74848056      0.00017712
    0.73045602      0.09949581      1.79898407      0.00015124
    0.60960101      0.09423159      1.77530639      0.00017543
    0.70429010      0.09616774      1.77879019      0.00012402
    0.57074953      0.08971582      1.76382459      0.00018434
    0.63967921      0.09592451      1.78075741      0.00018434
   -0.07612248      0.04003354      1.71474112      0.00013105
   -0.07016733      0.09340588      1.77595465      0.00017374
   -0.27991607      0.08927309      1.75974630      0.00017334
   -0.07029889      0.08956622      1.76499016      0.00017515
    0.69796031      0.09757610      1.78560134      0.00014039
   -0.26162288      0.04663109      1.71593436      0.00012090
   -0.10897089      0.02691939      1.70985590      0.00013799
   -0.27024487      0.07274334      1.73575635      0.00019120
   -0.29038367      0.09191081      1.76576345      0.00020095
   -0.29970455      0.08398784      1.75029949      0.00015424
    0.73170261      0.07603926      1.73932517      0.00016126
   -0.31395139      0.02967005      1.70888024      0.00017789
    0.75440719      0.02874869      1.70860399      0.00016449
   -0.09056151      0.02717702      1.71011420      0.00014347
   -0.17139660      0.05481730      1.72125789      0.00019030
    0.28956781      0.07573448      1.74372076      0.00018007
   -0.19216656      0.05505502      1.72121529      0.00017704
   -0.05832876      0.01182779      1.70653315      0.00019680
    0.68546382      0.09740777      1.78518155      0.00014746
   -0.15070543      0.05568574      1.72195011      0.00015714
   -0.01994495      0.01014865      1.70628743      0.00015200
   -0.11138233      0.05432465      1.72159113      0.00018485
    0.60922731      0.09036423      1.76413966      0.00017393
    0.72045602      0.09883664      1.79324832      0.00017407
   -0.30066109      0.06869107      1.73172334      0.00014674
   -0.09036373      0.05414817      1.72173320      0.00018110
   -0.07003392      0.05412901      1.72194739      0.00016157
    0.00073265      0.01105608      1.70656514      0.00019261
    0.04000943      0.00998723      1.70640529      0.00015134
   -0.00228049      0.03847500      1.71484913      0.00013634
   -0.02117643      0.03848229      1.71468855      0.00015333
    0.06073749      0.01089004      1.70667299      0.00019045
    0.09998938      0.00989034      1.70647875      0.00014983
   -0.29866577      0.09720712      1.78303224      0.00013584
    0.74880462      0.00447591      1.70440498      0.00013483
   -0.25893145      0.06085011      1.72475924      0.00014656
   -0.30854382      0.00492276      1.70446894      0.00014835
    0.05772586      0.03786689      1.71508248      0.00013547
    0.03882541      0.03777303      1.71492933      0.00015306
    0.13977322      0.00997246      1.70653925      0.00015380
    0.11984109      0.00995609      1.70651420      0.00015325
   -0.30843880      0.09954105      1.79914909      0.00014618
   -0.31510547      0.09890056      1.79264608      0.00014393
    0.16063891      0.01075834      1.70676185      0.00019063
    0.11926819      0.03681119      1.71501273      0.00015858
    0.09911050      0.03706231      1.71502225      0.00016046
    0.19991630      0.00971750      1.70649772      0.00014648
    0.15773477      0.03708998      1.71522955      0.00013431
    0.22064735      0.01060186      1.70673657      0.00018791
   -0.26574430      0.05561501      1.72110648      0.00011469
    0.13901066      0.03672060      1.71504459      0.00014920
    0.25992318      0.00958796      1.70645633      0.00014450
    0.28065509      0.01047195      1.70668311      0.00018552
    0.21793513      0.03662558      1.71510704      0.00013134
    0.19890346      0.03630499      1.71499933      0.00015248
    0.31993155      0.00948807      1.70639030      0.00014284
    0.68880932      0.02545869      1.70804175      0.00012181
    0.34066330      0.01037431      1.70660046      0.00018352
    0.27794666      0.03634593      1.71492781      0.00013157
    0.25891215      0.03589097      1.71480842      0.00015147
    0.37993936      0.00941865      1.70629274      0.00014150
   -0.09985901      0.02144300      1.70848005      0.00014470
    0.40067042      0.01031069      1.70647972      0.00018193
    0.51000967      0.02609505      1.71001280      0.00015868
    0.52995821      0.02617359      1.70983414      0.00015607
    0.43994611      0.00938087      1.70615311      0.00014048
    0.54995388      0.02611951      1.70963307      0.00015779
    0.63018866      0.02626417      1.70883915      0.00014981
    0.56997967      0.02631298      1.70947747      0.00015784
    0.33796246      0.03613009      1.71462972      0.00013120
    0.31892979      0.03560500      1.71453182      0.00015131
    0.45987901      0.00962616      1.70616177      0.00015033
    0.48022337      0.00944134      1.70604481      0.00014922
   -0.30893704      0.03999549      1.71278988      0.00017965
    0.67094059      0.02543200      1.70818900      0.00012288
    0.74875063      0.03796188      1.71189390      0.00016999
   -0.31521048      0.01142577      1.70510943      0.00014084
    0.39797563      0.03600870      1.71422511      0.00013099
    0.37894405      0.03542618      1.71415744      0.00015144
    0.70018600      0.09892451      1.79443254      0.00013958
    0.61132778      0.02545277      1.70879378      0.00013323
    0.43910344      0.03525429      1.71364655      0.00015663
    0.45896584      0.03543124      1.71352866      0.00014895
    0.49015976      0.05082577      1.72024133      0.00015073
    0.50953540      0.05125951      1.72022182      0.00015008
    0.70660039      0.07017293      1.73283782      0.00010771
    0.52940056      0.05136509      1.72003938      0.00015403
    0.54947869      0.05142250      1.71983258      0.00015320
    0.69047512      0.05105519      1.71834999      0.00018523
   -0.31003497      0.07059652      1.73353963      0.00014253
    0.56946867      0.05170988      1.71975852      0.00015097
    0.60897816      0.05109859      1.71899832      0.00016881
    0.62930229      0.05166278      1.71911746      0.00015413
   -0.31086649      0.05660878      1.72180275      0.00011384
    0.73631902      0.08261758      1.74826969      0.00018691
    0.66887577      0.05093586      1.71839096      0.00017020
    0.74868920      0.09957487      1.79938088      0.00013916
    0.70069357      0.09373596      1.77058882      0.00011485
    0.68102284      0.09875618      1.79401275      0.00014168
   -0.18133415      0.05978099      1.72452716      0.00017147
   -0.30940588      0.09164890      1.76474484      0.00014682
    0.71747181      0.08483769      1.75142818      0.00013344
    0.75547128      0.01097892      1.70504547      0.00013317
    0.75535586      0.09893438      1.79287787      0.00013656
    0.72165139      0.07507038      1.73815161      0.00011744
   -0.04894719      0.00545091      1.70518086      0.00016732
   -0.14065801      0.06036157      1.72517255      0.00013234
   -0.03883686      0.00982207      1.70614080      0.00013236
   -0.13129310      0.05575068      1.72215443      0.00013177
   -0.30973305      0.08273451      1.74830079      0.00014366
   -0.02988967      0.00437116      1.70495994      0.00013426
   -0.12132478      0.05928153      1.72473098      0.00016066
   -0.08030701      0.05897372      1.72500445      0.00016119
    0.01078793      0.00527860      1.70523765      0.00016265
    0.02085158      0.00955228      1.70624704      0.00013318
    0.03006365      0.00427369      1.70500939      0.00013174
   -0.07233370      0.02973617      1.71107135      0.00013415
   -0.01127238      0.04383344      1.71699112      0.00013385
    0.07079171      0.00517650      1.70527709      0.00015995
    0.71540815      0.07973640      1.74377049      0.00011636
    0.08085511      0.00937939      1.70631425      0.00013101
    0.09006340      0.00420289      1.70503716      0.00012987
    0.04872851      0.04317027      1.71722950      0.00013271
    0.12991511      0.00426863      1.70507262      0.00013204
   -0.31557892      0.08776554      1.75673643      0.00013009
    0.17078080      0.00505451      1.70529522      0.00015653
    0.18083453      0.00915763      1.70633818      0.00012816
    0.19005373      0.00410312      1.70504296      0.00012701
    0.10917863      0.04247594      1.71730895      0.00013661
    0.23078478      0.00498748      1.70528181      0.00015449
    0.14876914      0.04225661      1.71736793      0.00013012
    0.24084145      0.00903449      1.70630990      0.00012644
   -0.27878291      0.04401594      1.71463267      0.00014775
    0.25005667      0.00404701      1.70502809      0.00012527
    0.29078859      0.00493101      1.70525487      0.00015265
    0.30084903      0.00893396      1.70625817      0.00012496
    0.20896644      0.04175191      1.71724778      0.00013223
    0.31006044      0.00400295      1.70500330      0.00012380
    0.35079219      0.00488919      1.70521346      0.00015113
    0.36085617      0.00886080      1.70617941      0.00012375
    0.37006398      0.00397161      1.70496595      0.00012262
    0.73914522      0.09907068      1.79436495      0.00010595
    0.26897171      0.04140612      1.71703730      0.00013177
    0.41079504      0.00486365      1.70515293      0.00014995
   -0.29937738      0.08982189      1.76098065      0.00015510
    0.42086215      0.00881721      1.70606421      0.00012283
    0.43006710      0.00395356      1.70491128      0.00012172
    0.52001616      0.02026569      1.70833677      0.00013245
    0.62034479      0.02021163      1.70743161      0.00012608
    0.55998255      0.02033884      1.70801957      0.00013295
    0.47000000      0.00419885      1.70491994      0.00012895
    0.73879823      0.01000542      1.70499083      0.00012105
    0.32898425      0.04116526      1.71671275      0.00013147
    0.67995714      0.02023443      1.70689744      0.00012391
   -0.31588084      0.06335057      1.72701573      0.00012124
    0.38899361      0.04103554      1.71627999      0.00013140
   -0.29852179      0.01036210      1.70504050      0.00012087
    0.44926798      0.04087965      1.71569164      0.00013560
    0.49946592      0.05623857      1.72326138      0.00013309
    0.53939981      0.05642879      1.72289841      0.00013262
   -0.29817215      0.09894144      1.79354284      0.00012391
    0.57940841      0.05660624      1.72251721      0.00012060
    0.70012173      0.05718079      1.72221620      0.00016199
    0.58902282      0.05257319      1.71991855      0.00011976
    0.59896108      0.05605695      1.72201460      0.00013817
    0.49143629      0.02636984      1.71025634      0.00013309
    0.63926984      0.05657375      1.72192942      0.00012218
    0.64885565      0.05241336      1.71926477      0.00011878
    0.65881868      0.05580559      1.72135559      0.00013967
   -0.30916188      0.02183670      1.70681183      0.00013027
    0.47774361      0.03406871      1.71284908      0.00011715
    0.74987847      0.02046849      1.70647162      0.00011408
   -0.24899051      0.05650626      1.72179338      0.00012933
    0.75014824      0.09756065      1.78357222      0.00010478
   -0.05925398      0.03911703      1.71455915      0.00012509
    0.70644891      0.07683949      1.74023293      0.00011634
    0.73987209      0.01949499      1.70641698      0.00012101
    0.69018600      0.09958367      1.80016829      0.00011563
    0.70937512      0.09168482      1.76475884      0.00011891
    0.74060426      0.09769695      1.78505930      0.00010440
   -0.29913985      0.02077303      1.70674290      0.00012947
    0.71828370      0.09314942      1.76859674      0.00011462
    0.73389379      0.09649573      1.77957920      0.00013725
    0.59948592     -0.09554069      1.82730417      0.00017213
   -0.28302327     -0.05879160      1.88455573      0.00020248
    0.71098661     -0.09098201      1.84417482      0.00020424
    0.66996464     -0.09908363      1.81058532      0.00019946
   -0.27574082     -0.05304200      1.88846059      0.00014820
    0.65961956     -0.09818383      1.81676117      0.00020268
   -0.18697921     -0.04481044      1.89235860      0.00020070
   -0.19352561     -0.03757377      1.89552447      0.00019316
    0.60897722     -0.09411301      1.83308496      0.00016900
    0.64965493     -0.09910020      1.81017585      0.00018723
    0.70059707     -0.08745874      1.85153808      0.00021703
    0.61813522     -0.08756464      1.85025134      0.00017952
   -0.25194374     -0.04682401      1.89193112      0.00015092
   -0.28960761     -0.03761794      1.89617577      0.00020098
   -0.24550411     -0.04059521      1.89481453      0.00017839
    0.53009406     -0.07736989      1.86500132      0.00020533
   -0.10715335     -0.04531628      1.89126534      0.00019216
    0.65795432     -0.08078450      1.86226349      0.00019603
   -0.11350279     -0.03790229      1.89447511      0.00019827
   -0.23328074     -0.04513372      1.89262917      0.00017072
   -0.22589223     -0.03948921      1.89507689      0.00017534
    0.57963766     -0.08680276      1.85082403      0.00019129
    0.72079582     -0.08978212      1.84707706      0.00015405
   -0.15468053     -0.04395253      1.89243716      0.00015921
   -0.06719263     -0.04492165      1.89097665      0.00019218
   -0.14677782     -0.03835520      1.89471361      0.00020138
   -0.21342020     -0.04413963      1.89297682      0.00018807
   -0.20632177     -0.03751861      1.89568024      0.00017447
   -0.07372880     -0.03777309      1.89407028      0.00020110
    0.62836123     -0.07767348      1.86607982      0.00018489
    0.60863916     -0.09001070      1.84457047      0.00017964
   -0.29800905     -0.04339574      1.89356420      0.00019279
   -0.31383599     -0.09508565      1.83377666      0.00018129
   -0.17376344     -0.04530531      1.89196632      0.00019811
    0.69000069     -0.09413881      1.83513785      0.00021141
    0.72766952     -0.04145918      1.89464812      0.00016986
    0.67986718     -0.09551725      1.82975770      0.00021656
   -0.16692571     -0.03887268      1.89473223      0.00018269
    0.02250243     -0.02803848      1.89667232      0.00018699
    0.56015055     -0.09493778      1.82792475      0.00019667
    0.01642512     -0.02060813      1.89888587      0.00019045
    0.67995206     -0.09833594      1.81655832      0.00019062
   -0.00289745     -0.02650520      1.89733425      0.00016206
    0.00421081     -0.02024078      1.89903155      0.00016309
    0.64785407     -0.08974357      1.84626253      0.00019366
    0.63921385     -0.09820998      1.81598304      0.00018501
    0.05584720     -0.02617820      1.89708252      0.00019000
    0.06390051     -0.01980211      1.89889935      0.00016613
   -0.12577017     -0.03726170      1.89483388      0.00017401
    0.08251125     -0.02759426      1.89650041      0.00018402
    0.48998667     -0.09864450      1.81021171      0.00019074
    0.07638458     -0.02024957      1.89874713      0.00018750
   -0.13366162     -0.04363132      1.89236857      0.00019683
    0.68988203     -0.08949377      1.84737564      0.00019345
    0.11586415     -0.02575083      1.89698815      0.00018754
    0.12391241     -0.01947086      1.89884002      0.00016256
   -0.09385699     -0.04530505      1.89111075      0.00018793
    0.52027675     -0.08081586      1.85998562      0.00020261
   -0.30894146     -0.09716405      1.82587146      0.00013747
    0.50013639     -0.08018406      1.86072434      0.00018229
    0.58544609     -0.04386398      1.89242799      0.00015405
    0.59328795     -0.03783158      1.89505898      0.00018525
    0.65824833     -0.08678423      1.85266115      0.00017923
    0.17587676     -0.02541191      1.89697958      0.00018544
    0.18391378     -0.01921122      1.89884471      0.00015926
   -0.29450029     -0.05473138      1.88729940      0.00017491
   -0.08708055     -0.03796304      1.89415448      0.00019785
    0.64860473     -0.09392183      1.83486266      0.00021091
    0.23587645     -0.02519092      1.89703183      0.00018432
    0.24391510     -0.01900497      1.89890411      0.00015718
    0.14250133     -0.02725830      1.89642114      0.00018052
    0.73605258     -0.03554320      1.89699289      0.00017112
    0.13637606     -0.01998781      1.89868131      0.00018315
    0.29589329     -0.02498576      1.89717317      0.00018312
    0.30393017     -0.01883334      1.89901986      0.00015541
    0.43978106     -0.09410860      1.82757585      0.00018242
   -0.05395196     -0.04441472      1.89107773      0.00018490
    0.35591061     -0.02484707      1.89739269      0.00018201
    0.36394512     -0.01872225      1.89919221      0.00015405
    0.64780847     -0.07748584      1.86656737      0.00018519
    0.63757342     -0.08135648      1.86118892      0.00017484
    0.56996662     -0.08920440      1.84543417      0.00018495
    0.51015863     -0.09292197      1.83350989      0.00019025
    0.72825769     -0.05089127      1.88980844      0.00017128
    0.49432854     -0.02464408      1.89827007      0.00017023
    0.50244798     -0.01901636      1.89979607      0.00016176
   -0.04737002     -0.03734163      1.89401642      0.00017340
    0.20248287     -0.02700906      1.89642707      0.00017694
   -0.29146364     -0.07312920      1.87187817      0.00019586
   -0.29080023     -0.08042784      1.86303179      0.00019134
    0.40989391     -0.09224075      1.83311458      0.00018438
    0.19632066     -0.01980542      1.89867519      0.00017830
   -0.30149905     -0.05974122      1.88387907      0.00012976
    0.42976060     -0.09228629      1.83340690      0.00018105
    0.45946155     -0.08585946      1.84997842      0.00019311
    0.55015509     -0.08908567      1.84505138      0.00019478
    0.41990484     -0.09404002      1.82740594      0.00018310
    0.26249836     -0.02673566      1.89653986      0.00017585
   -0.29071472     -0.02689700      1.89980341      0.00018133
    0.73078596     -0.09590463      1.83058705      0.00016162
    0.46968115     -0.09260111      1.83333346      0.00019414
    0.25633338     -0.01957789      1.89875192      0.00017577
   -0.01529103     -0.02221922      1.89865548      0.00016807
    0.58966314     -0.09391587      1.83306256      0.00017121
    0.32251621     -0.02653781      1.89672994      0.00017483
    0.55030087     -0.09342330      1.83323056      0.00017869
    0.49999848     -0.09432926      1.82824940      0.00019254
    0.31634933     -0.01940871      1.89888183      0.00017377
    0.57006768     -0.09347562      1.83370981      0.00018496
    0.03484412     -0.02815387      1.89654532      0.00016252
    0.38274722     -0.02635494      1.89702875      0.00017590
    0.58947232     -0.08967028      1.84476413      0.00019167
    0.49999199     -0.09741817      1.81607189      0.00018569
    0.36982734     -0.09192001      1.83343823      0.00017994
    0.42286895     -0.02647179      1.89721565      0.00017404
    0.54010914     -0.08084743      1.86040998      0.00017509
    0.46265573     -0.02655779      1.89746602      0.00017176
    0.37636494     -0.01930422      1.89907276      0.00017223
    0.50997900     -0.07680130      1.86556244      0.00018501
    0.47997326     -0.09736382      1.81594406      0.00018351
    0.39009202     -0.09847901      1.81018537      0.00019109
    0.04277762     -0.02164095      1.89848394      0.00018482
    0.62784221     -0.09024391      1.84458148      0.00017559
   -0.02215918     -0.02857742      1.89684660      0.00014313
    0.46954943     -0.08828735      1.84494822      0.00018677
    0.41631426     -0.01953277      1.89916826      0.00017315
    0.53364563     -0.04256035      1.89245360      0.00016068
    0.52801274     -0.03588350      1.89506680      0.00014283
    0.72392776     -0.08542650      1.85568146      0.00014465
    0.67245130     -0.04305147      1.89369233      0.00016658
    0.57304280     -0.04328689      1.89256660      0.00017952
    0.45631605     -0.01954469      1.89937236      0.00017290
    0.63295216     -0.04303456      1.89334684      0.00017529
    0.50015806     -0.08604645      1.85072422      0.00016966
    0.47988996     -0.09420406      1.82811742      0.00019423
    0.09485341     -0.02778616      1.89637635      0.00015994
    0.31017396     -0.09181025      1.83306896      0.00018275
    0.56651926     -0.03625089      1.89533396      0.00017925
    0.66607686     -0.03627514      1.89639757      0.00017303
    0.62661682     -0.03609975      1.89606243      0.00017733
    0.44958726     -0.09254814      1.83307769      0.00017583
    0.32017577     -0.09357945      1.82760347      0.00018424
    0.40006923     -0.09389797      1.82758008      0.00017554
    0.30009432     -0.09375221      1.82696941      0.00017747
    0.10278854     -0.02135577      1.89835778      0.00018255
    0.73069971     -0.09299578      1.83992525      0.00014456
    0.35985831     -0.09372147      1.82758249      0.00018006
    0.33000573     -0.09849401      1.80992201      0.00018331
    0.54036938     -0.08701382      1.84945051      0.00018431
    0.38000869     -0.09369705      1.82794733      0.00018068
    0.34997453     -0.09851808      1.80988863      0.00018217
    0.15483961     -0.02752532      1.89629789      0.00015723
    0.38006513     -0.09698044      1.81620296      0.00019190
    0.16277585     -0.02116302      1.89830300      0.00018071
    0.21481188     -0.02737697      1.89629348      0.00015370
    0.27990319     -0.08533923      1.84859296      0.00017944
    0.32007306     -0.09698760      1.81580222      0.00018101
   -0.28082037     -0.06825852      1.87671838      0.00020295
    0.44947892     -0.08831639      1.84439244      0.00018211
    0.26001117     -0.09378985      1.82664231      0.00018028
    0.35994765     -0.09701950      1.81590623      0.00018408
    0.52139002     -0.01965203      1.89979891      0.00014871
    0.22271144     -0.02108232      1.89829553      0.00018077
    0.27482508     -0.02715984      1.89641222      0.00015284
    0.29007446     -0.09201969      1.83233280      0.00017562
    0.61840584     -0.08125222      1.86104719      0.00018663
    0.26996456     -0.08777624      1.84321675      0.00017699
    0.33484076     -0.02700424      1.89661621      0.00015201
    0.28272432     -0.02090907      1.89839092      0.00017990
    0.33998026     -0.09701209      1.81581064      0.00018188
    0.21989123     -0.09382918      1.82648253      0.00017558
    0.51320418     -0.02418920      1.89856413      0.00013755
    0.40010850     -0.09709524      1.81594553      0.00018243
    0.39618142     -0.02645601      1.89707326      0.00017376
    0.27006285     -0.09201281      1.83223855      0.00017932
    0.70006615     -0.09629509      1.82769286      0.00018909
    0.15955796     -0.08559564      1.84809956      0.00017616
    0.24996852     -0.09200745      1.83218825      0.00017768
    0.09952100     -0.08584090      1.84813582      0.00017488
    0.20980849     -0.09199263      1.83219219      0.00017869
    0.71033703     -0.09517332      1.83256738      0.00018012
    0.34273818     -0.02078596      1.89855135      0.00017895
    0.43620228     -0.02647902      1.89731080      0.00017378
    0.54649475     -0.04296040      1.89242177      0.00016774
    0.22988331     -0.09204929      1.83204222      0.00017661
    0.47487714     -0.02697050      1.89744453      0.00015107
    0.60648087     -0.04184570      1.89359549      0.00018294
    0.23972056     -0.08530923      1.84849006      0.00018094
    0.52019385     -0.09487120      1.82702273      0.00017843
    0.40297975     -0.01953766      1.89911607      0.00017359
    0.51025407     -0.08883802      1.84477952      0.00017824
    0.64626909     -0.04305180      1.89346035      0.00017566
    0.68497918     -0.04279312      1.89389635      0.00015753
    0.28998611     -0.08775802      1.84335571      0.00017730
    0.44298206     -0.01954176      1.89930704      0.00017334
    0.10949957     -0.08811396      1.84293022      0.00017209
    0.11972639     -0.09395433      1.82643909      0.00018040
    0.16962395     -0.08794240      1.84283228      0.00017612
    0.48218058     -0.02037268      1.89931619      0.00017498
    0.18999267     -0.09850778      1.80975587      0.00017838
    0.63837695     -0.09582765      1.82766820      0.00017981
   -0.27966760     -0.09675629      1.82651234      0.00016622
    0.14950171     -0.08800793      1.84282148      0.00017531
    0.22975566     -0.08777711      1.84306133      0.00018118
    0.13978093     -0.09392697      1.82639443      0.00017707
    0.07980565     -0.09412404      1.82629630      0.00017284
    0.12959825     -0.09215330      1.83208134      0.00017758
    0.05966101     -0.08620719      1.84791925      0.00017416
    0.55318413     -0.03621435      1.89518933      0.00017636
    0.61436650     -0.03563482      1.89607282      0.00015641
   -0.02019248     -0.09457025      1.82648738      0.00017398
    0.19987412     -0.09375008      1.82673576      0.00017790
    0.65300889     -0.03622015      1.89628749      0.00017759
    0.24986466     -0.08775180      1.84318191      0.00017770
    0.38999631     -0.09199836      1.83356428      0.00017336
    0.55990371     -0.08632892      1.85146992      0.00018033
    0.45970161     -0.09440497      1.82704891      0.00017671
    0.02983474     -0.09267318      1.83187378      0.00017392
    0.53036683     -0.09350768      1.83234858      0.00017635
    0.18964604     -0.08781814      1.84305983      0.00017362
    0.17960257     -0.08548925      1.84821672      0.00017571
    0.33973029     -0.08511268      1.84957821      0.00017812
   -0.29020256     -0.09567423      1.83132366      0.00017759
   -0.01025850     -0.09289897      1.83202635      0.00017389
    0.17993483     -0.09706444      1.81535184      0.00017724
    0.14965969     -0.09215259      1.83194506      0.00017868
   -0.03027866     -0.09303435      1.83210164      0.00017418
   -0.26992938     -0.09528828      1.83222857      0.00016973
    0.02971856     -0.08869347      1.84275290      0.00017587
    0.23995206     -0.09383706      1.82647729      0.00017526
    0.19997722     -0.09704786      1.81538866      0.00017625
   -0.14018095     -0.08811371      1.84834458      0.00017569
   -0.14031468     -0.08264233      1.85846307      0.00017492
    0.34984718     -0.09192146      1.83315208      0.00017933
    0.01986372     -0.09436514      1.82636706      0.00017383
   -0.04018175     -0.09469444      1.82653186      0.00017390
   -0.21011829     -0.09478548      1.83226425      0.00017379
    0.10958993     -0.09223914      1.83201323      0.00017538
    0.32995964     -0.08748053      1.84437865      0.00017133
    0.08970585     -0.09236678      1.83186818      0.00017356
    0.08958595     -0.08828863      1.84275025      0.00017382
   -0.16028422     -0.08832999      1.84835455      0.00017546
   -0.21020561     -0.09107851      1.84318112      0.00017444
   -0.06033581     -0.08725066      1.84817919      0.00017342
   -0.08025238     -0.08747654      1.84819538      0.00017290
   -0.07023232     -0.08963748      1.84284648      0.00017304
    0.62814349     -0.09427881      1.83316312      0.00017492
    0.06968118     -0.08847330      1.84260076      0.00017320
   -0.22010886     -0.09626355      1.82669975      0.00017399
    0.28008983     -0.09383747      1.82659184      0.00017548
   -0.22004865     -0.09844172      1.81538594      0.00017259
    0.00977534     -0.09277686      1.83195216      0.00017477
   -0.20953043     -0.02713522      1.89913825      0.00014197
    0.03968508     -0.08631167      1.84802906      0.00017549
    0.18978134     -0.09198113      1.83228642      0.00017383
   -0.17019582     -0.09071593      1.84303207      0.00017519
    0.25980902     -0.08529764      1.84861417      0.00017505
   -0.25999652     -0.09657672      1.82673483      0.00017213
    0.33007042     -0.09178728      1.83331044      0.00017801
   -0.25938745     -0.02363853      1.90024218      0.00020361
   -0.25997782     -0.09864298      1.81541994      0.00017141
   -0.26001128     -0.01138071      1.90264971      0.00017194
   -0.26929980     -0.02897069      1.89900750      0.00019847
   -0.26930603     -0.03921180      1.89562173      0.00015263
    0.70853443     -0.06840350      1.87671202      0.00015522
   -0.27004785     -0.08042234      1.86307090      0.00017128
   -0.23002833     -0.09924774      1.80969882      0.00017245
   -0.18000328     -0.09821721      1.81536042      0.00017241
   -0.27991728     -0.02224194      1.90082925      0.00016797
   -0.21937098     -0.02268647      1.90026951      0.00016804
    0.58000603     -0.01107003      1.90204825      0.00016846
   -0.11010740     -0.09003682      1.84300435      0.00017272
    0.69911714     -0.06456565      1.88012251      0.00016674
   -0.09005105     -0.09360523      1.83203805      0.00017172
   -0.18003669     -0.09592064      1.82660011      0.00017195
   -0.09999832     -0.09518696      1.82651937      0.00017264
    0.68926621     -0.06901347      1.87614882      0.00016681
   -0.11999218     -0.09788284      1.81534268      0.00017329
   -0.28975692     -0.09940175      1.80959866      0.00016892
   -0.27972462     -0.09874730      1.81530488      0.00016515
   -0.15016694     -0.09050562      1.84299624      0.00017479
   -0.00017321     -0.09446070      1.82642579      0.00017436
   -0.27999590     -0.08362092      1.85837733      0.00017077
   -0.22863435     -0.02841943      1.89891156      0.00016889
   -0.23916658     -0.02289156      1.90036947      0.00017997
   -0.28999365     -0.00552907      1.90341422      0.00016680
   -0.27999981     -0.01119239      1.90276716      0.00016859
   -0.26009031     -0.08913247      1.84843812      0.00017116
    0.72999361     -0.09941415      1.80952951      0.00016681
   -0.26008835     -0.08361949      1.85836606      0.00016865
    0.72023249     -0.09688227      1.82613141      0.00016118
    0.69996800     -0.09858989      1.81572738      0.00017699
    0.67937473     -0.02227318      1.90051206      0.00016864
    0.67919616     -0.06497030      1.87976270      0.00016746
    0.73694382     -0.05678265      1.88591470      0.00017115
    0.70805814     -0.05041717      1.89003701      0.00017488
   -0.24019283     -0.06026251      1.88346785      0.00016744
    0.58001062     -0.02234210      1.89958450      0.00017765
   -0.23990003     -0.01144396      1.90253855      0.00017592
    0.71997419     -0.09875173      1.81528390      0.00017062
   -0.17000328     -0.09908488      1.80965248      0.00017178
    0.70988853     -0.00621273      1.90325746      0.00018771
    0.66893931     -0.06924568      1.87584833      0.00017480
    0.67970925     -0.01103348      1.90260755      0.00015915
   -0.11999812     -0.09534556      1.82659840      0.00017351
    0.17982660     -0.09383557      1.82653530      0.00017484
   -0.24996322     -0.07319646      1.87188527      0.00016597
    0.04974596     -0.08859355      1.84262877      0.00017410
    0.57000603     -0.00538028      1.90302807      0.00016402
    0.69958854     -0.01178387      1.90257666      0.00018367
   -0.24010382     -0.06903439      1.87608498      0.00016165
    0.44933156     -0.04028311      1.89242507      0.00017577
    0.48823937     -0.04049521      1.89279382      0.00016079
   -0.25007046     -0.09511599      1.83233666      0.00017243
   -0.25000512     -0.00571739      1.90329677      0.00017281
   -0.25001012     -0.09929743      1.80971373      0.00017270
   -0.10999218     -0.09891656      1.80966247      0.00017296
   -0.25011780     -0.09139929      1.84320066      0.00017215
    0.50881446     -0.03975559      1.89331582      0.00017957
   -0.19007117     -0.09460543      1.83221094      0.00017162
   -0.26996770     -0.09934555      1.80970622      0.00017231
   -0.27000617     -0.00566331      1.90335294      0.00017100
    0.44928505     -0.05050661      1.88747185      0.00016483
    0.48930395     -0.05032258      1.88800844      0.00016895
   -0.02008064     -0.09744817      1.81528176      0.00017376
    0.47982237     -0.08569145      1.85093737      0.00017730
    0.23956562     -0.07952473      1.85871730      0.00017505
    0.70957065     -0.07692841      1.86731973      0.00019403
    0.01953624     -0.08092405      1.85824167      0.00017313
   -0.20005754     -0.02159790      1.90043173      0.00013765
   -0.03051930     -0.05267178      1.88639853      0.00018877
    0.43949706     -0.07967449      1.86045750      0.00017640
   -0.20005807     -0.09609599      1.82665838      0.00017266
   -0.24864784     -0.02942283      1.89872015      0.00019583
    0.47972398     -0.07981657      1.86093759      0.00018255
   -0.23083819     -0.05527813      1.88690745      0.00016581
   -0.22989491     -0.00572656      1.90324179      0.00017330
   -0.20002031     -0.09832632      1.81539506      0.00017329
   -0.20000318     -0.01142258      1.90232120      0.00017327
   -0.21002031     -0.09919398      1.80968713      0.00017232
    0.68938543     -0.07669189      1.86784122      0.00017554
   -0.15154396     -0.05432388      1.88683921      0.00015351
   -0.21989809     -0.01144121      1.90243065      0.00017042
    0.18926812     -0.05092411      1.88588995      0.00016981
    0.12923421     -0.05136731      1.88583167      0.00016887
    0.16971268     -0.09212572      1.83192427      0.00017566
   -0.18001881     -0.02260935      1.89991027      0.00017451
    0.36922501     -0.03990396      1.89193701      0.00017585
    0.18918733     -0.04067468      1.89112797      0.00017625
    0.17953323     -0.07978466      1.85836292      0.00017505
    0.12914444     -0.04113969      1.89108328      0.00017535
    0.30921203     -0.04005512      1.89155816      0.00017603
    0.65891418     -0.06518615      1.87946863      0.00017035
    0.06923133     -0.05193533      1.88588325      0.00016950
    0.49718034     -0.03507731      1.89496824      0.00016298
   -0.11002226     -0.09378109      1.83212395      0.00017242
    0.70998058     -0.09933758      1.80975439      0.00017377
    0.39955236     -0.07944696      1.86020782      0.00017328
    0.06913283     -0.04170809      1.89115552      0.00017505
    0.57948894     -0.08046326      1.86169936      0.00017770
    0.66879307     -0.07693173      1.86746820      0.00018047
    0.18950207     -0.07644235      1.86321437      0.00017501
    0.00923112     -0.05258953      1.88604889      0.00016983
    0.24919828     -0.04029822      1.89129481      0.00017591
    0.68970002     -0.00557114      1.90331919      0.00016838
    0.48997399     -0.08819697      1.84576778      0.00017567
    0.19930804     -0.05577594      1.88288849      0.00016681
    0.00912628     -0.04237598      1.89134071      0.00017470
    0.13927726     -0.05618327      1.88279430      0.00016686
    0.13944199     -0.08563960      1.84817052      0.00017275
    0.07927682     -0.05672141      1.88280758      0.00016760
   -0.00040907     -0.08661759      1.84816760      0.00017324
   -0.19006442     -0.02718367      1.89892596      0.00015663
    0.37967438     -0.08521661      1.84992615      0.00017666
    0.38950559     -0.07608594      1.86480224      0.00017324
    0.16802665     -0.04120916      1.89096338      0.00016992
    0.67916914     -0.08033477      1.86307498      0.00018353
    0.10801744     -0.04164431      1.89098563      0.00017112
    0.20928292     -0.05096116      1.88585867      0.00016778
    0.14907441     -0.05140888      1.88573510      0.00016345
    0.28821710     -0.04063683      1.89127564      0.00016212
    0.01927839     -0.05735012      1.88292997      0.00016836
   -0.18000875     -0.01130893      1.90222718      0.00017148
    0.04800782     -0.04218767      1.89112196      0.00017242
    0.08906986     -0.05190592      1.88576754      0.00016414
    0.34823043     -0.04046889      1.89161466      0.00016133
    0.37955114     -0.07941172      1.85998375      0.00017323
    0.17814850     -0.03559716      1.89328884      0.00019352
   -0.21000318     -0.00571465      1.90318886      0.00017316
    0.21932841     -0.05563252      1.88296704      0.00016771
    0.02906795     -0.05251001      1.88590941      0.00016501
    0.15950179     -0.07990432      1.85826341      0.00017613
    0.24927111     -0.05056698      1.88609324      0.00017002
    0.65926925     -0.05595202      1.88638423      0.00017641
    0.15915176     -0.05605729      1.88279910      0.00016634
    0.11813339     -0.03603879      1.89328051      0.00019424
   -0.17000875     -0.00560099      1.90309484      0.00017021
    0.30954112     -0.07604355      1.86404806      0.00017380
    0.26928476     -0.05068378      1.88608486      0.00016742
    0.28929623     -0.05043410      1.88627851      0.00016955
    0.69838581     -0.05526196      1.88699612      0.00017485
    0.40933744     -0.04025784      1.89207747      0.00017612
    0.09914969     -0.05653481      1.88278971      0.00016706
    0.63994714     -0.02201511      1.90022279      0.00017823
    0.05811851     -0.03658619      1.89337953      0.00019507
    0.13946755     -0.08000511      1.85823703      0.00017502
    0.64862210     -0.06957354      1.87539238      0.00017545
    0.36950759     -0.07606254      1.86459244      0.00017323
   -0.16001596     -0.01120645      1.90213196      0.00017046
    0.19953892     -0.07966542      1.85850023      0.00017416
   -0.16000308     -0.09811281      1.81530358      0.00017200
    0.03915026     -0.05713576      1.88287766      0.00016808
    0.48990986     -0.09239583      1.83456259      0.00018914
    0.60000741     -0.01109466      1.90215239      0.00016891
    0.60102127     -0.02181444      1.89995720      0.00016135
    0.64001630     -0.01083039      1.90242836      0.00016418
    0.30927634     -0.05035124      1.88640996      0.00016990
   -0.13902549     -0.02215202      1.89964524      0.00016801
    0.63888087     -0.06535353      1.87916164      0.00017666
   -0.00089488     -0.03701661      1.89365450      0.00017322
   -0.12001561     -0.01112173      1.90192945      0.00016975
   -0.08001392     -0.01104791      1.90174764      0.00016919
    0.54009598     -0.09773837      1.81553319      0.00017660
    0.29817501     -0.03504461      1.89359535      0.00019199
    0.34930432     -0.05025114      1.88670331      0.00016875
   -0.03928675     -0.01182006      1.90138565      0.00019498
    0.35819182     -0.03487741      1.89391258      0.00019128
    0.57992954     -0.09531957      1.82739810      0.00017573
   -0.10009025     -0.02271834      1.89909226      0.00018948
    0.61000741     -0.00540491      1.90313221      0.00016422
    0.65000836     -0.00537831      1.90324866      0.00016292
   -0.13000889     -0.00555100      1.90299311      0.00016925
    0.56008225     -0.09780268      1.81572307      0.00017820
   -0.09000819     -0.00551146      1.90289967      0.00016861
    0.59101845     -0.02768161      1.89836124      0.00019052
    0.53004171     -0.09886031      1.80969035      0.00017410
   -0.06002073     -0.09760758      1.81527122      0.00017260
   -0.04990901     -0.00558764      1.90279285      0.00017150
   -0.04006026     -0.09752160      1.81528656      0.00017255
    0.05995336     -0.09724902      1.81519294      0.00017220
    0.45992375     -0.09736343      1.81562116      0.00018005
   -0.05997166     -0.02257030      1.89881287      0.00018601
    0.43990881     -0.09724612      1.81581472      0.00018102
    0.00997346     -0.09868381      1.80960506      0.00017273
    0.04999003     -0.09863465      1.80959647      0.00017282
    0.32929159     -0.05049620      1.88645147      0.00016694
   -0.05001492     -0.09878218      1.80963583      0.00017298
    0.12999999     -0.09857231      1.80959420      0.00017321
    0.01995048     -0.09734023      1.81520964      0.00017291
    0.30009040     -0.09702740      1.81558191      0.00018051
    0.03991153     -0.09428291      1.82631284      0.00017296
    0.28004236     -0.09707641      1.81534824      0.00017588
    0.26001507     -0.09708069      1.81529390      0.00017559
    0.04910342     -0.05214005      1.88593066      0.00017493
    0.24999579     -0.09853810      1.80964736      0.00017501
    0.11992532     -0.09715898      1.81517786      0.00017494
    0.10910603     -0.05154662      1.88583567      0.00017426
   -0.14001610     -0.01115646      1.90203022      0.00016990
   -0.10001491     -0.01108218      1.90183601      0.00016934
    0.20998455     -0.09854008      1.80963279      0.00017457
    0.21996420     -0.09707885      1.81527024      0.00017451
    0.16911143     -0.05107711      1.88584676      0.00017408
   -0.05991475     -0.01112410      1.90164083      0.00017304
    0.23997543     -0.09707687      1.81528481      0.00017528
    0.22929162     -0.05065601      1.88601960      0.00017018
    0.42989363     -0.00557291      1.90269134      0.00017174
    0.29002307     -0.09853382      1.80970171      0.00017662
    0.67000924     -0.00546233      1.90328836      0.00016525
    0.66001760     -0.01084065      1.90253702      0.00016411
    0.03996704     -0.09729106      1.81520106      0.00017320
   -0.19000000     -0.00570793      1.90313234      0.00017321
    0.59000000     -0.00568975      1.90302018      0.00017321
    0.53022809     -0.00531008      1.90294531      0.00016241
   -0.11000672     -0.00557073      1.90293634      0.00017014
    0.44993715     -0.09864411      1.80988882      0.00018129
    0.46989429     -0.00557584      1.90275666      0.00017138
    0.38989245     -0.00557780      1.90263915      0.00017224
    0.20987972     -0.00570466      1.90252000      0.00017681
    0.14993629     -0.00568894      1.90253740      0.00017622
    0.32988825     -0.00560216      1.90258128      0.00017337
    0.08995281     -0.00570153      1.90256896      0.00017635
   -0.02937774     -0.00623242      1.90259280      0.00019168
    0.02995135     -0.00575310      1.90261818      0.00017750
    0.55005427     -0.09887805      1.80984285      0.00017849
    0.26988379     -0.00564483      1.90254296      0.00017490
   -0.15000721     -0.00560546      1.90303712      0.00017063
   -0.03004533     -0.09873942      1.80965073      0.00017369
   -0.07000573     -0.00553646      1.90284797      0.00016965
    0.63000794     -0.00545208      1.90317970      0.00016540
    0.46998659     -0.09871932      1.80973234      0.00017621
    0.60896715     -0.07723558      1.86642048      0.00018913
    0.61940679     -0.05587303      1.88613235      0.00017475
    0.62885506     -0.06958283      1.87522754      0.00016817
    0.61923468     -0.06515911      1.87919287      0.00017259
    0.60930217     -0.06923312      1.87541845      0.00016740
    0.59939016     -0.06483353      1.87931150      0.00016868
    0.10992533     -0.09858666      1.80958366      0.00017279
    0.36997312     -0.09850142      1.81001760      0.00018604
    0.16994216     -0.09855666      1.80959598      0.00017337
    0.58942170     -0.06897399      1.87546174      0.00017064
    0.55945536     -0.05587358      1.88549315      0.00017584
    0.54966642     -0.07688164      1.86620625      0.00016928
    0.42997166     -0.09860201      1.80992590      0.00018266
    0.57938268     -0.06488121      1.87905745      0.00016886
    0.56944248     -0.06913932      1.87509486      0.00016665
    0.52004703     -0.09763399      1.81555052      0.00017785
    0.55942903     -0.06504174      1.87870037      0.00016663
    0.54956716     -0.06932005      1.87465133      0.00016859
    0.62001535     -0.01085699      1.90231191      0.00016483
    0.51000532     -0.09877368      1.80986018      0.00017961
    0.22997964     -0.09853877      1.80963745      0.00017471
    0.53951219     -0.06512605      1.87833956      0.00017588
    0.27001929     -0.09854259      1.80964654      0.00017495
    0.52959637     -0.06921010      1.87448582      0.00017327
    0.02997702     -0.09865641      1.80960459      0.00017290
    0.51945879     -0.06465933      1.87849958      0.00017274
    0.49931649     -0.05508374      1.88529827      0.00017311
    0.55967528     -0.08029128      1.86166532      0.00017777
    0.50965872     -0.06880456      1.87459191      0.00017404
    0.57002798     -0.09892463      1.80988022      0.00017933
    0.48985393     -0.07645970      1.86576813      0.00018051
    0.49954617     -0.06442000      1.87842565      0.00017652
    0.48958399     -0.06869239      1.87443996      0.00017941
   -0.07000580     -0.09882540      1.80963539      0.00017270
    0.47938048     -0.06431823      1.87827356      0.00017344
    0.45930119     -0.05523181      1.88476617      0.00016655
    0.46941827     -0.06858883      1.87428322      0.00017328
    0.62955892     -0.09910978      1.80980720      0.00017625
   -0.19000000     -0.09913234      1.80970793      0.00017321
   -0.13000000     -0.09896628      1.80968021      0.00017321
    0.44946668     -0.07630018      1.86532043      0.00017899
    0.45938166     -0.06428521      1.87805203      0.00017330
    0.31006733     -0.09849358      1.80988021      0.00018210
    0.44941956     -0.06854957      1.87405926      0.00017344
    0.41930714     -0.05519718      1.88435428      0.00016665
    0.40950659     -0.07611628      1.86502522      0.00017321
    0.43938301     -0.06426123      1.87782903      0.00017340
    0.68998743     -0.09925231      1.80997299      0.00018059
    0.42942086     -0.06852549      1.87383205      0.00017326
    0.41938456     -0.06423796      1.87761749      0.00017329
    0.06996334     -0.09861438      1.80959646      0.00017296
    0.40942241     -0.06849491      1.87362157      0.00017340
    0.39938630     -0.06421663      1.87741655      0.00017344
    0.38942371     -0.06847698      1.87341461      0.00017349
    0.37938815     -0.06420048      1.87722711      0.00017363
    0.35932276     -0.05497075      1.88393003      0.00017282
    0.34951462     -0.07601210      1.86444265      0.00017336
    0.35964952     -0.08516929      1.84973084      0.00017659
    0.36971973     -0.08766190      1.84447439      0.00017744
    0.36942647     -0.06846026      1.87322343      0.00017374
    0.35956062     -0.07937482      1.85979129      0.00017278
    0.35939067     -0.06418541      1.87705493      0.00017392
    0.34942578     -0.06842497      1.87307530      0.00017352
    0.33938786     -0.06417762      1.87690722      0.00017260
    0.32942069     -0.06843152      1.87291326      0.00017250
    0.31938493     -0.06423523      1.87671848      0.00017237
    0.29931845     -0.05513799      1.88345003      0.00017321
    0.30942255     -0.06849758      1.87270782      0.00017258
    0.28958076     -0.07612726      1.86379343      0.00017569
    0.29938910     -0.06430818      1.87653319      0.00017321
    0.29965849     -0.07942492      1.85913318      0.00017372
    0.28942995     -0.06855648      1.87253367      0.00017307
    0.27939257     -0.06435677      1.87639975      0.00017309
    0.25930747     -0.05545205      1.88313409      0.00016734
    0.26943206     -0.06860578      1.87239947      0.00017314
    0.23931630     -0.05536554      1.88312817      0.00017321
    0.24953702     -0.07620853      1.86352532      0.00017517
    0.22820680     -0.04084927      1.89107642      0.00016233
    0.25939169     -0.06442185      1.87627671      0.00017312
    0.23815866     -0.03529005      1.89338656      0.00019246
    0.24942931     -0.06867475      1.87227236      0.00017325
    0.23939028     -0.06450352      1.87616467      0.00017329
    0.20950369     -0.07632078      1.86335711      0.00017321
    0.22942819     -0.06875498      1.87216277      0.00017324
    0.21939101     -0.06459352      1.87607371      0.00017321
    0.16949844     -0.07654649      1.86314234      0.00017490
    0.20942892     -0.06884540      1.87207225      0.00017321
    0.17931407     -0.05571455      1.88293421      0.00017321
    0.19939145     -0.06469918      1.87599540      0.00017321
    0.18942936     -0.06895150      1.87199440      0.00017321
    0.17939191     -0.06481869      1.87593175      0.00017321
    0.14947110     -0.07668212      1.86305184      0.00017590
    0.16942983     -0.06907137      1.87193114      0.00017321
    0.15939232     -0.06494740      1.87588593      0.00017329
    0.14943024     -0.06920032      1.87188556      0.00017337
    0.11931176     -0.05616873      1.88287894      0.00017291
    0.13939253     -0.06508459      1.87585792      0.00017347
    0.12943085     -0.06933337      1.87186441      0.00017335
    0.11939312     -0.06523347      1.87584806      0.00017311
    0.10943034     -0.06948790      1.87184931      0.00017311
    0.09939264     -0.06541135      1.87583423      0.00017305
    0.08946802     -0.07707257      1.86302457      0.00017412
    0.08943106     -0.06966507      1.87183361      0.00017305
    0.05931261     -0.05676582      1.88291595      0.00017320
    0.07939507     -0.06560402      1.87582913      0.00017306
    0.06943207     -0.06985541      1.87182794      0.00017304
    0.05939509     -0.06580328      1.87583910      0.00017303
    0.04952629     -0.07744281      1.86298191      0.00017478
    0.04943300     -0.07005254      1.87183495      0.00017309
    0.03939736     -0.06601078      1.87585881      0.00017320
    0.36928206     -0.05021505      1.88686580      0.00016944
    0.00949883     -0.07782487      1.86303607      0.00017289
    0.02943510     -0.07026326      1.87184573      0.00017334
   -0.00068517     -0.05743730      1.88306029      0.00017320
    0.01939845     -0.06622834      1.87588514      0.00017346
    0.00943499     -0.07048144      1.87186473      0.00017357
   -0.00060135     -0.06645100      1.87592096      0.00017362
    0.27932950     -0.05540457      1.88322776      0.00016640
   -0.01056502     -0.07070792      1.87188761      0.00017381
   -0.02059948     -0.06669423      1.87594860      0.00017375
   -0.04076809     -0.05771846      1.88325588      0.00018676
   -0.03056194     -0.07096036      1.87189386      0.00017384
    0.67934124     -0.08644691      1.85349394      0.00017489
   -0.05049503     -0.07849324      1.86308763      0.00017193
   -0.04059235     -0.06705547      1.87588555      0.00017206
   -0.05055336     -0.07129587      1.87184521      0.00016979
   -0.08067533     -0.05862775      1.88315985      0.00017711
   -0.06059256     -0.06738179      1.87586264      0.00016987
    0.40929215     -0.05047819      1.88708090      0.00016503
   -0.09042259     -0.07892111      1.86316162      0.00017315
    0.12946500     -0.07677209      1.86307724      0.00017398
   -0.07055552     -0.07150485      1.87190600      0.00016961
    0.56958947     -0.07682727      1.86650489      0.00018008
   -0.08058735     -0.06759053      1.87593037      0.00016964
    0.19961354     -0.08533661      1.84849188      0.00017238
   -0.09053673     -0.07170384      1.87197048      0.00016990
    0.31930937     -0.05525907      1.88350378      0.00016694
   -0.12063618     -0.05881470      1.88348918      0.00018026
   -0.10057724     -0.06778143      1.87600869      0.00017041
    0.70027257     -0.08076899      1.86242263      0.00021073
   -0.00047428     -0.08112698      1.85825602      0.00017276
   -0.11053443     -0.07189004      1.87204248      0.00017022
   -0.13006508     -0.09025894      1.84303814      0.00017332
    0.38929436     -0.05047050      1.88690442      0.00016628
    0.33933431     -0.05521845      1.88366014      0.00016573
   -0.12057656     -0.06789108      1.87614722      0.00017149
   -0.24003845     -0.09854517      1.81541254      0.00017211
   -0.04047176     -0.08156522      1.85829244      0.00017175
    0.50988603     -0.04993467      1.88843122      0.00019189
   -0.15043184     -0.07954835      1.86325349      0.00017309
    0.37931165     -0.05516993      1.88399438      0.00016661
   -0.13051388     -0.07201854      1.87214320      0.00017323
    0.39933346     -0.05524070      1.88413909      0.00016467
   -0.16063918     -0.05943457      1.88351199      0.00017448
    0.65940627     -0.09538779      1.82976283      0.00021621
   -0.14055314     -0.06803739      1.87623226      0.00017367
   -0.02047400     -0.08133915      1.85827677      0.00017238
    0.20968321     -0.08774216      1.84317490      0.00017674
   -0.24018422     -0.08900967      1.84846919      0.00017213
   -0.01050179     -0.07804047      1.86305133      0.00017256
    0.51991578     -0.05512569      1.88546628      0.00018407
   -0.03049969     -0.07827273      1.86305832      0.00017202
   -0.09997418     -0.09778515      1.81531362      0.00017319
   -0.15051035     -0.07224824      1.87213728      0.00017432
   -0.24024830     -0.08345316      1.85850274      0.00017196
   -0.25017990     -0.08032981      1.86316215      0.00016876
    0.56003586     -0.01074707      1.90200791      0.00016337
   -0.16055626     -0.06832712      1.87618243      0.00017258
    0.66966645     -0.09346889      1.83678637      0.00020755
   -0.13035393     -0.07932337      1.86325781      0.00017290
   -0.19042825     -0.07988119      1.86331441      0.00017227
   -0.17051272     -0.07251563      1.87208635      0.00017104
   -0.18041214     -0.08301733      1.85853149      0.00017188
    0.22949583     -0.07624242      1.86346243      0.00017305
   -0.18054092     -0.06857242      1.87615080      0.00017120
   -0.17045035     -0.07973248      1.86328102      0.00017179
    0.42948779     -0.07618813      1.86519936      0.00017500
    0.46949183     -0.07631986      1.86561909      0.00017704
   -0.19049466     -0.07265313      1.87212838      0.00017072
    0.02950906     -0.07761554      1.86303091      0.00017294
   -0.13001973     -0.09397912      1.83216643      0.00017275
   -0.16041539     -0.08284409      1.85849330      0.00017239
   -0.01053533     -0.04253551      1.89146367      0.00016640
    0.58938098     -0.07686809      1.86669363      0.00018489
   -0.02038110     -0.05774266      1.88308294      0.00017138
   -0.23039340     -0.07287561      1.87214229      0.00017210
   -0.22081982     -0.05992769      1.88363702      0.00017343
   -0.19019547     -0.09091007      1.84309582      0.00017458
    0.43932897     -0.05527168      1.88452748      0.00016461
    0.21963831     -0.08530652      1.84848437      0.00017864
   -0.20051423     -0.06865325      1.87623254      0.00017123
    0.47933013     -0.05528468      1.88496942      0.00016557
   -0.14150383     -0.05900558      1.88360462      0.00017781
   -0.09015879     -0.08984383      1.84290115      0.00017291
    0.41963282     -0.08541777      1.85016289      0.00018110
   -0.01003531     -0.09870875      1.80963104      0.00017332
   -0.21045388     -0.07273294      1.87218391      0.00017239
    0.57995814     -0.09790367      1.81577019      0.00017671
   -0.22046404     -0.06875328      1.87625473      0.00017233
   -0.20026969     -0.08869365      1.84846012      0.00017396
   -0.23032119     -0.08016103      1.86328318      0.00017220
    0.21953341     -0.07955634      1.85865823      0.00017296
    0.41953567     -0.07952198      1.86038844      0.00017365
    0.66925918     -0.08904360      1.84828482      0.00017121
    0.45950234     -0.07976685      1.86064907      0.00017879
   -0.23013019     -0.09495440      1.83232068      0.00017301
    0.59901441     -0.08073009      1.86154542      0.00018322
   -0.22032311     -0.08331972      1.85854557      0.00017206
   -0.23018698     -0.09125076      1.84320528      0.00017221
   -0.20049491     -0.05917960      1.88392501      0.00019592
    0.03956460     -0.08075334      1.85819095      0.00017438
   -0.08998200     -0.09886859      1.80965115      0.00017290
   -0.21079034     -0.05443370      1.88725867      0.00019489
    0.74799446     -0.05532072      1.88690315      0.00018836
   -0.01043046     -0.05274265      1.88616128      0.00016437
    0.55002984     -0.00536680      1.90297984      0.00016389
   -0.13152420     -0.05391036      1.88685753      0.00020185
   -0.20037911     -0.08316233      1.85856852      0.00017237
    0.42928941     -0.05049515      1.88726730      0.00016630
   -0.21038516     -0.08001396      1.86333386      0.00017206
    0.46928745     -0.05050188      1.88769321      0.00016690
    0.11945506     -0.08568645      1.84825576      0.00017176
   -0.14999980     -0.09902793      1.80965110      0.00017202
   -0.24008009     -0.09643000      1.82672059      0.00017267
   -0.00006185     -0.09739256      1.81523609      0.00017325
    0.58993016     -0.09897904      1.80988997      0.00017933
    0.13998374     -0.09714134      1.81516852      0.00017251
    0.15992591     -0.09712569      1.81517029      0.00017194
    0.75477467     -0.06339801      1.88095141      0.00015375
    0.07958195     -0.08603700      1.84798416      0.00017347
   -0.08003271     -0.09502882      1.82646768      0.00017161
   -0.22025298     -0.08885295      1.84850122      0.00017228
   -0.31415182     -0.07704413      1.86728920      0.00017206
   -0.31498557     -0.04810247      1.89129549      0.00014751
   -0.18028878     -0.08851488      1.84842130      0.00017455
    0.54026073     -0.02191242      1.89931678      0.00017767
    0.75468705     -0.08775115      1.85129405      0.00015630
   -0.14001358     -0.09554433      1.82656180      0.00017250
   -0.07998781     -0.09769399      1.81528654      0.00017218
    0.75447160     -0.02876053      1.89939286      0.00016260
    0.07990573     -0.09721482      1.81518121      0.00017230
    0.09986772     -0.09718711      1.81516841      0.00017232
    0.54025793     -0.01067688      1.90192515      0.00015827
    0.41001649     -0.09861622      1.80976016      0.00017772
   -0.08037716     -0.08201540      1.85832903      0.00017250
   -0.13999980     -0.09799421      1.81533131      0.00017261
   -0.17006803     -0.09442632      1.83209576      0.00017244
    0.14998375     -0.09856903      1.80957431      0.00017265
   -0.12012861     -0.08788111      1.84835051      0.00017173
   -0.06009042     -0.09487571      1.82643657      0.00017194
    0.25963632     -0.07953886      1.85873034      0.00017704
    0.00965307     -0.08883508      1.84283153      0.00017432
   -0.15004492     -0.09421606      1.83208518      0.00017290
    0.31989997     -0.08500939      1.84964204      0.00016935
   -0.11040154     -0.07911105      1.86323234      0.00017312
   -0.05020611     -0.09322315      1.83204648      0.00017223
    0.06978497     -0.09248219      1.83179497      0.00017206
    0.01962527     -0.08644365      1.84812555      0.00017451
    0.43955009     -0.08559808      1.85020016      0.00017950
    0.38976960     -0.08777603      1.84450694      0.00018002
    0.75321979     -0.04676805      1.89203360      0.00019943
    0.08994239     -0.09860044      1.80958475      0.00017272
    0.41998815     -0.09721823      1.81568607      0.00017898
    0.40974452     -0.08789726      1.84456196      0.00018139
    0.27968030     -0.07951078      1.85886018      0.00017702
   -0.01037209     -0.08899764      1.84288879      0.00017308
   -0.29041042     -0.09189181      1.84227425      0.00020138
    0.74972332     -0.07065560      1.87440815      0.00014663
    0.05956182     -0.08061478      1.85811050      0.00017492
    0.12941728     -0.08801059      1.84298101      0.00017260
   -0.06043817     -0.08178676      1.85831259      0.00017187
    0.05987508     -0.09420762      1.82627635      0.00017134
    0.54027428     -0.09514852      1.82671923      0.00016861
    0.29984096     -0.08522723      1.84896269      0.00017738
    0.74963570     -0.08273176      1.85971033      0.00014505
    0.09947955     -0.08022910      1.85824977      0.00017414
    0.75494865     -0.07706248      1.86726163      0.00014863
    0.34974601     -0.08762739      1.84426427      0.00017606
    0.07950547     -0.08043274      1.85814453      0.00017411
   -0.07012040     -0.09342837      1.83198188      0.00017168
   -0.12028373     -0.08241691      1.85845169      0.00017267
    0.59895703     -0.08719279      1.85049125      0.00018675
   -0.10019120     -0.08768129      1.84826288      0.00017319
   -0.26997583     -0.09156073      1.84306786      0.00017159
   -0.16003442     -0.09575082      1.82650717      0.00017200
    0.11947723     -0.08008244      1.85828547      0.00017340
   -0.04041867     -0.08699707      1.84826271      0.00017185
   -0.07045947     -0.07871245      1.86311353      0.00017312
   -0.10033022     -0.08221971      1.85838969      0.00017285
    0.26956898     -0.07618901      1.86360014      0.00017746
    0.09973126     -0.09404422      1.82633675      0.00017499
   -0.05033958     -0.08938899      1.84292450      0.00017192
    0.74769140     -0.03775046      1.89622199      0.00017982
    0.15980466     -0.09392362      1.82631513      0.00017391
    0.42963797     -0.08800752      1.84471646      0.00018015
    0.39969314     -0.08533215      1.84997012      0.00018271
    0.04985622     -0.09258509      1.83179167      0.00017179
   -0.03038211     -0.08917114      1.84295447      0.00017264
    0.33958780     -0.07929186      1.85969615      0.00017239
    0.06950551     -0.07727663      1.86295238      0.00017608
   -0.26003272     -0.06842238      1.87658384      0.00019717
    0.10948030     -0.07689815      1.86307389      0.00017347
    0.73017787     -0.00516268      1.90347237      0.00015569
    0.33994224     -0.09371350      1.82739782      0.00017801
    0.31961461     -0.07930831      1.85948028      0.00017293
   -0.17002237     -0.02788078      1.89848851      0.00017155
    0.69073282     -0.03628154      1.89663530      0.00014072
   -0.02040951     -0.08680572      1.84820265      0.00017290
    0.31000895     -0.08754694      1.84403932      0.00017657
   -0.14902015     -0.02758038      1.89836271      0.00019142
   -0.27992191     -0.08924632      1.84830223      0.00017421
   -0.26176142     -0.04583865      1.89250714      0.00011382
   -0.12889171     -0.02655722      1.89846145      0.00013601
   -0.10995549     -0.02721754      1.89804592      0.00015781
   -0.27020891     -0.07235858      1.87256557      0.00020416
   -0.09016441     -0.02723025      1.89784321      0.00016541
   -0.07014353     -0.02706530      1.89770731      0.00016354
   -0.31413695     -0.02957750      1.89914926      0.00017244
    0.75386737     -0.09518209      1.83346915      0.00018037
   -0.17061348     -0.05549585      1.88634402      0.00016169
   -0.19049318     -0.05505226      1.88674896      0.00017290
   -0.29969574     -0.08396015      1.85774624      0.00015430
    0.32953180     -0.07595863      1.86433483      0.00017195
   -0.05026204     -0.02719195      1.89749726      0.00015486
    0.61935310     -0.09815050      1.81567671      0.00017098
   -0.01830736     -0.01161817      1.90135666      0.00019403
    0.59972434     -0.09801977      1.81575949      0.00017522
    0.72006640     -0.01137540      1.90272983      0.00017932
   -0.09065220     -0.05489214      1.88584428      0.00015702
   -0.11062154     -0.05496474      1.88602876      0.00016137
   -0.16001952     -0.02218581      1.89984253      0.00016637
    0.02007594     -0.01008974      1.90161429      0.00015123
   -0.30066530     -0.06867213      1.87629518      0.00014668
    0.71771013     -0.06403567      1.88058920      0.00014912
    0.52053016     -0.08699019      1.84920282      0.00018159
   -0.05076843     -0.05405248      1.88584378      0.00016219
   -0.07068283     -0.05463569      1.88576373      0.00016037
    0.53060770     -0.08971061      1.84325905      0.00017307
    0.04075342     -0.01100717      1.90133936      0.00019240
    0.08003032     -0.00995922      1.90153037      0.00015093
    0.10075878     -0.01087352      1.90126508      0.00019064
    0.03780302     -0.03829260      1.89288633      0.00013616
    0.01892191     -0.03824580      1.89303917      0.00015294
    0.14001430     -0.00989122      1.90148198      0.00014980
    0.61877456     -0.09570186      1.82734748      0.00017438
   -0.30870615     -0.00478070      1.90355218      0.00014405
   -0.25905551     -0.06034470      1.88362185      0.00014662
    0.74876375     -0.09960157      1.80842638      0.00013333
    0.16074247     -0.01079941      1.90122693      0.00019007
    0.07893030     -0.03764841      1.89285202      0.00015267
    0.09781308     -0.03778674      1.89271183      0.00013539
   -0.11988904     -0.02113238      1.89978277      0.00013762
    0.19995012     -0.00986758      1.90146121      0.00014864
   -0.30843880     -0.09954105      1.80885091      0.00014618
    0.22067856     -0.01077658      1.90121515      0.00019098
   -0.31510547     -0.09890056      1.81535392      0.00014393
    0.13893918     -0.03715251      1.89277921      0.00015218
    0.56999242     -0.02636853      1.89850550      0.00015885
    0.15781868     -0.03738620      1.89264901      0.00013473
    0.25995532     -0.00976463      1.90149563      0.00014711
    0.28068621     -0.01067163      1.90126226      0.00018902
    0.31996323     -0.00968719      1.90155663      0.00014579
   -0.26589381     -0.05446840      1.88762151      0.00011693
    0.19900869     -0.03674552      1.89282227      0.00015221
    0.66957165     -0.02643404      1.89949965      0.00015105
    0.21802503     -0.03704479      1.89271963      0.00013197
    0.34069421     -0.01059800      1.90133988      0.00018745
    0.37997093     -0.00964094      1.90165014      0.00014480
    0.61117640     -0.02575353      1.89913227      0.00013114
    0.63009391     -0.02626563      1.89916937      0.00014744
   -0.29869838     -0.09720629      1.82496711      0.00013547
    0.64983615     -0.02629503      1.89934987      0.00015518
    0.39981821     -0.00977331      1.90164893      0.00015095
    0.41981939     -0.00976842      1.90170113      0.00015038
    0.25902042     -0.03640474      1.89298553      0.00015127
    0.43982052     -0.00977017      1.90174476      0.00015059
    0.45982118     -0.00977310      1.90181008      0.00015006
    0.27803614     -0.03682875      1.89287475      0.00013229
    0.48013096     -0.01018839      1.90177541      0.00016476
    0.52039715     -0.00986665      1.90201210      0.00015163
    0.31903643     -0.03618360      1.89324012      0.00015125
    0.33805180     -0.03665684      1.89315962      0.00013183
    0.63732501     -0.08761448      1.85048642      0.00017876
    0.37926526     -0.03599164      1.89362550      0.00015796
    0.39938941     -0.03615315      1.89369557      0.00015701
    0.45916629     -0.03621081      1.89418857      0.00014751
    0.55001444     -0.02631852      1.89831265      0.00015753
    0.71985390     -0.07968789      1.86392163      0.00017722
    0.41938412     -0.03611742      1.89387319      0.00015436
    0.43940717     -0.03618878      1.89400304      0.00015596
    0.66915609     -0.05211738      1.88891839      0.00015036
    0.54963452     -0.05203702      1.88780555      0.00015394
    0.47808414     -0.03665981      1.89422398      0.00013086
   -0.30912252     -0.03990184      1.89524026      0.00017802
    0.53009439     -0.05156160      1.88781395      0.00015413
    0.56948480     -0.05231360      1.88789156      0.00015135
    0.60859148     -0.05139520      1.88881033      0.00018965
    0.74855442     -0.09172876      1.84298507      0.00016415
    0.62943945     -0.05216740      1.88859235      0.00015495
    0.64938946     -0.05221005      1.88873331      0.00015595
   -0.08009481     -0.02113055      1.89943493      0.00014138
    0.68839659     -0.05181560      1.88917689      0.00014861
   -0.31003711     -0.07058833      1.87446977      0.00014235
   -0.31087086     -0.05660621      1.88619908      0.00011378
    0.69828023     -0.02178062      1.90091715      0.00013314
    0.74865897     -0.00463616      1.90357237      0.00013968
    0.72176091     -0.02192426      1.90096338      0.00016424
   -0.02943937     -0.04351856      1.89134774      0.00014468
   -0.18055876     -0.06044520      1.88307891      0.00015032
   -0.31537281     -0.01128371      1.90291169      0.00013606
    0.75543041     -0.09896108      1.81492939      0.00013437
    0.73969261     -0.08212436      1.86064324      0.00013418
    0.75532563     -0.01113917      1.90293188      0.00013745
   -0.03958287     -0.02197817      1.89891801      0.00014462
    0.60979418     -0.09904072      1.80986951      0.00017842
   -0.00892962     -0.00538575      1.90276386      0.00016577
   -0.30973096     -0.08272314      1.85971600      0.00014364
   -0.30941513     -0.09164204      1.84327068      0.00014679
   -0.10060473     -0.05993251      1.88265301      0.00013965
    0.00119497     -0.00972239      1.90175997      0.00013131
    0.01012459     -0.00433663      1.90299612      0.00013354
   -0.06063189     -0.05947541      1.88249089      0.00014130
    0.05080207     -0.00525407      1.90272118      0.00016222
    0.06087957     -0.00951176      1.90168260      0.00013292
    0.07007751     -0.00425769      1.90296141      0.00013148
    0.71796517     -0.05535303      1.88704059      0.00014508
    0.71459768     -0.02795902      1.89948381      0.00012310
    0.11080597     -0.00517199      1.90269612      0.00016001
    0.12088398     -0.00937427      1.90164070      0.00013116
    0.02881631     -0.04361924      1.89072678      0.00013351
   -0.03644421     -0.03763938      1.89379935      0.00012197
    0.13007801     -0.00420228      1.90294458      0.00012998
    0.70492818     -0.02740692      1.89959076      0.00010121
    0.17080618     -0.00511047      1.90268952      0.00015827
    0.18087657     -0.00927339      1.90163073      0.00012966
    0.72682939     -0.07496971      1.86999958      0.00011774
    0.08882184     -0.04306017      1.89053971      0.00013255
    0.19007039     -0.00416292      1.90294121      0.00012886
   -0.31557914     -0.08776087      1.85127215      0.00013009
    0.73846179     -0.09077142      1.84509667      0.00013089
    0.23079884     -0.00507191      1.90269515      0.00015711
    0.24087037     -0.00919171      1.90164782      0.00012872
    0.73594454     -0.07664628      1.86806409      0.00010599
    0.25007153     -0.00411980      1.90295267      0.00012753
    0.14882611     -0.04260575      1.89046840      0.00013156
    0.29080242     -0.00502680      1.90271931      0.00015562
    0.30087741     -0.00911182      1.90169466      0.00012753
    0.31007499     -0.00408502      1.90297535      0.00012635
    0.20906435     -0.04218016      1.89055444      0.00013271
    0.35080597     -0.00499584      1.90275860      0.00015443
    0.36088445     -0.00905898      1.90176959      0.00012659
   -0.29937991     -0.08979872      1.84706381      0.00015551
    0.37007848     -0.00406314      1.90301099      0.00012545
    0.56001767     -0.02046326      1.89994909      0.00013365
    0.62017048     -0.02048583      1.90050715      0.00012926
   -0.27881640     -0.04320398      1.89381584      0.00013751
    0.40992576     -0.00419551      1.90300979      0.00012932
    0.65991454     -0.02057264      1.90084380      0.00013259
    0.44992689     -0.00419726      1.90305342      0.00012908
    0.49023667     -0.00461254      1.90301875      0.00014147
    0.50040573     -0.00916911      1.90208554      0.00013914
    0.51016906     -0.00455657      1.90306679      0.00013953
    0.26907054     -0.04190523      1.89073473      0.00013235
    0.73301065     -0.02521294      1.90027662      0.00014303
    0.32908296     -0.04171684      1.89103962      0.00013208
    0.38930503     -0.04160331      1.89146434      0.00013470
    0.73883684     -0.00979883      1.90304474      0.00011264
    0.42932109     -0.04163574      1.89178964      0.00013398
    0.72572184     -0.06784240      1.87727487      0.00011934
    0.46910603     -0.04170438      1.89216240      0.00013129
   -0.29869979     -0.01030978      1.90296640      0.00012320
    0.53955321     -0.05701118      1.88470100      0.00013584
    0.73875736     -0.09901572      1.81395589      0.00011927
    0.57939867     -0.05722366      1.88506137      0.00012404
    0.58855490     -0.05276460      1.88791808      0.00012041
    0.59850736     -0.05628169      1.88576391      0.00015424
    0.67905787     -0.05707613      1.88591716      0.00013589
   -0.03213829     -0.02813448      1.89708014      0.00011455
    0.63929316     -0.05722417      1.88558698      0.00013374
    0.70814550     -0.04165992      1.89460903      0.00013943
   -0.31588529     -0.06334909      1.88098546      0.00012111
    0.53122376     -0.02633101      1.89812375      0.00013546
   -0.29819572     -0.09894280      1.81444957      0.00012333
    0.51671886     -0.03449521      1.89538570      0.00013678
   -0.24907502     -0.05634690      1.88630616      0.00013604
   -0.30950976     -0.02160209      1.90123879      0.00012777
    0.74929779     -0.09732102      1.82513942      0.00013639
    0.74979724     -0.02064058      1.90150259      0.00011174
    0.68805718     -0.02680760      1.89956419      0.00012985
   -0.01940605     -0.03838229      1.89333454      0.00012895
   -0.29950341     -0.02062816      1.90129350      0.00013306
    0.73929140     -0.09737566      1.82416592      0.00013687
    0.73997511     -0.01930024      1.90161544      0.00011301
    0.74066230     -0.07084680      1.87427770      0.00011206
    0.73466300     -0.06505115      1.87983251      0.00011613
    0.73465132     -0.08618640      1.85433856      0.00011391
    0.71746436     -0.03716369      1.89645228      0.00011963
    0.70074864     -0.03623928      1.89672359      0.00010335
   -0.18911654     -0.04095538      1.71394372      0.00019158
   -0.28908104     -0.03058362      1.70945051      0.00021936
   -0.27757089     -0.02814888      1.70877778      0.00020688
   -0.17889114     -0.04624487      1.71644170      0.00019276
    0.62726771     -0.08774876      1.75796967      0.00020099
    0.63347778     -0.09106858      1.76545633      0.00021097
   -0.31355907     -0.03054281      1.70917043      0.00018942
   -0.13962225     -0.02466004      1.70909540      0.00020516
   -0.19915314     -0.04731808      1.71683128      0.00019989
   -0.21051495     -0.03077311      1.71003533      0.00020579
   -0.06948335     -0.00686598      1.70546998      0.00021065
   -0.10957463     -0.06182685      1.72698761      0.00019848
    0.57458934     -0.08845559      1.76045269      0.00018959
    0.56688659     -0.09087600      1.76651246      0.00014898
    0.73069311     -0.08353002      1.74959366      0.00019675
   -0.30866454     -0.02263761      1.70709203      0.00015726
    0.70390823     -0.09484973      1.77448822      0.00016828
    0.69653811     -0.09642086      1.78079927      0.00020276
   -0.16897311     -0.06259648      1.72701150      0.00021076
   -0.22191604     -0.02769051      1.70899529      0.00019011
    0.49757999     -0.09311670      1.77538999      0.00019072
   -0.03973185     -0.04630969      1.71811893      0.00019568
    0.50364558     -0.09525348      1.78292652      0.00019572
    0.67267746     -0.08893402      1.75957740      0.00018350
    0.64591957     -0.09134093      1.76586973      0.00018610
    0.65319476     -0.08869854      1.75936996      0.00018729
   -0.20945493     -0.04264924      1.71447236      0.00019458
   -0.09928398     -0.01198890      1.70637181      0.00019260
    0.43735625     -0.09282897      1.77601792      0.00019023
   -0.28914422     -0.04309059      1.71435475      0.00021836
   -0.08909956     -0.04170311      1.71538427      0.00019167
   -0.00049416     -0.02417310      1.71008329      0.00019334
    0.61468494     -0.08767508      1.75805423      0.00017926
    0.44369300     -0.09499332      1.78339136      0.00019196
   -0.17891831     -0.05750732      1.72315070      0.00021188
    0.52300924     -0.09377477      1.77673309      0.00016562
   -0.02039814     -0.02402338      1.70990577      0.00019048
    0.51587446     -0.09539950      1.78320195      0.00016727
    0.75392229     -0.02972752      1.70889849      0.00017875
    0.39757233     -0.09266798      1.77630726      0.00018499
   -0.01057948     -0.03030159      1.71187026      0.00018852
    0.60685071     -0.09051786      1.76452715      0.00019640
   -0.09960812     -0.05704638      1.72358741      0.00018893
   -0.07894218     -0.01309712      1.70673648      0.00019839
    0.40384883     -0.09485342      1.78357648      0.00018924
   -0.29830091     -0.04634395      1.71596155      0.00018481
   -0.14939855     -0.03042391      1.71055259      0.00018931
    0.46425565     -0.09342564      1.77729704      0.00019229
    0.45618667     -0.09515307      1.78378996      0.00016962
    0.01983958     -0.04630840      1.71867241      0.00018774
   -0.09949839     -0.04643905      1.71741553      0.00018584
    0.66463798     -0.09126588      1.76505219      0.00016174
    0.58662151     -0.09045440      1.76498715      0.00016680
    0.59480559     -0.08821298      1.75953289      0.00016945
    0.73957053     -0.08036659      1.74505155      0.00015664
   -0.11974369     -0.04643665      1.71726890      0.00019879
    0.33759573     -0.09253693      1.77673418      0.00018085
    0.36423125     -0.09311837      1.77821135      0.00018704
    0.35617045     -0.09493155      1.78451087      0.00016228
    0.72274100     -0.09678926      1.78155919      0.00018523
   -0.12960561     -0.04203388      1.71512041      0.00019382
    0.34370275     -0.09476734      1.78400110      0.00018342
    0.71574007     -0.09507717      1.77494896      0.00015997
   -0.14921875     -0.04238341      1.71500216      0.00018898
   -0.11958562     -0.05745901      1.72361205      0.00018050
    0.30422483     -0.09306931      1.77865040      0.00018446
    0.29617367     -0.09490738      1.78485309      0.00015830
   -0.12968874     -0.03005056      1.71063647      0.00018127
    0.73116460     -0.06799665      1.73101142      0.00019524
    0.53536296     -0.09508408      1.78107807      0.00017111
    0.24423152     -0.09309094      1.77897594      0.00018286
   -0.10607664     -0.08808099      1.76032593      0.00014763
    0.23617728     -0.09494689      1.78514560      0.00015558
   -0.11376448     -0.09061232      1.76622528      0.00018272
    0.74902776     -0.02182232      1.70682009      0.00013569
    0.03969692     -0.02358357      1.71013279      0.00019342
    0.27763091     -0.09250737      1.77709693      0.00017689
    0.00945821     -0.02978612      1.71184372      0.00018867
    0.02969906     -0.04083069      1.71620245      0.00017975
   -0.15892790     -0.04687997      1.71698357      0.00018303
    0.28377290     -0.09473574      1.78427477      0.00017759
    0.72969980     -0.08938378      1.75995356      0.00019008
    0.18421246     -0.09320127      1.77928154      0.00018119
    0.17616002     -0.09504153      1.78539949      0.00015315
    0.73116800     -0.05886923      1.72348030      0.00019078
   -0.08945883     -0.00623115      1.70526651      0.00019076
    0.12419353     -0.09338214      1.77951795      0.00017969
    0.11614368     -0.09518552      1.78559425      0.00015112
   -0.04946830     -0.04134466      1.71566520      0.00017229
    0.06417649     -0.09363971      1.77967978      0.00017845
    0.05612897     -0.09538830      1.78572820      0.00014948
    0.54222310     -0.09334328      1.77458971      0.00014352
   -0.29090291     -0.09601237      1.77775090      0.00016178
    0.48522670     -0.09298568      1.77537315      0.00016522
    0.21761801     -0.09258850      1.77747972      0.00017554
    0.09002569     -0.00602935      1.70552031      0.00018654
   -0.03012366     -0.04097016      1.71574743      0.00018341
    0.22376295     -0.09479233      1.78459090      0.00017431
    0.11016126     -0.02932016      1.71222410      0.00018476
   -0.15893789     -0.05770176      1.72337568      0.00018308
   -0.09900237     -0.02376136      1.70916717      0.00019000
    0.06016946     -0.04593076      1.71882968      0.00018945
    0.47728207     -0.09483695      1.78199033      0.00018712
    0.15759822     -0.09274266      1.77778123      0.00017427
    0.07002834     -0.02917415      1.71200832      0.00019002
    0.02957453     -0.02940198      1.71185807      0.00018912
    0.16374496     -0.09489932      1.78484560      0.00017157
    0.13002074     -0.00585150      1.70549860      0.00018121
    0.00955880     -0.04123709      1.71621467      0.00018480
    0.42402191     -0.09278423      1.77619504      0.00018242
    0.09757968     -0.09297256      1.77800392      0.00017318
   -0.05948335     -0.01250918      1.70668963      0.00017850
    0.04975328     -0.02930594      1.71193946      0.00018747
    0.14003445     -0.01178934      1.70703058      0.00018239
    0.10372801     -0.09505878      1.78503816      0.00016928
    0.41718350     -0.09489540      1.78353537      0.00018349
    0.03734947     -0.09331262      1.77821290      0.00017412
    0.19017423     -0.02866049      1.71216257      0.00018010
    0.17018091     -0.02895914      1.71223715      0.00017929
    0.15001371     -0.00593784      1.70553198      0.00018397
   -0.04966567     -0.02955730      1.71131965      0.00018868
    0.38520897     -0.09253598      1.77614615      0.00015996
   -0.00279091     -0.09349316      1.77799942      0.00017227
    0.04371259     -0.09528220      1.78516743      0.00016742
    0.07017067     -0.04060581      1.71641667      0.00018485
    0.18012125     -0.02309038      1.71034871      0.00017898
   -0.04273837     -0.09380639      1.77802818      0.00017005
    0.08009962     -0.02368168      1.71032834      0.00018919
   -0.29077093     -0.09325231      1.76872021      0.00014501
   -0.26307595     -0.08185190      1.74677565      0.00015435
    0.00374561     -0.09536600      1.78483381      0.00017053
   -0.22387575     -0.09048993      1.76306749      0.00015624
   -0.23200245     -0.09247289      1.76786788      0.00016476
   -0.09402124     -0.08851801      1.76155123      0.00015845
   -0.03625513     -0.09559430      1.78483720      0.00017011
   -0.03026338     -0.02936097      1.71138833      0.00017781
    0.37726318     -0.09447500      1.78260109      0.00018248
    0.04988099     -0.04066805      1.71629795      0.00018435
   -0.25702108     -0.08567486      1.75286077      0.00016219
   -0.15294123     -0.08913208      1.76138398      0.00016896
   -0.19249849     -0.08959090      1.76149706      0.00016853
    0.08002279     -0.01179617      1.70695142      0.00018317
    0.20992255     -0.00606717      1.70558224      0.00018810
    0.32523908     -0.09240436      1.77648822      0.00015689
    0.10003530     -0.01188134      1.70700708      0.00018341
    0.10012049     -0.02362371      1.71036442      0.00018233
   -0.14660991     -0.09174385      1.76820640      0.00017393
   -0.08869201     -0.09112544      1.76817197      0.00013298
    0.23021588     -0.02863933      1.71216008      0.00017749
   -0.18617148     -0.09220775      1.76824845      0.00017041
    0.16010187     -0.02341462      1.71042748      0.00017969
    0.72041463     -0.05423138      1.72030032      0.00017590
    0.24017086     -0.02287106      1.71028840      0.00017694
    0.16003036     -0.01181358      1.70705341      0.00018311
    0.40060935     -0.04436427      1.71784487      0.00017561
    0.12009680     -0.02342929      1.71036536      0.00018540
    0.31728495     -0.09437839      1.78286171      0.00018018
    0.34057005     -0.04437859      1.71827900      0.00017625
    0.25026227     -0.02842174      1.71207301      0.00017800
   -0.20058200     -0.02369529      1.70817870      0.00020581
    0.46053908     -0.04431745      1.71725987      0.00017554
    0.20000402     -0.02324531      1.71040317      0.00017244
    0.26021273     -0.02269851      1.71022572      0.00017889
   -0.05915695     -0.02503197      1.70991078      0.00018149
    0.71010903     -0.02832368      1.70874005      0.00017358
    0.26528475     -0.09236246      1.77674080      0.00015325
    0.28048418     -0.04443555      1.71857130      0.00017691
   -0.07911321     -0.04763993      1.71823816      0.00018215
   -0.16893596     -0.04051223      1.71391038      0.00017880
    0.32029428     -0.02256997      1.71009180      0.00018372
   -0.15951291     -0.02369246      1.70857305      0.00018117
    0.12003034     -0.01170348      1.70698537      0.00018148
    0.71989759     -0.02262469      1.70727597      0.00016871
    0.39064183     -0.03919280      1.71563667      0.00017219
   -0.08159892     -0.09586122      1.78465779      0.00016011
   -0.08870712     -0.03028642      1.71111988      0.00018644
    0.21994821     -0.01186572      1.70708859      0.00018673
    0.22004013     -0.02335333      1.71044225      0.00017812
    0.31036820     -0.02822371      1.71189958      0.00018135
    0.45064657     -0.03913112      1.71510484      0.00017197
    0.33056369     -0.03921079      1.71600811      0.00017341
    0.25736516     -0.09434400      1.78302844      0.00018015
    0.38035788     -0.02256381      1.70989339      0.00018330
    0.30017156     -0.02245726      1.71009383      0.00017783
   -0.01046902     -0.04175074      1.71623202      0.00017642
    0.20527185     -0.09244493      1.77705598      0.00015214
    0.36025563     -0.02245174      1.70993407      0.00017947
   -0.27802619     -0.07627379      1.73956805      0.00013859
   -0.02014797     -0.04708172      1.71862663      0.00017676
    0.44040894     -0.02258810      1.70959473      0.00018134
    0.37051460     -0.02825905      1.71168273      0.00017966
   -0.07405003     -0.09471040      1.78036421      0.00013100
    0.29047586     -0.03907386      1.71610669      0.00017579
    0.42036125     -0.02250381      1.70968208      0.00017819
    0.27041118     -0.03921679      1.71622234      0.00017589
    0.27029434     -0.02822422      1.71198304      0.00017884
    0.19735161     -0.09441317      1.78328174      0.00017893
    0.14525526     -0.09260632      1.77730226      0.00015112
    0.29030007     -0.02810810      1.71190544      0.00017863
    0.43059977     -0.02828366      1.71133439      0.00017772
    0.19993439     -0.01179945      1.70706787      0.00018048
    0.48014843     -0.02237956      1.70925907      0.00017082
    0.35064108     -0.03906805      1.71583818      0.00017544
    0.05989941     -0.02313698      1.71006284      0.00018077
    0.35042380     -0.02808333      1.71171368      0.00018177
   -0.29781591     -0.02212809      1.70711905      0.00016913
   -0.07937348     -0.05791418      1.72439372      0.00018558
   -0.06928737     -0.06271860      1.72806568      0.00017981
    0.08523974     -0.09284929      1.77747548      0.00015025
    0.41051570     -0.02810680      1.71140980      0.00018114
    0.33046248     -0.02821160      1.71183152      0.00017799
    0.13733679     -0.09454073      1.78348088      0.00017774
    0.41070551     -0.03906389      1.71542195      0.00017530
   -0.00028311     -0.04707321      1.71881600      0.00017597
   -0.28601703     -0.07393444      1.73697550      0.00012897
   -0.16934118     -0.02928422      1.70994943      0.00018131
    0.72022258     -0.04423072      1.71469440      0.00017080
    0.14009994     -0.02343223      1.71040249      0.00018101
   -0.18948539     -0.02920873      1.70972818      0.00018395
    0.02390009     -0.09333681      1.77801768      0.00017168
    0.60037455     -0.05455157      1.72120294      0.00017591
    0.15015071     -0.02918177      1.71227795      0.00017942
    0.60020111     -0.04440463      1.71568841      0.00017565
    0.04994791     -0.00584833      1.70543144      0.00018063
    0.39054264     -0.02819131      1.71155547      0.00017664
    0.57007829     -0.03909675      1.71377058      0.00017513
    0.07732312     -0.09473186      1.78362039      0.00017675
    0.03994917     -0.04637440      1.71883566      0.00017619
    0.05994500     -0.01161516      1.70686255      0.00018076
    0.65015510     -0.02827721      1.70921707      0.00017406
   -0.01612392     -0.09359928      1.77799955      0.00017197
    0.65025673     -0.03919980      1.71293049      0.00017540
    0.21008410     -0.02900063      1.71227120      0.00017093
   -0.06893554     -0.04251489      1.71592841      0.00017248
   -0.05567100     -0.09394580      1.77809077      0.00016148
    0.71015905     -0.03914606      1.71246561      0.00017364
    0.13015269     -0.02922019      1.71225051      0.00018382
    0.49010171     -0.02798901      1.71075825      0.00017105
   -0.12666981     -0.08929254      1.76252132      0.00017803
    0.50030748     -0.04432742      1.71682001      0.00017561
    0.73047338     -0.02736837      1.70833938      0.00017735
    0.01707987     -0.09530660      1.78482410      0.00017109
    0.45055704     -0.02813719      1.71114028      0.00017435
    0.01961446     -0.02342872      1.70995707      0.00018154
    0.51020456     -0.03900558      1.71443275      0.00017545
    0.71046192     -0.05914072      1.72363480      0.00017590
    0.62028132     -0.04441333      1.71548189      0.00017495
   -0.16627079     -0.08927746      1.76137585      0.00016634
    0.53016819     -0.03897298      1.71418451      0.00017331
    0.63019802     -0.03908988      1.71308788      0.00017512
    0.52031670     -0.04433212      1.71658944      0.00017347
    0.54026458     -0.04431477      1.71634189      0.00017326
    0.55012383     -0.03900120      1.71396428      0.00017303
    0.70042345     -0.07211831      1.73498133      0.00017197
    0.70004496     -0.02275028      1.70742420      0.00017276
   -0.20483554     -0.08954203      1.76115830      0.00015211
    0.66014135     -0.02271948      1.70774036      0.00017380
    0.70002115     -0.01144326      1.70536064      0.00017300
    0.71052202     -0.06799272      1.73091625      0.00017604
    0.66005585     -0.01140116      1.70556093      0.00017273
   -0.02292169     -0.09552165      1.78483498      0.00017068
    0.67003009     -0.00570475      1.70475328      0.00017263
    0.61016365     -0.03906992      1.71329630      0.00017460
   -0.26003067     -0.09669233      1.78163061      0.00016359
   -0.05929982     -0.05759210      1.72441730      0.00018000
   -0.27023122     -0.09187186      1.76587529      0.00019328
   -0.26001139     -0.09864977      1.79261969      0.00017193
   -0.27020998     -0.09561095      1.77676514      0.00016213
    0.56019114     -0.04437927      1.71614028      0.00017373
   -0.26877246     -0.06482877      1.72808008      0.00015704
    0.73984704     -0.07238277      1.73543250      0.00015617
   -0.13935932     -0.04860286      1.71802890      0.00017630
   -0.28915138     -0.00599350      1.70466751      0.00018092
    0.72981237     -0.00560802      1.70459948      0.00016920
    0.72027635     -0.07976036      1.74407607      0.00017625
    0.71982554     -0.01133274      1.70525671      0.00016584
   -0.28018435     -0.09698262      1.78222519      0.00015348
    0.09018772     -0.02965722      1.71225457      0.00018243
   -0.24952462     -0.07299679      1.73596330      0.00018026
    0.59997624     -0.09809352      1.79259979      0.00017400
    0.59043973     -0.05936220      1.72453885      0.00017429
    0.63998097     -0.09831820      1.79256236      0.00017391
   -0.25923814     -0.06031619      1.72447051      0.00016123
    0.71038872     -0.08294995      1.74862528      0.00017308
    0.59914531     -0.09571546      1.78137814      0.00017163
   -0.25932727     -0.05139029      1.71851456      0.00015610
    0.70048513     -0.07952599      1.74372717      0.00017109
   -0.24032492     -0.09673669      1.78241549      0.00015511
    0.69042824     -0.06805830      1.73098663      0.00017286
   -0.27999984     -0.09876721      1.79280794      0.00016858
    0.70015867     -0.04441344      1.71485534      0.00017202
   -0.05920826     -0.04766263      1.71843559      0.00016559
   -0.28999365     -0.09941423      1.79847097      0.00016680
   -0.06260710     -0.09577586      1.78480597      0.00016479
   -0.23925805     -0.07678462      1.74028856      0.00018568
    0.30051016     -0.04446252      1.71851479      0.00017511
    0.58864164     -0.09419237      1.77587329      0.00016245
   -0.26923377     -0.04604293      1.71562477      0.00016760
   -0.22900134     -0.07286210      1.73582198      0.00016669
    0.64030374     -0.04447385      1.71531378      0.00017452
   -0.24005546     -0.09861565      1.79299982      0.00016513
    0.03984596     -0.01164779      1.70682506      0.00018115
    0.62998097     -0.09912964      1.79827855      0.00017362
   -0.23934200     -0.06032301      1.72455912      0.00017066
    0.68003807     -0.01142330      1.70545669      0.00017217
    0.11031116     -0.04057121      1.71661482      0.00017729
   -0.24998836     -0.00548679      1.70466462      0.00016581
    0.69000798     -0.00571854      1.70470341      0.00017285
    0.56999518     -0.02815358      1.71001952      0.00017381
    0.58997624     -0.09901769      1.79829885      0.00017355
   -0.24928221     -0.06470419      1.72799104      0.00016845
    0.70026949     -0.05440743      1.72041862      0.00017207
    0.72047132     -0.07221080      1.73511288      0.00017486
    0.70999112     -0.09930105      1.79803092      0.00018030
   -0.25000520     -0.09929679      1.79828272      0.00017281
   -0.02922169     -0.08888914      1.76433126      0.00017293
    0.71001317     -0.00572472      1.70465724      0.00017287
   -0.06971946     -0.08954224      1.76482145      0.00018550
   -0.22932771     -0.06469308      1.72806480      0.00016971
    0.68048019     -0.07220019      1.73510142      0.00017210
   -0.27000619     -0.09935299      1.79833697      0.00017100
    0.69084436     -0.08298531      1.74874185      0.00016942
    0.58000956     -0.02261255      1.70847113      0.00017366
    0.69008417     -0.02833444      1.70888233      0.00017203
    0.60917029     -0.09428236      1.77548627      0.00019963
   -0.02917099     -0.08408848      1.75419779      0.00016300
    0.39100989     -0.08202024      1.75198129      0.00016338
   -0.07006773     -0.08473513      1.75458609      0.00018727
   -0.21902824     -0.07640862      1.73990540      0.00016044
    0.69014787     -0.03917522      1.71258791      0.00017149
   -0.20931541     -0.07261538      1.73565255      0.00016523
    0.10051879     -0.05612393      1.72499450      0.00017336
   -0.24946831     -0.04659062      1.71592966      0.00016087
    0.06042125     -0.05638954      1.72487618      0.00017813
   -0.19980567     -0.09627624      1.78220168      0.00017638
    0.50049018     -0.05448670      1.72232605      0.00017470
   -0.25029395     -0.09546039      1.77670931      0.00015026
    0.10039844     -0.04602776      1.71911479      0.00017898
    0.54044186     -0.05445072      1.72181939      0.00017340
   -0.23005026     -0.09931886      1.79871710      0.00015980
   -0.20002486     -0.09844703      1.79327487      0.00016271
   -0.19926216     -0.07616212      1.73974850      0.00016575
    0.64007201     -0.02265608      1.70790327      0.00017273
   -0.22006556     -0.09857963      1.79340811      0.00016115
    0.20052208     -0.05522995      1.72480584      0.00017331
    0.65887845     -0.09631541      1.78154535      0.00016475
    0.21056825     -0.05988694      1.72807771      0.00017326
    0.19082084     -0.08235362      1.75388360      0.00016941
    0.13081419     -0.08269989      1.75415692      0.00016914
    0.19190182     -0.08732392      1.76366169      0.00016147
   -0.18927682     -0.07239783      1.73557725      0.00016603
    0.16038430     -0.04549170      1.71910126      0.00017692
    0.07080875     -0.08316667      1.75432259      0.00016890
    0.13188826     -0.08759957      1.76393145      0.00016065
    0.31208649     -0.08711391      1.76283416      0.00016964
    0.07187622     -0.08798738      1.76410364      0.00015997
    0.60002224     -0.02258952      1.70827165      0.00017287
    0.28055901     -0.05461539      1.72432408      0.00017658
    0.01082106     -0.08363374      1.75415884      0.00016399
    0.68083463     -0.07971953      1.74411079      0.00018046
    0.47210118     -0.08756037      1.76113993      0.00017373
    0.01077100     -0.08849902      1.76431768      0.00017357
    0.20077824     -0.07932482      1.74888105      0.00016609
    0.14077502     -0.07967813      1.74915706      0.00016563
    0.26044363     -0.04469749      1.71874746      0.00017583
    0.08077257     -0.08015463      1.74932308      0.00016525
    0.22052399     -0.05509142      1.72472566      0.00017316
   -0.17923858     -0.07592648      1.73965861      0.00016521
    0.59007960     -0.03909047      1.71352804      0.00017345
    0.23094113     -0.08738253      1.76393726      0.00017602
    0.65976877     -0.09845848      1.79272497      0.00016470
    0.17092587     -0.08759815      1.76431526      0.00017621
    0.60000740     -0.01134055      1.70589452      0.00017256
    0.24041917     -0.04484472      1.71885893      0.00017810
    0.18040745     -0.04525854      1.71904020      0.00017881
    0.21083360     -0.08217287      1.75357804      0.00016716
    0.11091201     -0.08792110      1.76458667      0.00017636
    0.25191267     -0.08717599      1.76332297      0.00016191
    0.15082691     -0.08247321      1.75387753      0.00016677
    0.65000000     -0.09918856      1.79828380      0.00017321
    0.02077191     -0.08073743      1.74938189      0.00016361
    0.29094903     -0.08726196      1.76342217      0.00017625
   -0.19921008     -0.05845260      1.72357022      0.00019974
    0.59002243     -0.02820273      1.70981901      0.00017311
    0.05090059     -0.08835274      1.76475845      0.00017644
    0.09082138     -0.08289769      1.75406819      0.00016646
    0.35098890     -0.08726491      1.76281976      0.00017534
   -0.21001531     -0.09926077      1.79869101      0.00016081
    0.24052464     -0.05497484      1.72463727      0.00017323
    0.18051908     -0.05538396      1.72487222      0.00017323
    0.18195432     -0.08963743      1.76928819      0.00019113
    0.27057251     -0.05949908      1.72772166      0.00017553
    0.03081916     -0.08342900      1.75414092      0.00016538
    0.16051742     -0.05554976      1.72492357      0.00017323
    0.22080134     -0.07924792      1.74878755      0.00016708
    0.25082545     -0.08214702      1.75352339      0.00017013
    0.27083496     -0.08200451      1.75317067      0.00016748
    0.16079974     -0.07955955      1.74910505      0.00016668
    0.12193644     -0.08990150      1.76956831      0.00019064
    0.14051592     -0.05572996      1.72496171      0.00017323
    0.31056835     -0.05943256      1.72748698      0.00017342
    0.53062470     -0.08784989      1.76038511      0.00016868
    0.29084875     -0.08205411      1.75316485      0.00016954
    0.31100160     -0.08203054      1.75296969      0.00017374
    0.63000241     -0.00569719      1.70486563      0.00017288
    0.10079895     -0.07999706      1.74930881      0.00016635
    0.33103842     -0.08193050      1.75258449      0.00016339
   -0.10051818     -0.09523354      1.78173904      0.00017449
    0.06192059     -0.09026570      1.76975340      0.00019024
    0.41096078     -0.08733110      1.76201362      0.00017739
    0.62000786     -0.01135575      1.70578191      0.00017235
    0.35088000     -0.08203686      1.75257548      0.00016900
    0.37062121     -0.05933249      1.72698518      0.00017336
   -0.15999762     -0.09585907      1.78206188      0.00018108
    0.64002817     -0.01139360      1.70567328      0.00017335
    0.04079889     -0.08055548      1.74942179      0.00016601
   -0.16001710     -0.09822538      1.79327678      0.00016302
   -0.11974738     -0.01178637      1.70621305      0.00018266
   -0.12000634     -0.09794894      1.79297856      0.00016833
    0.61000545     -0.00565856      1.70491628      0.00017197
   -0.11972324     -0.02319231      1.70880099      0.00017363
   -0.12100831     -0.09563603      1.78238158      0.00015908
    0.43062866     -0.05932633      1.72638439      0.00017288
   -0.17927949     -0.08257714      1.74881375      0.00017504
    0.45097041     -0.08753070      1.76161492      0.00017528
    0.55000319     -0.00565155      1.70508101      0.00017262
   -0.21805454     -0.08285616      1.74866814      0.00015536
    0.50002223     -0.02249639      1.70914352      0.00017321
    0.25037633     -0.03942813      1.71635546      0.00017794
    0.23035013     -0.03960660      1.71644817      0.00017684
    0.17032112     -0.03999889      1.71657326      0.00017841
    0.50000605     -0.01128635      1.70639597      0.00017292
    0.24197239     -0.08947108      1.76891480      0.00019175
    0.30197800     -0.08941536      1.76847713      0.00019291
    0.36198737     -0.08945465      1.76790809      0.00019370
    0.54000319     -0.01131269      1.70621451      0.00017300
   -0.16921721     -0.07197016      1.73533382      0.00017022
   -0.02020371     -0.01193235      1.70671207      0.00018226
   -0.19002256     -0.00577847      1.70488071      0.00017536
   -0.15918975     -0.07553974      1.73947092      0.00017329
   -0.17000797     -0.09914825      1.79868023      0.00016163
   -0.13000634     -0.09903407      1.79864917      0.00016312
   -0.12992223     -0.00602862      1.70510774      0.00018389
   -0.10028069     -0.09787219      1.79307289      0.00015970
   -0.10951939     -0.02893615      1.71048860      0.00018836
   -0.11123946     -0.09396331      1.77639855      0.00018531
    0.51000016     -0.00565205      1.70517845      0.00017321
    0.41084459     -0.08208312      1.75178616      0.00016807
    0.69033437     -0.05919942      1.72370536      0.00017293
    0.46200513     -0.08977058      1.76674628      0.00019560
    0.22041190     -0.04506135      1.71896645      0.00017519
   -0.03007687     -0.00587863      1.70531578      0.00018072
    0.43003033     -0.00562875      1.70532215      0.00017346
   -0.00023596     -0.01201625      1.70680302      0.00018553
   -0.20085681     -0.01187222      1.70575447      0.00020134
    0.01978894     -0.01176199      1.70680035      0.00018148
   -0.10962298     -0.04019716      1.71447257      0.00018510
    0.37000003     -0.00560424      1.70538779      0.00017321
    0.30001429     -0.01119643      1.70686636      0.00017299
   -0.18920065     -0.06335235      1.72739167      0.00020273
    0.31000001     -0.00559420      1.70542769      0.00017321
    0.42065612     -0.05447502      1.72322371      0.00017356
    0.44013374     -0.01123480      1.70660689      0.00017491
    0.28006303     -0.01123217      1.70689145      0.00017308
    0.26009566     -0.01134929      1.70693475      0.00017591
    0.19001184     -0.00573228      1.70548563      0.00017765
    0.36063805     -0.05448966      1.72377927      0.00017413
    0.38009891     -0.01120475      1.70675391      0.00017564
    0.25004691     -0.00571934      1.70548198      0.00017725
    0.30055602     -0.05460449      1.72422957      0.00017405
    0.32008337     -0.01120130      1.70684738      0.00017553
    0.29001428     -0.00560222      1.70543867      0.00017352
    0.26053012     -0.05479993      1.72449400      0.00017450
    0.24007257     -0.01151789      1.70698833      0.00017907
   -0.18001753     -0.09833451      1.79326409      0.00016301
    0.52000016     -0.01131319      1.70631195      0.00017321
    0.18002850     -0.01160802      1.70700706      0.00017975
    0.03012574     -0.09869661      1.79855425      0.00016799
    0.39005468     -0.09860375      1.79828514      0.00017649
    0.66976877     -0.09926992      1.79844117      0.00016820
    0.61000000     -0.09907584      1.79830094      0.00017321
   -0.19000955     -0.09918626      1.79858386      0.00016431
    0.54938290     -0.09873463      1.79753683      0.00019758
    0.00989089     -0.00596253      1.70540673      0.00018379
   -0.11000000     -0.09891487      1.79832939      0.00017321
    0.49005649     -0.09873717      1.79817269      0.00017888
    0.21013903     -0.09855122      1.79840722      0.00017332
    0.15013434     -0.09858209      1.79847371      0.00017116
    0.33007508     -0.09855793      1.79831078      0.00017607
    0.09012985     -0.09862892      1.79852302      0.00016938
   -0.00987520     -0.09875601      1.79856395      0.00016730
    0.43005602     -0.09864572      1.79824403      0.00017739
   -0.09028069     -0.09895732      1.79874350      0.00016077
    0.27014299     -0.09853427      1.79832317      0.00017589
   -0.10982515     -0.00575775      1.70510531      0.00017589
   -0.04987530     -0.09882866      1.79856617      0.00016676
   -0.15000913     -0.09907713      1.79859654      0.00016445
    0.49000589     -0.00563431      1.70521752      0.00017293
   -0.13931133     -0.08217183      1.74882017      0.00017470
   -0.14922599     -0.07176567      1.73534286      0.00016833
    0.17001665     -0.00587574      1.70552144      0.00018209
    0.11000961     -0.00585199      1.70548677      0.00018114
    0.33008336     -0.00560710      1.70541969      0.00017352
   -0.12943703     -0.06315241      1.72763925      0.00017027
   -0.14001547     -0.09811120      1.79324572      0.00016386
   -0.13928199     -0.07550909      1.73964112      0.00016577
   -0.12936244     -0.07149818      1.73530287      0.00016947
    0.45010341     -0.00560606      1.70528474      0.00017254
   -0.08946956     -0.06258468      1.72771172      0.00018076
   -0.11933044     -0.07517658      1.73959184      0.00017770
   -0.10939405     -0.07119865      1.73530378      0.00017911
    0.23002566     -0.00579855      1.70550635      0.00017973
   -0.07995396     -0.08192708      1.74959772      0.00018305
    0.27004875     -0.00562995      1.70545278      0.00017443
   -0.09931386     -0.07503048      1.73970775      0.00017771
    0.53000000     -0.00566114      1.70513350      0.00017321
    0.39009888     -0.00560051      1.70536611      0.00017294
   -0.08935589     -0.07119698      1.73551589      0.00017162
    0.02989805     -0.00579945      1.70539362      0.00017894
   -0.07927452     -0.07514992      1.74009655      0.00016907
   -0.06930207     -0.07134204      1.73596433      0.00017428
   -0.04007687     -0.01152184      1.70653543      0.00017497
   -0.05925855     -0.07504915      1.74031612      0.00017429
   -0.03919071     -0.08145968      1.74948929      0.00016510
   -0.05000000     -0.00564321      1.70521965      0.00017321
    0.59000195     -0.00568199      1.70497824      0.00017297
   -0.04929777     -0.07111255      1.73600492      0.00017344
   -0.02952034     -0.06224005      1.72819590      0.00018157
   -0.03928109     -0.07486006      1.74038925      0.00017372
   -0.02933167     -0.07095199      1.73610820      0.00017294
   -0.13983160     -0.01204404      1.70615461      0.00018317
    0.00080173     -0.08099426      1.74947160      0.00016553
   -0.01929409     -0.07466933      1.74044683      0.00017212
    0.65002576     -0.00569640      1.70480765      0.00017260
   -0.14990937     -0.00601542      1.70504687      0.00018317
   -0.00934036     -0.07073539      1.73614357      0.00017209
    0.01039916     -0.06183436      1.72832334      0.00017808
    0.00070744     -0.07440831      1.74042094      0.00017191
    0.01065825     -0.07044988      1.73610735      0.00017223
    0.02070339     -0.07413952      1.74038106      0.00017286
   -0.21083425     -0.00609374      1.70487376      0.00018468
    0.06999710     -0.00576682      1.70543111      0.00017825
    0.03065684     -0.07018251      1.73607995      0.00017297
    0.06078725     -0.08045431      1.74960004      0.00017321
    0.05048584     -0.06126306      1.72829731      0.00017807
    0.04070510     -0.07390691      1.74036165      0.00017286
    0.05083472     -0.08336206      1.75438613      0.00016934
    0.05066090     -0.06993205      1.73605082      0.00017306
    0.06070723     -0.07367288      1.74032487      0.00017329
    0.07066241     -0.06970342      1.73602707      0.00017325
    0.08070625     -0.07347281      1.74030273      0.00017321
    0.09056514     -0.06093088      1.72836264      0.00017316
   -0.01012684     -0.00605372      1.70539629      0.00018638
    0.09066144     -0.06949850      1.73600514      0.00017325
    0.12078772     -0.07993615      1.74945627      0.00017321
    0.13056516     -0.06053064      1.72832097      0.00017321
    0.10070534     -0.07327968      1.74026612      0.00017330
    0.11083736     -0.08285543      1.75424917      0.00016946
    0.11066048     -0.06930554      1.73597256      0.00017325
    0.15056545     -0.06034944      1.72828074      0.00017321
    0.12070445     -0.07310363      1.74022236      0.00017321
    0.13065957     -0.06912765      1.73593047      0.00017321
    0.14070368     -0.07293841      1.74016453      0.00017321
    0.17056587     -0.06018237      1.72822759      0.00017321
    0.15065879     -0.06896088      1.73587406      0.00017321
    0.16070297     -0.07278695      1.74009410      0.00017320
    0.18078919     -0.07953572      1.74920453      0.00017321
    0.19056640     -0.06002981      1.72816115      0.00017321
    0.17065808     -0.06880813      1.73580481      0.00017321
    0.17084172     -0.08246674      1.75400968      0.00016963
    0.18070232     -0.07264971      1.74001060      0.00017321
    0.19065743     -0.06866980      1.73572231      0.00017321
    0.20070170     -0.07252701      1.73991369      0.00017321
    0.21065685     -0.06854400      1.73562440      0.00017325
    0.23056769     -0.05976678      1.72798572      0.00017316
    0.22070113     -0.07241686      1.73980127      0.00017329
    0.24079094     -0.07926177      1.74883457      0.00017321
    0.23084691     -0.08220219      1.75365662      0.00016984
    0.23065624     -0.06843516      1.73551464      0.00017325
    0.25056830     -0.05966070      1.72788033      0.00017321
    0.24070048     -0.07232580      1.73967887      0.00017321
    0.26077942     -0.07911833      1.74851995      0.00016749
    0.25065558     -0.06834327      1.73539301      0.00017321
    0.28080002     -0.07905940      1.74833399      0.00016651
    0.26070002     -0.07225055      1.73954528      0.00017329
    0.29059656     -0.05939568      1.72757426      0.00017634
    0.27065513     -0.06826712      1.73526026      0.00017337
    0.30079283     -0.07912414      1.74835535      0.00017300
    0.28069958     -0.07218980      1.73939825      0.00017337
    0.29065451     -0.06820204      1.73510983      0.00017337
    0.32095239     -0.07900231      1.74796239      0.00016614
    0.30069903     -0.07214167      1.73923606      0.00017342
    0.31065342     -0.06816337      1.73495790      0.00017324
    0.34082883     -0.07900216      1.74777911      0.00016683
    0.32069800     -0.07211762      1.73906989      0.00017304
    0.35062329     -0.05928005      1.72712089      0.00017538
    0.33065381     -0.06813392      1.73478906      0.00017311
    0.36079228     -0.07910218      1.74775437      0.00017290
    0.34069860     -0.07209028      1.73887618      0.00017307
    0.35065320     -0.06809599      1.73459002      0.00017318
    0.36069571     -0.07207320      1.73867185      0.00017348
    0.37064895     -0.06810009      1.73440862      0.00017314
    0.38069276     -0.07210192      1.73848793      0.00017282
    0.40079849     -0.07908183      1.74716761      0.00016841
    0.41063019     -0.05925896      1.72655932      0.00017484
    0.54002096     -0.02253658      1.70881882      0.00017305
    0.39064906     -0.06811668      1.73421757      0.00017301
    0.40069483     -0.07210385      1.73825874      0.00017292
    0.41064991     -0.06809490      1.73397403      0.00017309
    0.42069352     -0.07210529      1.73801564      0.00017363
    0.43064633     -0.06812066      1.73376160      0.00017328
    0.44069045     -0.07215601      1.73780145      0.00017277
    0.46078825     -0.07927175      1.74653660      0.00017299
    0.45064523     -0.06815480      1.73353973      0.00017283
    0.46068997     -0.07216997      1.73754025      0.00017265
    0.47056824     -0.05929143      1.72590866      0.00017463
    0.47064430     -0.06814881      1.73327466      0.00017283
    0.48068645     -0.07217834      1.73726982      0.00017319
    0.52102028     -0.09013021      1.76609319      0.00017319
    0.49064157     -0.06815065      1.73301456      0.00017333
    0.45085233     -0.08226250      1.75140471      0.00017025
    0.52077986     -0.07943398      1.74572951      0.00017329
    0.51056286     -0.05932269      1.72543454      0.00017278
    0.50068405     -0.07220694      1.73701653      0.00017347
    0.51063871     -0.06816579      1.73276422      0.00017357
   -0.23943897     -0.05113534      1.71845370      0.00016039
    0.51099119     -0.08780985      1.76078312      0.00017426
    0.52068114     -0.07223236      1.73675964      0.00017359
    0.55050551     -0.05930275      1.72494236      0.00017385
    0.43084617     -0.08213682      1.75153349      0.00016837
    0.53063405     -0.06816607      1.73250252      0.00017376
    0.67115764     -0.08309125      1.74904619      0.00017859
    0.47100238     -0.08232974      1.75114046      0.00017535
    0.54067158     -0.07217102      1.73640651      0.00017227
    0.42078455     -0.07911554      1.74691890      0.00016814
    0.44079927     -0.07916193      1.74667007      0.00016806
    0.51087082     -0.08247733      1.75059686      0.00017023
    0.55062225     -0.06812375      1.73218470      0.00017011
    0.49022083     -0.03888905      1.71460394      0.00017314
    0.58176392     -0.07947948      1.74476582      0.00017076
    0.53050465     -0.08248618      1.75020769      0.00016098
    0.56066798     -0.07216044      1.73611126      0.00017012
    0.48094625     -0.07925748      1.74613927      0.00016906
    0.49103475     -0.08233970      1.75074677      0.00016590
    0.57062507     -0.06818171      1.73199549      0.00017013
    0.50081743     -0.07931686      1.74587930      0.00016915
    0.58066678     -0.07226299      1.73597969      0.00017136
    0.54044346     -0.07928951      1.74514180      0.00016696
    0.57987115     -0.09796475      1.79253070      0.00017684
    0.61049654     -0.05934845      1.72432332      0.00017322
    0.60147200     -0.07952359      1.74454655      0.00017198
    0.59061429     -0.06826236      1.73186299      0.00017299
    0.59253688     -0.08272761      1.74943262      0.00016302
    0.51003843     -0.02807459      1.71060195      0.00017317
    0.69927933     -0.09860878      1.79240998      0.00019412
    0.60064654     -0.07227483      1.73576305      0.00017136
    0.68030193     -0.05449505      1.72054162      0.00017188
    0.11057022     -0.06071741      1.72834343      0.00017335
   -0.26827020     -0.03619247      1.71124507      0.00015333
    0.07055149     -0.06108907      1.72833189      0.00017530
    0.61059396     -0.06817154      1.73155929      0.00017035
    0.53003987     -0.02809753      1.71041376      0.00017263
    0.64068944     -0.07959579      1.74419513      0.00017370
    0.62044077     -0.05454492      1.72099438      0.00017289
    0.63048357     -0.05934131      1.72414061      0.00017277
    0.37208890     -0.08717907      1.76225542      0.00017147
    0.65052829     -0.06820842      1.73128901      0.00017231
    0.62062665     -0.07219304      1.73547117      0.00017112
    0.38094994     -0.07902750      1.74734276      0.00016624
    0.68022625     -0.04446485      1.71498744      0.00017195
    0.63057204     -0.06816633      1.73138142      0.00017065
    0.49052355     -0.05927351      1.72565376      0.00017448
    0.52002225     -0.02252569      1.70898790      0.00017280
    0.56000516     -0.01131034      1.70611026      0.00017256
    0.53052107     -0.05926677      1.72515775      0.00017411
    0.64059620     -0.07225977      1.73537476      0.00017117
    0.63006792     -0.02819470      1.70939079      0.00017232
    0.69127093     -0.08871252      1.75877422      0.00016429
    0.58000393     -0.01134078      1.70600749      0.00017276
    0.12038106     -0.04586846      1.71913482      0.00017691
    0.08037000     -0.04626636      1.71909633      0.00017610
    0.67046772     -0.06814804      1.73112895      0.00017201
   -0.01922380     -0.08120620      1.74943639      0.00016298
    0.66054493     -0.07226901      1.73526040      0.00017218
   -0.05934477     -0.08166507      1.74943672      0.00016539
    0.12051978     -0.05591849      1.72498373      0.00017319
    0.67038333     -0.05930177      1.72385041      0.00017184
    0.08049903     -0.05629083      1.72496505      0.00017463
   -0.23090199     -0.03549650      1.71123619      0.00014982
    0.61998097     -0.09820548      1.79257950      0.00017292
    0.66088041     -0.07969289      1.74416827      0.00017633
    0.32055830     -0.04460866      1.71848810      0.00017349
   -0.21955108     -0.04940798      1.71770697      0.00018408
    0.48049238     -0.05444382      1.72254302      0.00017335
    0.64042985     -0.05459369      1.72085402      0.00017283
    0.37100271     -0.08205465      1.75234599      0.00017372
    0.52049230     -0.05448996      1.72208519      0.00017262
    0.09031577     -0.04081024      1.71661422      0.00017809
    0.56989490     -0.09894707      1.79823186      0.00017590
   -0.22959704     -0.04533783      1.71551083      0.00017313
    0.57000198     -0.00565878      1.70502925      0.00017255
   -0.31492315     -0.06337950      1.72703413      0.00014938
    0.75414989     -0.06327418      1.72694357      0.00017211
   -0.00917578     -0.08385821      1.75418378      0.00016490
    0.58014984     -0.04444346      1.71593123      0.00017271
    0.67905698     -0.09857765      1.79282022      0.00015699
   -0.13429802     -0.09179724      1.76882431      0.00015165
   -0.04929360     -0.08432809      1.75422555      0.00016918
   -0.21937871     -0.05957556      1.72415552      0.00018195
    0.68009045     -0.02273218      1.70757205      0.00017243
    0.65095701     -0.08296832      1.74901725      0.00018068
    0.66038265     -0.05458169      1.72070194      0.00017182
   -0.20933951     -0.06395134      1.72765985      0.00019009
    0.28019155     -0.02247721      1.71013075      0.00017633
   -0.31466347     -0.08775011      1.75670394      0.00015700
    0.65045041     -0.05936737      1.72400908      0.00017191
    0.55953116     -0.09538183      1.78124116      0.00014922
    0.61998219     -0.09579007      1.78098647      0.00018175
    0.75387338     -0.08768040      1.75657338      0.00018022
    0.55927780     -0.09768170      1.79176869      0.00019992
    0.36000003     -0.01115599      1.70677862      0.00017245
    0.34008336     -0.01115885      1.70681052      0.00017046
    0.38067550     -0.04455148      1.71808265      0.00017146
    0.55999273     -0.02253335      1.70863689      0.00017274
    0.55000853     -0.02809846      1.71021195      0.00017221
    0.66031508     -0.04453396      1.71516360      0.00017254
    0.68928821     -0.09930773      1.79837906      0.00016990
   -0.04935374     -0.06227894      1.72800474      0.00018507
    0.44069657     -0.04454213      1.71755048      0.00017072
   -0.17303785     -0.09201224      1.76810674      0.00017072
    0.61004196     -0.02814254      1.70958857      0.00017302
    0.36069133     -0.04442264      1.71816663      0.00017309
   -0.17992757     -0.01166302      1.70584196      0.00018022
   -0.15981438     -0.01189996      1.70600812      0.00018085
    0.31053101     -0.03926321      1.71611929      0.00017662
    0.42006701     -0.01120219      1.70665768      0.00017253
    0.40013556     -0.01117395      1.70670164      0.00017084
    0.48006880     -0.01123490      1.70646589      0.00017106
    0.46016632     -0.01120665      1.70653311      0.00017130
    0.67016798     -0.02833196      1.70904808      0.00017254
    0.67024007     -0.03922385      1.71275789      0.00017220
    0.57046938     -0.05938713      1.72476744      0.00017308
   -0.30986804     -0.07063428      1.73357392      0.00014493
    0.15029293     -0.04021910      1.71661562      0.00017738
    0.35000000     -0.00555175      1.70539083      0.00017170
    0.62002953     -0.02259077      1.70807708      0.00017188
   -0.21208944     -0.09217407      1.76745301      0.00017398
   -0.30960836     -0.08272790      1.74828418      0.00014550
    0.13028705     -0.04040832      1.71662925      0.00017733
    0.21032162     -0.03974139      1.71650731      0.00017716
   -0.31494490     -0.07705966      1.74073490      0.00014874
    0.34060554     -0.05452358      1.72394908      0.00017553
    0.19032022     -0.03978890      1.71651795      0.00017785
    0.42074915     -0.04442100      1.71768543      0.00017231
    0.57936747     -0.09551751      1.78132679      0.00017150
   -0.14921823     -0.06330137      1.72756995      0.00017437
    0.71915141     -0.09128495      1.76417306      0.00015046
    0.58033652     -0.05456825      1.72142750      0.00017314
    0.04030222     -0.05651063      1.72478852      0.00018086
   -0.03952573     -0.05731451      1.72447677      0.00017986
    0.32054979     -0.05463604      1.72414101      0.00017431
    0.54958267     -0.08791051      1.75968742      0.00014813
    0.34025156     -0.02239468      1.70997792      0.00017555
   -0.27436965     -0.01855595      1.70635220      0.00015222
   -0.16990502     -0.00588455      1.70496125      0.00017888
    0.56964459     -0.09419995      1.77650042      0.00014010
    0.41003668     -0.00557344      1.70533552      0.00017194
    0.47006291     -0.00560059      1.70524837      0.00017214
    0.02021649     -0.05679670      1.72477742      0.00018011
    0.48037236     -0.04421864      1.71699924      0.00017488
    0.40062706     -0.05450531      1.72344394      0.00017483
    0.56039555     -0.05454486      1.72164086      0.00017280
    0.46056153     -0.05452158      1.72282101      0.00017327
    0.40032035     -0.02240569      1.70975151      0.00017522
    0.64898972     -0.09514447      1.77689627      0.00013820
    0.72031705     -0.09874974      1.79270916      0.00017944
    0.37073303     -0.03924523      1.71579079      0.00017300
    0.38061697     -0.05457172      1.72366440      0.00017295
    0.14037653     -0.04565767      1.71911890      0.00017762
    0.46034475     -0.02238449      1.70940082      0.00017295
    0.62986223     -0.09481321      1.77647761      0.00015698
    0.44062039     -0.05457068      1.72307100      0.00017229
    0.20038753     -0.04511447      1.71899465      0.00017822
   -0.13934881     -0.05869903      1.72420458      0.00017464
    0.33059066     -0.05938316      1.72733110      0.00017386
   -0.30908635     -0.04059960      1.71292715      0.00015422
   -0.04006894     -0.02291315      1.70941428      0.00017361
    0.43079786     -0.03924376      1.71532559      0.00017187
    0.71025710     -0.08862078      1.75836238      0.00015994
    0.03042903     -0.06145522      1.72826032      0.00018080
    0.47032097     -0.02792309      1.71090925      0.00017089
    0.47042578     -0.03886212      1.71480374      0.00017305
   -0.17966521     -0.02327020      1.70826521      0.00018207
    0.00018035     -0.05718219      1.72481966      0.00017896
    0.73074835     -0.03815202      1.71203226      0.00019366
   -0.24433199     -0.02463224      1.70784754      0.00012401
    0.73790242     -0.09242894      1.76713350      0.00017959
   -0.01975077     -0.05734679      1.72471726      0.00017870
    0.55653577     -0.09046564      1.76567614      0.00011402
    0.39060101     -0.05935408      1.72681749      0.00017311
   -0.27822547     -0.06036624      1.72456108      0.00016311
   -0.23790934     -0.01786872      1.70647989      0.00014404
    0.63986100     -0.09641718      1.78235444      0.00013877
    0.45059284     -0.05936380      1.72618650      0.00017300
   -0.31405808     -0.09520490      1.77460356      0.00017476
    0.53833493     -0.09761782      1.79198496      0.00019907
   -0.25525462     -0.02474070      1.70778320      0.00012415
    0.61157494     -0.08216619      1.74817389      0.00014317
    0.63082080     -0.08224824      1.74803289      0.00015540
    0.49994974     -0.09782815      1.79373467      0.00015338
    0.73032592     -0.09944869      1.79867824      0.00016051
   -0.07847209     -0.02537994      1.70979450      0.00017886
    0.70078008     -0.09092403      1.76349665      0.00015621
   -0.26187330     -0.01804924      1.70634931      0.00014406
    0.68278103     -0.09128951      1.76467437      0.00014706
    0.47927285     -0.09754264      1.79281532      0.00019420
    0.55067238     -0.08281008      1.75047000      0.00019738
    0.57200046     -0.08296604      1.75033163      0.00021035
    0.73990875     -0.05341514      1.71985379      0.00015721
    0.43999626     -0.09766746      1.79391196      0.00015261
   -0.22542190     -0.01847567      1.70668903      0.00015033
   -0.06868686     -0.03167158      1.71174914      0.00016992
    0.48229633     -0.08936416      1.76507352      0.00013698
    0.40015309     -0.09757231      1.79391996      0.00015703
    0.42015443     -0.09761429      1.79387885      0.00015449
    0.50118910     -0.08952543      1.76500034      0.00015357
    0.74881180     -0.09185207      1.76552736      0.00017856
   -0.00960837     -0.06212479      1.72832630      0.00017902
    0.37926413     -0.09732589      1.79310569      0.00019051
    0.42092479     -0.08917106      1.76608362      0.00015562
    0.44094140     -0.08923767      1.76581753      0.00015978
    0.34001333     -0.09752021      1.79410570      0.00014991
   -0.30872340     -0.09956574      1.79931463      0.00014116
    0.40115713     -0.08908167      1.76624662      0.00015211
    0.38227857     -0.08890378      1.76610374      0.00013592
    0.31928551     -0.09726384      1.79321227      0.00018957
   -0.30843880     -0.00485091      1.70445895      0.00014618
    0.74843880     -0.00485091      1.70445895      0.00014618
    0.28009127     -0.09748689      1.79417530      0.00014800
   -0.31510547     -0.01135392      1.70509944      0.00014393
    0.75510547     -0.01135392      1.70509944      0.00014393
    0.32228746     -0.08879384      1.76663395      0.00013461
    0.34118790     -0.08893837      1.76683048      0.00015254
    0.25936302     -0.09724005      1.79328509      0.00018990
    0.22008693     -0.09751112      1.79432024      0.00014593
   -0.29862745     -0.08216140      1.74740540      0.00016284
   -0.23048558     -0.09564668      1.77804368      0.00015756
    0.19935510     -0.09727552      1.79343482      0.00018725
    0.26209139     -0.08881432      1.76709647      0.00013176
    0.28112505     -0.08893425      1.76736823      0.00015245
   -0.31552729     -0.04783492      1.71655225      0.00013160
    0.16007841     -0.09755999      1.79443858      0.00014407
    0.74976310     -0.07043391      1.73337214      0.00014581
    0.13934654     -0.09733775      1.79355283      0.00018501
    0.20208020     -0.08891953      1.76742927      0.00013200
    0.22111654     -0.08905268      1.76783832      0.00015156
    0.10007026     -0.09763529      1.79452737      0.00014253
    0.74948659     -0.08256315      1.74804241      0.00014951
    0.07933864     -0.09743164      1.79363804      0.00018318
    0.04006270     -0.09774542      1.79458502      0.00014132
    0.14206381     -0.08914579      1.76770247      0.00013157
   -0.25947674     -0.07586766      1.73908595      0.00014930
    0.16109861     -0.08925894      1.76818150      0.00015151
   -0.27898740     -0.00970701      1.70503235      0.00013663
   -0.26033385     -0.09010436      1.76155256      0.00014735
    0.02021270     -0.09774564      1.79443690      0.00014758
    0.00021177     -0.09780504      1.79444661      0.00014684
   -0.20996198     -0.09529675      1.77752873      0.00017172
   -0.18970866     -0.09520705      1.77787825      0.00015017
   -0.13116155     -0.09478974      1.77851129      0.00013008
   -0.15014288     -0.09477941      1.77784075      0.00014927
   -0.01978919     -0.09785457      1.79444766      0.00014707
   -0.03978929     -0.09792721      1.79444987      0.00014637
   -0.16990678     -0.09497353      1.77783292      0.00015568
   -0.05987530     -0.09796936      1.79435606      0.00015025
   -0.08028069     -0.09809803      1.79453339      0.00015027
    0.67743005     -0.09652999      1.78175972      0.00015704
    0.08204874     -0.08947882      1.76788511      0.00013122
   -0.30872155     -0.09175053      1.76508563      0.00016322
    0.10108231     -0.08956622      1.76842730      0.00015148
   -0.24011638     -0.00912824      1.70509570      0.00013453
    0.02071197     -0.09005981      1.76839266      0.00015556
    0.04085488     -0.09000327      1.76864604      0.00015822
    0.74982141     -0.05554247      1.72117912      0.00014664
   -0.03922531     -0.09064015      1.76846540      0.00015094
    0.00071716     -0.09025558      1.76843672      0.00015221
   -0.01930901     -0.09040291      1.76837614      0.00015378
    0.73884013     -0.02092733      1.70677908      0.00013304
   -0.09018802     -0.08408345      1.75288682      0.00014838
   -0.12876569     -0.08462983      1.75304028      0.00017832
   -0.05898040     -0.09085199      1.76851472      0.00014752
   -0.18911422     -0.08499897      1.75251875      0.00014698
   -0.14936471     -0.08460426      1.75253490      0.00015380
   -0.16936750     -0.08479667      1.75250194      0.00015325
   -0.27859764     -0.05050630      1.71806172      0.00016745
   -0.20813820     -0.08501341      1.75220165      0.00013212
    0.52895203     -0.09888319      1.79844813      0.00016989
   -0.24083050     -0.03304518      1.71029758      0.00011729
   -0.25982438     -0.00920030      1.70502946      0.00013500
   -0.25845028     -0.03329100      1.71025338      0.00011991
   -0.22096227     -0.00973519      1.70530484      0.00013714
    0.62078217     -0.07893892      1.74330227      0.00013995
    0.51884528     -0.09797418      1.79401011      0.00013426
   -0.31539006     -0.09892525      1.79281162      0.00013556
    0.50989325     -0.09909099      1.79956198      0.00013590
    0.74891650     -0.09960527      1.79959662      0.00013263
   -0.28621250     -0.06528576      1.72861170      0.00014356
   -0.28007361     -0.09048346      1.76230465      0.00015537
    0.75558317     -0.09896478      1.79309361      0.00012988
    0.56094624     -0.07972828      1.74566126      0.00019783
    0.46921636     -0.09880548      1.79864263      0.00016467
    0.73435497     -0.09604220      1.77796324      0.00014860
    0.45915660     -0.09782722      1.79431056      0.00013477
   -0.27538853     -0.08205465      1.74705873      0.00014159
    0.44994024     -0.09902174      1.79966793      0.00013323
    0.55211510     -0.09357716      1.77496908      0.00011424
    0.68492006     -0.09507215      1.77570784      0.00015092
   -0.23776861     -0.08317563      1.74894310      0.00016679
    0.75493843     -0.09537615      1.77517584      0.00014888
    0.41009841     -0.09896856      1.79963482      0.00013456
    0.49128605     -0.08721575      1.75968155      0.00013471
   -0.28224152     -0.08608387      1.75348961      0.00015560
    0.36920945     -0.09872214      1.79882055      0.00016004
   -0.29513722     -0.06340966      1.72697528      0.00014188
    0.35914770     -0.09768442      1.79461547      0.00013106
    0.43087022     -0.08694437      1.76047074      0.00013774
    0.34993825     -0.09896228      1.79979492      0.00012994
   -0.29496350     -0.07654185      1.73984320      0.00012602
    0.39125234     -0.08677210      1.76083283      0.00013201
    0.74959381     -0.03906303      1.71225666      0.00014050
    0.30921043     -0.09870590      1.79890149      0.00015781
   -0.29858322     -0.09094204      1.76328201      0.00013353
    0.29915871     -0.09765853      1.79475361      0.00012910
    0.28994828     -0.09895262      1.79985212      0.00012834
    0.24922003     -0.09870578      1.79896192      0.00015605
    0.33128860     -0.08663865      1.76139158      0.00013152
    0.23916793     -0.09766568      1.79487493      0.00012770
    0.22994790     -0.09895990      1.79991302      0.00012652
    0.75561322     -0.07696461      1.74062368      0.00012910
    0.18921607     -0.09872431      1.79902760      0.00015400
   -0.31045043     -0.05636908      1.72166824      0.00012189
    0.17916014     -0.09770221      1.79499248      0.00012605
    0.27105971     -0.08667152      1.76194760      0.00013251
    0.16994407     -0.09897790      1.79996487      0.00012488
   -0.29966499     -0.05635054      1.72162231      0.00015702
    0.12921220     -0.09875566      1.79907912      0.00015227
    0.11915260     -0.09776202      1.79508347      0.00012466
    0.10994041     -0.09900636      1.80000435      0.00012352
    0.21105457     -0.08679728      1.76234816      0.00013208
    0.06920879     -0.09880271      1.79911502      0.00015089
    0.05914575     -0.09785152      1.79514579      0.00012356
    0.04993696     -0.09904881      1.80003077      0.00012245
    0.75567153     -0.04711364      1.71615368      0.00012737
    0.15104163     -0.08704118      1.76264841      0.00013176
    0.01008697     -0.09904903      1.79988265      0.00012677
   -0.02991399     -0.09909855      1.79988370      0.00012642
   -0.14016871     -0.09617978      1.78370482      0.00012840
   -0.17993582     -0.09652609      1.78363167      0.00013131
   -0.22023142     -0.09678641      1.78331902      0.00014822
   -0.07000000     -0.09914071      1.79978989      0.00012891
   -0.29871705     -0.09897997      1.79378560      0.00012218
    0.09103008     -0.08740118      1.76284917      0.00013153
   -0.25057588     -0.09261150      1.76752111      0.00012769
    0.73968115     -0.04269859      1.71401166      0.00015150
    0.03080928     -0.08788610      1.76299286      0.00013393
    0.74084752     -0.09760795      1.78470982      0.00012192
   -0.26876865     -0.07208764      1.73472326      0.00011993
   -0.00921029     -0.08825426      1.76299007      0.00013235
   -0.04927751     -0.08870791      1.76306819      0.00013463
   -0.09946654     -0.08113979      1.74757751      0.00012266
   -0.10892063     -0.08377687      1.75173189      0.00011713
   -0.11870435     -0.08164549      1.74815020      0.00014593
   -0.29759018     -0.01084441      1.70512646      0.00013980
    0.73825118     -0.01045893      1.70505843      0.00012219
   -0.15929913     -0.08171560      1.74748390      0.00013160
   -0.19905865     -0.08211260      1.74753486      0.00013013
    0.66725153     -0.09507920      1.77620104      0.00015218
   -0.07785299     -0.09157059      1.76995573      0.00012084
   -0.22653820     -0.08570065      1.75323927      0.00014382
   -0.24522744     -0.08620604      1.75395494      0.00013392
   -0.09183641     -0.09408187      1.77753405      0.00013555
   -0.30944815     -0.09730800      1.78267431      0.00012673
    0.53947379     -0.08975365      1.76453665      0.00013348
   -0.29944180     -0.09736271      1.78364828      0.00013034
   -0.26983602     -0.00371351      1.70436484      0.00011194
   -0.23012802     -0.00364145      1.70443108      0.00011001
   -0.24955489     -0.03834179      1.71204819      0.00011462
    0.73924242     -0.09905396      1.79427486      0.00011401
   -0.30086756     -0.07068297      1.73356099      0.00011262
   -0.29354423     -0.08637511      1.75402154      0.00012744
    0.75052159     -0.09751877      1.78352857      0.00011089
   -0.24212373     -0.09071402      1.76305149      0.00012177
